id,edad,genero,tipo_ocupacion,tipo_vivienda,nivel_ahorro,saldo_categoria,saldo_cuenta_cop,monto_credito_cop,plazo_meses,proposito_credito,estado_pago_previo,riesgo
1,37.0,F,formal_no_calificado,arrendada,bajo,medio,,5494000.0,51.0,electrodomesticos,mora_severa,bueno
2,42.0,F,formal_no_calificado,arrendada,bajo,sin_cuenta,0.0,9976000.0,,remodelacion,mora_severa,bueno
3,,M,informal,arrendada,bajo,alto,3729000.0,3585000.0,27.0,libre_inversion,mora_severa,bueno
4,33.0,M,informal,familiar,bajo,sin_cuenta,0.0,2670000.0,9.0,vehiculo,mora_severa,malo
5,44.0,M,alta_calificacion,familiar,bajo,medio,326000.0,1584000.0,18.0,educacion,sin_creditos_previos,bueno
6,34.0,M,,propia,bajo,medio,318000.0,5675000.0,36.0,libre_inversion,al_dia,bueno
7,39.0,M,formal_no_calificado,arrendada,bajo,sin_cuenta,0.0,,33.0,vehiculo,al_dia,malo
8,37.0,M,alta_calificacion,arrendada,bajo,bajo,91000.0,5277000.0,12.0,vehiculo,al_dia,bueno
9,44.0,F,informal,familiar,alto,sin_cuenta,0.0,3087000.0,18.0,electrodomesticos,al_dia,bueno
10,31.0,F,formal_calificado,arrendada,bajo,bajo,150000.0,10867000.0,33.0,libre_inversion,al_dia,bueno
11,50.0,F,formal_no_calificado,propia,bajo,bajo,274000.0,11811000.0,18.0,negocio,mora_severa,bueno
12,29.0,F,formal_calificado,propia,bajo,medio,474000.0,2969000.0,15.0,educacion,al_dia,bueno
13,39.0,F,formal_calificado,propia,bajo,bajo,,1262000.0,9.0,libre_inversion,al_dia,bueno
14,39.0,F,formal_no_calificado,propia,bajo,sin_cuenta,0.0,7452000.0,18.0,vehiculo,mora_severa,malo
15,28.0,F,formal_calificado,propia,bajo,sin_cuenta,0.0,5991000.0,39.0,libre_inversion,al_dia,malo
16,,F,informal,propia,bajo,sin_cuenta,0.0,5014000.0,36.0,libre_inversion,al_dia,bueno
17,32.0,F,formal_calificado,familiar,bajo,bajo,253000.0,6865000.0,21.0,vehiculo,al_dia,malo
18,26.0,F,informal,propia,,medio,722000.0,5248000.0,21.0,vehiculo,sin_creditos_previos,bueno
19,42.0,F,informal,propia,alto,medio,839000.0,9405000.0,27.0,electrodomesticos,al_dia,bueno
20,24.0,M,formal_calificado,arrendada,medio,bajo,,3527000.0,21.0,libre_inversion,al_dia,bueno
21,27.0,M,formal_calificado,propia,alto,alto,4000000.0,6821000.0,21.0,vehiculo,al_dia,bueno
22,34.0,M,formal_calificado,arrendada,bajo,sin_cuenta,0.0,1608000.0,6.0,otros,al_dia,bueno
23,44.0,M,informal,familiar,alto,alto,1614000.0,7837000.0,9.0,negocio,al_dia,bueno
24,41.0,M,informal,propia,medio,sin_cuenta,0.0,4077000.0,24.0,libre_inversion,mora_severa,bueno
25,36.0,M,formal_no_calificado,arrendada,bajo,sin_cuenta,0.0,1008000.0,18.0,electrodomesticos,sin_creditos_previos,bueno
26,22.0,M,formal_calificado,propia,,medio,488000.0,3327000.0,,libre_inversion,mora_severa,malo
27,29.0,F,alta_calificacion,arrendada,bajo,bajo,366000.0,1438000.0,15.0,educacion,mora_severa,bueno
28,30.0,M,formal_calificado,arrendada,bajo,medio,468000.0,,39.0,negocio,al_dia,bueno
29,26.0,M,formal_no_calificado,propia,medio,medio,375000.0,11906000.0,27.0,remodelacion,mora_severa,bueno
30,21.0,M,formal_calificado,arrendada,bajo,sin_cuenta,0.0,3614000.0,24.0,remodelacion,al_dia,bueno
31,35.0,M,informal,arrendada,bajo,sin_cuenta,0.0,,9.0,negocio,sin_creditos_previos,malo
32,42.0,F,alta_calificacion,propia,bajo,bajo,224000.0,6785000.0,24.0,libre_inversion,al_dia,bueno
33,30.0,F,formal_no_calificado,propia,bajo,bajo,408000.0,11890000.0,63.0,remodelacion,mora_severa,malo
34,44.0,M,informal,arrendada,bajo,bajo,,2145000.0,6.0,libre_inversion,mora_severa,bueno
35,23.0,M,formal_no_calificado,propia,bajo,sin_cuenta,0.0,4914000.0,30.0,libre_inversion,mora_severa,malo
36,25.0,M,formal_calificado,arrendada,muy_alto,sin_cuenta,0.0,5426000.0,18.0,remodelacion,al_dia,bueno
37,35.0,F,informal,familiar,bajo,bajo,144000.0,1670000.0,18.0,libre_inversion,al_dia,bueno
38,29.0,F,informal,arrendada,bajo,sin_cuenta,0.0,3953000.0,33.0,libre_inversion,al_dia,malo
39,41.0,F,formal_calificado,propia,bajo,bajo,163000.0,2151000.0,12.0,libre_inversion,mora_severa,bueno
40,38.0,M,alta_calificacion,arrendada,medio,sin_cuenta,0.0,2171000.0,15.0,otros,al_dia,bueno
41,30.0,F,formal_no_calificado,arrendada,medio,medio,789000.0,9384000.0,15.0,libre_inversion,al_dia,bueno
42,24.0,F,informal,arrendada,medio,bajo,,6556000.0,12.0,vehiculo,mora_severa,bueno
43,29.0,F,formal_no_calificado,familiar,alto,sin_cuenta,0.0,4617000.0,15.0,libre_inversion,mora_severa,malo
44,39.0,M,informal,arrendada,bajo,medio,,1959000.0,12.0,otros,al_dia,bueno
45,41.0,M,informal,propia,bajo,bajo,89000.0,1792000.0,,libre_inversion,al_dia,bueno
46,29.0,M,informal,propia,bajo,bajo,,8669000.0,30.0,electrodomesticos,al_dia,bueno
47,21.0,M,formal_no_calificado,familiar,,sin_cuenta,0.0,1899000.0,12.0,vehiculo,al_dia,bueno
48,23.0,F,informal,arrendada,,bajo,243000.0,3582000.0,21.0,remodelacion,al_dia,bueno
49,38.0,M,informal,familiar,bajo,medio,984000.0,7082000.0,18.0,negocio,al_dia,bueno
50,29.0,M,informal,arrendada,bajo,sin_cuenta,0.0,11752000.0,18.0,libre_inversion,al_dia,bueno
51,30.0,F,formal_no_calificado,familiar,bajo,bajo,174000.0,4045000.0,9.0,libre_inversion,al_dia,bueno
52,25.0,M,informal,arrendada,bajo,sin_cuenta,0.0,14249000.0,33.0,vehiculo,sin_creditos_previos,bueno
53,25.0,F,informal,familiar,muy_alto,bajo,307000.0,29194000.0,33.0,vehiculo,mora_severa,malo
54,44.0,F,formal_no_calificado,familiar,bajo,bajo,,4289000.0,18.0,negocio,mora_leve,bueno
55,,F,formal_calificado,familiar,alto,sin_cuenta,0.0,6266000.0,27.0,libre_inversion,mora_severa,malo
56,28.0,F,formal_calificado,familiar,bajo,sin_cuenta,0.0,7305000.0,12.0,negocio,mora_severa,bueno
57,34.0,M,formal_no_calificado,arrendada,medio,bajo,129000.0,2898000.0,30.0,libre_inversion,mora_severa,malo
58,36.0,M,formal_calificado,arrendada,bajo,bajo,80000.0,2131000.0,9.0,libre_inversion,al_dia,bueno
59,57.0,F,formal_calificado,arrendada,bajo,medio,641000.0,2429000.0,9.0,educacion,al_dia,bueno
60,25.0,M,formal_no_calificado,arrendada,bajo,medio,290000.0,,18.0,educacion,al_dia,bueno
61,36.0,M,formal_no_calificado,arrendada,bajo,medio,493000.0,5044000.0,45.0,libre_inversion,mora_leve,malo
62,44.0,F,informal,arrendada,medio,medio,957000.0,1983000.0,9.0,otros,mora_leve,bueno
63,54.0,M,informal,arrendada,bajo,sin_cuenta,0.0,1395000.0,6.0,libre_inversion,al_dia,bueno
64,,M,informal,arrendada,bajo,medio,,6787000.0,30.0,negocio,mora_leve,bueno
65,29.0,M,informal,familiar,bajo,alto,1804000.0,4880000.0,18.0,libre_inversion,mora_severa,malo
66,41.0,M,alta_calificacion,arrendada,bajo,bajo,,7533000.0,21.0,libre_inversion,al_dia,bueno
67,22.0,F,informal,arrendada,bajo,bajo,,3269000.0,15.0,negocio,al_dia,bueno
68,37.0,M,formal_no_calificado,familiar,bajo,sin_cuenta,0.0,5721000.0,24.0,libre_inversion,al_dia,bueno
69,65.0,M,alta_calificacion,arrendada,bajo,sin_cuenta,0.0,6836000.0,27.0,electrodomesticos,mora_severa,bueno
70,38.0,M,formal_no_calificado,arrendada,bajo,sin_cuenta,0.0,3808000.0,9.0,educacion,mora_severa,malo
71,20.0,F,informal,arrendada,bajo,sin_cuenta,0.0,1129000.0,6.0,libre_inversion,mora_severa,bueno
72,26.0,M,alta_calificacion,arrendada,bajo,bajo,364000.0,3266000.0,9.0,educacion,mora_leve,bueno
73,28.0,M,informal,arrendada,muy_alto,bajo,80000.0,1475000.0,12.0,electrodomesticos,mora_severa,bueno
74,47.0,F,informal,propia,bajo,sin_cuenta,0.0,4259000.0,15.0,libre_inversion,mora_severa,bueno
75,31.0,M,informal,propia,bajo,sin_cuenta,0.0,2437000.0,18.0,libre_inversion,al_dia,malo
76,21.0,F,informal,familiar,medio,sin_cuenta,0.0,2479000.0,27.0,libre_inversion,al_dia,bueno
77,33.0,M,formal_calificado,familiar,muy_alto,alto,2189000.0,5224000.0,12.0,vehiculo,mora_severa,bueno
78,34.0,M,informal,arrendada,medio,medio,570000.0,14684000.0,30.0,vehiculo,mora_severa,malo
79,28.0,M,formal_calificado,familiar,bajo,sin_cuenta,0.0,5584000.0,18.0,remodelacion,al_dia,bueno
80,25.0,F,informal,arrendada,medio,medio,699000.0,4713000.0,21.0,vehiculo,al_dia,bueno
81,68.0,M,alta_calificacion,propia,bajo,medio,1798000.0,968000.0,9.0,vehiculo,mora_severa,bueno
82,44.0,M,informal,arrendada,medio,medio,429000.0,3910000.0,12.0,educacion,al_dia,malo
83,45.0,M,alta_calificacion,propia,bajo,medio,559000.0,9978000.0,15.0,vehiculo,mora_severa,bueno
84,32.0,M,informal,propia,bajo,bajo,204000.0,,72.0,otros,sin_creditos_previos,malo
85,27.0,F,formal_calificado,familiar,medio,sin_cuenta,0.0,3095000.0,27.0,electrodomesticos,al_dia,bueno
86,29.0,F,formal_calificado,arrendada,bajo,medio,,2075000.0,18.0,otros,al_dia,bueno
87,23.0,M,formal_no_calificado,propia,bajo,medio,434000.0,4131000.0,12.0,negocio,al_dia,bueno
88,56.0,M,informal,arrendada,alto,sin_cuenta,0.0,28448000.0,48.0,vehiculo,al_dia,bueno
89,33.0,M,formal_no_calificado,arrendada,bajo,bajo,385000.0,4158000.0,,remodelacion,mora_severa,bueno
90,51.0,F,formal_no_calificado,arrendada,bajo,bajo,89000.0,1850000.0,12.0,libre_inversion,sin_creditos_previos,bueno
91,29.0,M,formal_no_calificado,propia,bajo,bajo,78000.0,1519000.0,9.0,electrodomesticos,mora_leve,bueno
92,38.0,M,formal_no_calificado,arrendada,bajo,bajo,67000.0,2895000.0,24.0,vehiculo,al_dia,malo
93,35.0,F,alta_calificacion,arrendada,bajo,sin_cuenta,0.0,3030000.0,15.0,electrodomesticos,al_dia,bueno
94,23.0,F,alta_calificacion,arrendada,bajo,bajo,,10085000.0,33.0,libre_inversion,mora_severa,bueno
95,59.0,M,formal_no_calificado,familiar,medio,sin_cuenta,0.0,2806000.0,9.0,negocio,mora_severa,bueno
96,29.0,M,,arrendada,bajo,sin_cuenta,0.0,4557000.0,30.0,libre_inversion,al_dia,bueno
97,24.0,F,informal,familiar,,bajo,,5425000.0,30.0,educacion,al_dia,malo
98,41.0,F,formal_calificado,familiar,medio,sin_cuenta,0.0,5292000.0,36.0,otros,mora_severa,bueno
99,33.0,M,alta_calificacion,propia,muy_alto,bajo,217000.0,2284000.0,12.0,libre_inversion,mora_severa,bueno
100,37.0,M,informal,propia,bajo,sin_cuenta,0.0,4664000.0,30.0,vehiculo,mora_severa,malo
101,34.0,M,informal,arrendada,bajo,bajo,143000.0,2483000.0,15.0,electrodomesticos,al_dia,bueno
102,20.0,M,informal,familiar,bajo,sin_cuenta,0.0,1359000.0,9.0,otros,mora_severa,bueno
103,26.0,M,informal,propia,medio,sin_cuenta,0.0,,18.0,negocio,sin_creditos_previos,bueno
104,26.0,F,alta_calificacion,propia,alto,medio,1079000.0,1604000.0,6.0,vehiculo,mora_severa,bueno
105,45.0,M,formal_calificado,arrendada,alto,bajo,480000.0,4321000.0,21.0,otros,al_dia,bueno
106,33.0,M,informal,familiar,bajo,bajo,261000.0,11166000.0,18.0,vehiculo,al_dia,malo
107,39.0,F,informal,propia,bajo,bajo,100000.0,3413000.0,9.0,vehiculo,sin_creditos_previos,bueno
108,30.0,M,informal,propia,bajo,sin_cuenta,0.0,1304000.0,21.0,electrodomesticos,al_dia,bueno
109,39.0,M,formal_no_calificado,propia,bajo,sin_cuenta,0.0,5614000.0,27.0,educacion,al_dia,bueno
110,32.0,F,formal_no_calificado,familiar,,sin_cuenta,0.0,3201000.0,15.0,libre_inversion,al_dia,bueno
111,31.0,M,informal,arrendada,medio,medio,741000.0,2527000.0,12.0,educacion,al_dia,bueno
112,35.0,F,,arrendada,medio,bajo,136000.0,3147000.0,24.0,libre_inversion,mora_severa,bueno
113,34.0,M,formal_calificado,familiar,alto,medio,529000.0,7036000.0,39.0,libre_inversion,al_dia,malo
114,75.0,M,formal_calificado,arrendada,bajo,medio,766000.0,3898000.0,15.0,otros,al_dia,bueno
115,26.0,F,formal_no_calificado,familiar,bajo,sin_cuenta,0.0,9378000.0,51.0,remodelacion,al_dia,malo
116,22.0,M,formal_no_calificado,propia,bajo,medio,551000.0,20337000.0,33.0,vehiculo,al_dia,bueno
117,37.0,M,alta_calificacion,propia,medio,medio,2067000.0,2361000.0,15.0,educacion,al_dia,bueno
118,27.0,M,formal_calificado,arrendada,bajo,bajo,261000.0,2505000.0,12.0,vehiculo,al_dia,bueno
119,20.0,F,alta_calificacion,propia,bajo,bajo,86000.0,4065000.0,24.0,libre_inversion,mora_leve,bueno
120,24.0,M,informal,familiar,bajo,bajo,331000.0,514000.0,9.0,electrodomesticos,al_dia,bueno
121,70.0,F,informal,arrendada,bajo,sin_cuenta,0.0,1609000.0,9.0,otros,al_dia,bueno
122,26.0,F,informal,propia,bajo,sin_cuenta,0.0,2481000.0,15.0,libre_inversion,sin_creditos_previos,bueno
123,21.0,M,formal_calificado,arrendada,muy_alto,sin_cuenta,0.0,4006000.0,,libre_inversion,mora_severa,malo
124,68.0,M,formal_calificado,arrendada,bajo,sin_cuenta,0.0,4076000.0,45.0,educacion,sin_creditos_previos,malo
125,24.0,M,informal,arrendada,bajo,sin_cuenta,0.0,13916000.0,30.0,vehiculo,mora_leve,malo
126,75.0,F,alta_calificacion,propia,bajo,sin_cuenta,0.0,10443000.0,30.0,vehiculo,al_dia,bueno
127,30.0,M,alta_calificacion,familiar,medio,alto,2522000.0,6729000.0,24.0,electrodomesticos,mora_leve,malo
128,59.0,F,informal,arrendada,bajo,sin_cuenta,0.0,4200000.0,15.0,negocio,sin_creditos_previos,malo
129,31.0,M,formal_no_calificado,familiar,bajo,alto,3116000.0,3405000.0,15.0,libre_inversion,al_dia,bueno
130,38.0,M,formal_no_calificado,arrendada,bajo,bajo,140000.0,6108000.0,24.0,libre_inversion,mora_severa,bueno
131,32.0,F,informal,arrendada,bajo,sin_cuenta,0.0,500000.0,9.0,electrodomesticos,al_dia,bueno
132,31.0,M,formal_calificado,propia,bajo,sin_cuenta,0.0,5216000.0,9.0,vehiculo,al_dia,bueno
133,37.0,M,informal,arrendada,medio,sin_cuenta,0.0,4771000.0,27.0,libre_inversion,al_dia,bueno
134,39.0,F,formal_calificado,propia,medio,sin_cuenta,0.0,,24.0,electrodomesticos,al_dia,bueno
135,35.0,F,formal_calificado,familiar,bajo,sin_cuenta,0.0,1214000.0,9.0,electrodomesticos,sin_creditos_previos,bueno
136,34.0,M,formal_calificado,propia,bajo,medio,,2151000.0,9.0,electrodomesticos,al_dia,bueno
137,,M,formal_calificado,propia,bajo,sin_cuenta,0.0,2634000.0,9.0,vehiculo,mora_severa,bueno
138,32.0,M,informal,arrendada,bajo,bajo,,5324000.0,27.0,libre_inversion,al_dia,bueno
139,56.0,F,informal,arrendada,bajo,bajo,,4151000.0,33.0,vehiculo,al_dia,bueno
140,26.0,M,formal_calificado,arrendada,medio,bajo,119000.0,1873000.0,9.0,negocio,al_dia,bueno
141,36.0,F,informal,arrendada,bajo,alto,1725000.0,6470000.0,21.0,remodelacion,mora_severa,bueno
142,49.0,F,formal_calificado,arrendada,bajo,bajo,108000.0,5089000.0,9.0,vehiculo,al_dia,bueno
143,39.0,F,informal,familiar,bajo,sin_cuenta,0.0,8548000.0,36.0,remodelacion,al_dia,malo
144,45.0,M,informal,arrendada,bajo,alto,1943000.0,2770000.0,6.0,vehiculo,al_dia,bueno
145,24.0,M,formal_no_calificado,arrendada,bajo,alto,4940000.0,5188000.0,21.0,negocio,mora_leve,bueno
146,36.0,M,formal_calificado,familiar,bajo,medio,511000.0,3402000.0,15.0,remodelacion,mora_severa,malo
147,30.0,M,formal_no_calificado,propia,medio,medio,520000.0,1084000.0,9.0,libre_inversion,al_dia,bueno
148,31.0,M,formal_no_calificado,propia,bajo,bajo,460000.0,1418000.0,9.0,libre_inversion,al_dia,bueno
149,54.0,F,,propia,,bajo,136000.0,1762000.0,9.0,libre_inversion,al_dia,bueno
150,31.0,M,formal_calificado,arrendada,alto,sin_cuenta,0.0,1391000.0,15.0,libre_inversion,al_dia,bueno
151,36.0,M,formal_no_calificado,arrendada,bajo,bajo,1033000.0,5095000.0,12.0,electrodomesticos,al_dia,malo
152,21.0,M,formal_no_calificado,propia,medio,medio,555000.0,,18.0,libre_inversion,mora_severa,bueno
153,59.0,F,informal,propia,bajo,sin_cuenta,0.0,10563000.0,45.0,remodelacion,al_dia,bueno
154,44.0,M,formal_no_calificado,propia,bajo,bajo,178000.0,2194000.0,30.0,electrodomesticos,al_dia,bueno
155,32.0,F,informal,arrendada,bajo,medio,1082000.0,1224000.0,27.0,libre_inversion,sin_creditos_previos,bueno
156,30.0,F,formal_no_calificado,propia,medio,sin_cuenta,0.0,11337000.0,27.0,libre_inversion,sin_creditos_previos,malo
157,40.0,M,informal,arrendada,medio,bajo,98000.0,4654000.0,24.0,libre_inversion,mora_severa,bueno
158,49.0,F,formal_calificado,familiar,,medio,467000.0,1556000.0,33.0,electrodomesticos,mora_severa,bueno
159,60.0,M,formal_calificado,arrendada,bajo,sin_cuenta,0.0,1021000.0,12.0,electrodomesticos,al_dia,bueno
160,44.0,M,formal_no_calificado,familiar,bajo,sin_cuenta,0.0,20771000.0,24.0,vehiculo,mora_severa,malo
161,34.0,M,formal_calificado,familiar,bajo,sin_cuenta,0.0,1524000.0,6.0,libre_inversion,mora_severa,malo
162,46.0,M,formal_no_calificado,arrendada,bajo,sin_cuenta,0.0,1354000.0,27.0,otros,mora_severa,malo
163,43.0,F,informal,arrendada,,bajo,63000.0,4699000.0,18.0,vehiculo,al_dia,bueno
164,34.0,F,formal_calificado,familiar,bajo,medio,783000.0,5485000.0,18.0,vehiculo,al_dia,bueno
165,42.0,M,alta_calificacion,arrendada,bajo,sin_cuenta,0.0,3961000.0,9.0,vehiculo,mora_severa,bueno
166,42.0,F,informal,arrendada,bajo,bajo,,1778000.0,9.0,libre_inversion,al_dia,bueno
167,32.0,M,informal,propia,bajo,sin_cuenta,0.0,1491000.0,15.0,remodelacion,al_dia,bueno
168,28.0,M,formal_no_calificado,arrendada,muy_alto,medio,678000.0,2975000.0,18.0,remodelacion,al_dia,malo
169,41.0,F,informal,familiar,bajo,sin_cuenta,0.0,3658000.0,30.0,libre_inversion,mora_severa,bueno
170,25.0,M,formal_no_calificado,arrendada,alto,medio,947000.0,8721000.0,33.0,libre_inversion,mora_severa,bueno
171,24.0,F,formal_no_calificado,arrendada,,sin_cuenta,0.0,3059000.0,30.0,electrodomesticos,mora_severa,bueno
172,37.0,M,formal_calificado,arrendada,bajo,medio,554000.0,5915000.0,24.0,vehiculo,al_dia,bueno
173,40.0,F,informal,familiar,bajo,bajo,145000.0,1429000.0,9.0,otros,mora_severa,bueno
174,38.0,M,formal_no_calificado,arrendada,alto,alto,,1621000.0,18.0,electrodomesticos,mora_severa,bueno
175,38.0,M,formal_calificado,arrendada,bajo,bajo,267000.0,22911000.0,39.0,negocio,mora_severa,malo
176,40.0,F,informal,propia,bajo,medio,713000.0,13959000.0,45.0,libre_inversion,al_dia,malo
177,54.0,M,formal_no_calificado,arrendada,,bajo,656000.0,2180000.0,9.0,electrodomesticos,al_dia,bueno
178,44.0,M,informal,familiar,bajo,sin_cuenta,0.0,2815000.0,15.0,vehiculo,mora_severa,bueno
179,43.0,F,informal,propia,medio,medio,558000.0,8236000.0,42.0,otros,al_dia,bueno
180,36.0,M,formal_no_calificado,familiar,alto,sin_cuenta,0.0,6261000.0,33.0,electrodomesticos,al_dia,bueno
181,36.0,M,informal,propia,bajo,medio,347000.0,2474000.0,18.0,remodelacion,al_dia,malo
182,32.0,M,formal_calificado,familiar,bajo,sin_cuenta,0.0,2300000.0,21.0,libre_inversion,mora_severa,malo
183,37.0,F,formal_no_calificado,arrendada,bajo,medio,1439000.0,2004000.0,24.0,electrodomesticos,sin_creditos_previos,bueno
184,24.0,F,formal_calificado,arrendada,bajo,bajo,243000.0,2175000.0,33.0,electrodomesticos,al_dia,bueno
185,,F,formal_calificado,arrendada,bajo,bajo,199000.0,10036000.0,33.0,libre_inversion,mora_severa,bueno
186,26.0,F,informal,arrendada,,medio,393000.0,5020000.0,15.0,educacion,al_dia,bueno
187,44.0,M,informal,arrendada,bajo,medio,459000.0,10702000.0,39.0,vehiculo,al_dia,bueno
188,52.0,M,formal_calificado,propia,medio,medio,373000.0,5275000.0,42.0,electrodomesticos,mora_severa,bueno
189,44.0,M,informal,propia,bajo,bajo,340000.0,3650000.0,15.0,vehiculo,al_dia,bueno
190,73.0,F,informal,propia,medio,bajo,264000.0,26594000.0,42.0,remodelacion,al_dia,malo
191,20.0,M,informal,arrendada,medio,medio,745000.0,2363000.0,15.0,libre_inversion,al_dia,bueno
192,29.0,F,formal_calificado,arrendada,alto,sin_cuenta,0.0,2786000.0,27.0,electrodomesticos,mora_severa,bueno
193,51.0,F,informal,propia,muy_alto,sin_cuenta,0.0,12162000.0,45.0,negocio,sin_creditos_previos,malo
194,23.0,F,informal,arrendada,bajo,medio,459000.0,3591000.0,36.0,libre_inversion,mora_leve,bueno
195,26.0,M,formal_no_calificado,propia,bajo,bajo,76000.0,4173000.0,12.0,negocio,mora_leve,malo
196,39.0,M,formal_calificado,propia,medio,medio,1374000.0,13896000.0,24.0,negocio,al_dia,bueno
197,34.0,F,informal,arrendada,medio,alto,1552000.0,4671000.0,27.0,libre_inversion,al_dia,bueno
198,38.0,F,formal_calificado,arrendada,bajo,medio,801000.0,5818000.0,21.0,libre_inversion,al_dia,bueno
199,35.0,M,formal_no_calificado,propia,,bajo,362000.0,1032000.0,12.0,educacion,sin_creditos_previos,bueno
200,36.0,F,informal,familiar,,medio,513000.0,,12.0,otros,mora_severa,bueno
201,27.0,F,,arrendada,bajo,sin_cuenta,0.0,3609000.0,18.0,libre_inversion,mora_severa,bueno
202,35.0,M,informal,arrendada,bajo,sin_cuenta,0.0,1175000.0,9.0,negocio,mora_severa,malo
203,29.0,F,informal,propia,bajo,medio,362000.0,5289000.0,24.0,libre_inversion,mora_severa,bueno
204,,M,formal_calificado,arrendada,bajo,medio,562000.0,1821000.0,6.0,vehiculo,al_dia,bueno
205,44.0,F,informal,familiar,bajo,sin_cuenta,0.0,15785000.0,48.0,negocio,mora_severa,malo
206,23.0,M,alta_calificacion,arrendada,bajo,medio,795000.0,5359000.0,18.0,vehiculo,al_dia,bueno
207,19.0,M,informal,propia,,medio,582000.0,2401000.0,12.0,educacion,sin_creditos_previos,bueno
208,42.0,M,informal,arrendada,bajo,sin_cuenta,0.0,525000.0,9.0,libre_inversion,al_dia,malo
209,35.0,F,formal_no_calificado,arrendada,medio,sin_cuenta,0.0,6364000.0,33.0,vehiculo,sin_creditos_previos,malo
210,52.0,F,formal_calificado,propia,bajo,medio,553000.0,5206000.0,24.0,otros,mora_severa,bueno
211,26.0,M,informal,arrendada,medio,sin_cuenta,0.0,2024000.0,21.0,libre_inversion,mora_severa,bueno
212,,M,informal,propia,bajo,sin_cuenta,0.0,3320000.0,24.0,remodelacion,mora_severa,bueno
213,34.0,M,formal_no_calificado,familiar,bajo,bajo,158000.0,5789000.0,24.0,negocio,sin_creditos_previos,malo
214,28.0,M,informal,arrendada,bajo,medio,341000.0,4306000.0,24.0,educacion,sin_creditos_previos,bueno
215,26.0,F,formal_no_calificado,arrendada,bajo,medio,2051000.0,5743000.0,24.0,otros,al_dia,bueno
216,43.0,M,formal_calificado,familiar,bajo,medio,535000.0,5110000.0,27.0,otros,mora_severa,bueno
217,23.0,F,informal,arrendada,bajo,medio,280000.0,3322000.0,24.0,libre_inversion,al_dia,bueno
218,25.0,F,formal_calificado,propia,bajo,medio,331000.0,500000.0,6.0,electrodomesticos,mora_leve,bueno
219,32.0,M,informal,arrendada,bajo,bajo,,17110000.0,12.0,vehiculo,al_dia,bueno
220,45.0,M,formal_calificado,arrendada,alto,sin_cuenta,0.0,2775000.0,12.0,remodelacion,al_dia,bueno
221,28.0,F,alta_calificacion,arrendada,bajo,bajo,221000.0,3984000.0,12.0,educacion,al_dia,bueno
222,27.0,F,formal_no_calificado,familiar,bajo,bajo,333000.0,582000.0,9.0,libre_inversion,mora_severa,bueno
223,31.0,F,alta_calificacion,arrendada,muy_alto,sin_cuenta,0.0,3706000.0,21.0,educacion,mora_severa,bueno
224,37.0,M,formal_calificado,familiar,bajo,bajo,142000.0,7248000.0,27.0,vehiculo,al_dia,bueno
225,30.0,M,informal,propia,medio,sin_cuenta,0.0,1134000.0,6.0,remodelacion,al_dia,bueno
226,47.0,F,informal,propia,bajo,sin_cuenta,0.0,4461000.0,9.0,vehiculo,mora_severa,bueno
227,48.0,M,informal,propia,bajo,bajo,65000.0,2732000.0,9.0,vehiculo,mora_severa,malo
228,32.0,F,formal_no_calificado,arrendada,medio,sin_cuenta,0.0,1153000.0,6.0,remodelacion,al_dia,bueno
229,64.0,F,formal_no_calificado,propia,bajo,sin_cuenta,0.0,2415000.0,,electrodomesticos,mora_severa,malo
230,34.0,M,formal_no_calificado,propia,bajo,medio,494000.0,1928000.0,6.0,negocio,al_dia,bueno
231,47.0,M,formal_no_calificado,familiar,bajo,medio,1740000.0,2158000.0,18.0,educacion,sin_creditos_previos,bueno
232,37.0,M,formal_no_calificado,propia,bajo,medio,544000.0,9972000.0,21.0,negocio,mora_severa,bueno
233,37.0,F,informal,propia,bajo,sin_cuenta,0.0,2905000.0,18.0,educacion,mora_severa,malo
234,22.0,M,informal,propia,bajo,bajo,228000.0,5153000.0,18.0,negocio,al_dia,bueno
235,24.0,M,alta_calificacion,propia,bajo,medio,486000.0,6970000.0,18.0,libre_inversion,mora_leve,bueno
236,30.0,F,informal,propia,bajo,sin_cuenta,0.0,25513000.0,30.0,remodelacion,al_dia,bueno
237,48.0,F,informal,propia,muy_alto,sin_cuenta,0.0,9612000.0,42.0,libre_inversion,al_dia,bueno
238,37.0,F,informal,propia,muy_alto,bajo,292000.0,1241000.0,21.0,electrodomesticos,mora_severa,bueno
239,30.0,F,alta_calificacion,familiar,medio,bajo,117000.0,3216000.0,12.0,negocio,mora_severa,bueno
240,41.0,M,informal,arrendada,medio,sin_cuenta,0.0,4645000.0,9.0,remodelacion,al_dia,bueno
241,47.0,F,,arrendada,alto,sin_cuenta,0.0,768000.0,6.0,electrodomesticos,mora_severa,bueno
242,33.0,F,informal,arrendada,bajo,bajo,144000.0,11450000.0,36.0,remodelacion,al_dia,bueno
243,36.0,M,informal,arrendada,bajo,bajo,43000.0,4261000.0,15.0,libre_inversion,al_dia,malo
244,34.0,M,formal_calificado,familiar,bajo,bajo,148000.0,1885000.0,15.0,otros,mora_severa,bueno
245,32.0,M,formal_no_calificado,arrendada,bajo,alto,2082000.0,8395000.0,18.0,libre_inversion,al_dia,bueno
246,26.0,F,formal_calificado,propia,medio,sin_cuenta,0.0,3548000.0,15.0,libre_inversion,al_dia,bueno
247,26.0,F,informal,propia,bajo,medio,950000.0,,21.0,libre_inversion,mora_severa,malo
248,40.0,M,alta_calificacion,propia,bajo,sin_cuenta,0.0,3345000.0,21.0,otros,al_dia,bueno
249,48.0,F,formal_no_calificado,familiar,medio,medio,989000.0,4529000.0,24.0,vehiculo,sin_creditos_previos,bueno
250,30.0,M,alta_calificacion,arrendada,bajo,medio,858000.0,868000.0,9.0,electrodomesticos,al_dia,bueno
251,30.0,F,informal,propia,,bajo,77000.0,1302000.0,6.0,vehiculo,al_dia,bueno
252,21.0,F,informal,propia,muy_alto,bajo,222000.0,16315000.0,30.0,libre_inversion,mora_severa,bueno
253,20.0,M,informal,familiar,,medio,657000.0,4722000.0,15.0,libre_inversion,al_dia,bueno
254,52.0,M,formal_calificado,arrendada,bajo,medio,325000.0,1460000.0,12.0,libre_inversion,al_dia,bueno
255,27.0,F,formal_calificado,propia,bajo,sin_cuenta,0.0,9390000.0,30.0,electrodomesticos,mora_severa,malo
256,75.0,F,formal_no_calificado,familiar,bajo,sin_cuenta,0.0,4457000.0,12.0,libre_inversion,al_dia,bueno
257,28.0,M,informal,arrendada,alto,medio,395000.0,3007000.0,12.0,vehiculo,sin_creditos_previos,bueno
258,22.0,F,informal,arrendada,,bajo,199000.0,5220000.0,12.0,vehiculo,mora_severa,bueno
259,34.0,M,informal,arrendada,bajo,sin_cuenta,0.0,1200000.0,12.0,electrodomesticos,mora_severa,bueno
260,43.0,M,formal_calificado,arrendada,bajo,alto,2296000.0,5958000.0,12.0,negocio,mora_severa,malo
261,41.0,F,informal,propia,bajo,alto,869000.0,6389000.0,27.0,libre_inversion,mora_leve,bueno
262,45.0,M,informal,familiar,bajo,bajo,164000.0,4152000.0,39.0,electrodomesticos,al_dia,bueno
263,25.0,F,informal,arrendada,bajo,bajo,360000.0,998000.0,9.0,libre_inversion,mora_severa,malo
264,52.0,F,,arrendada,,sin_cuenta,0.0,5247000.0,18.0,negocio,al_dia,bueno
265,53.0,M,alta_calificacion,arrendada,medio,bajo,188000.0,4636000.0,12.0,negocio,mora_severa,malo
266,54.0,M,informal,familiar,bajo,alto,1679000.0,11303000.0,33.0,libre_inversion,mora_severa,bueno
267,36.0,M,alta_calificacion,propia,bajo,sin_cuenta,0.0,5366000.0,21.0,libre_inversion,mora_severa,malo
268,30.0,M,formal_calificado,propia,bajo,sin_cuenta,0.0,5330000.0,18.0,libre_inversion,al_dia,bueno
269,30.0,F,formal_no_calificado,arrendada,medio,medio,249000.0,3562000.0,27.0,libre_inversion,mora_severa,malo
270,22.0,M,formal_no_calificado,propia,bajo,sin_cuenta,0.0,2211000.0,30.0,libre_inversion,sin_creditos_previos,bueno
271,28.0,F,formal_calificado,arrendada,bajo,alto,2819000.0,2288000.0,27.0,libre_inversion,sin_creditos_previos,bueno
272,19.0,M,formal_calificado,arrendada,bajo,sin_cuenta,0.0,4420000.0,27.0,libre_inversion,mora_severa,malo
273,21.0,M,informal,propia,bajo,sin_cuenta,0.0,5364000.0,42.0,libre_inversion,mora_severa,bueno
274,36.0,F,formal_calificado,propia,muy_alto,alto,7295000.0,7415000.0,24.0,vehiculo,al_dia,bueno
275,31.0,M,informal,arrendada,medio,sin_cuenta,0.0,3313000.0,12.0,libre_inversion,al_dia,malo
276,35.0,F,informal,propia,bajo,medio,538000.0,9295000.0,21.0,vehiculo,mora_severa,bueno
277,42.0,F,informal,propia,bajo,sin_cuenta,0.0,1511000.0,15.0,negocio,mora_severa,malo
278,37.0,F,formal_calificado,arrendada,bajo,medio,473000.0,41893000.0,39.0,vehiculo,al_dia,bueno
279,36.0,M,informal,propia,bajo,sin_cuenta,0.0,3486000.0,15.0,libre_inversion,mora_severa,bueno
280,32.0,M,informal,arrendada,bajo,medio,447000.0,5212000.0,15.0,negocio,al_dia,bueno
281,26.0,F,informal,familiar,bajo,alto,1595000.0,5575000.0,18.0,vehiculo,al_dia,bueno
282,23.0,M,informal,arrendada,bajo,sin_cuenta,0.0,3501000.0,21.0,libre_inversion,al_dia,bueno
283,28.0,F,informal,arrendada,bajo,sin_cuenta,0.0,4572000.0,,remodelacion,al_dia,bueno
284,32.0,F,formal_calificado,arrendada,bajo,medio,696000.0,1485000.0,12.0,libre_inversion,mora_leve,bueno
285,34.0,F,informal,familiar,bajo,alto,3467000.0,1910000.0,12.0,electrodomesticos,al_dia,bueno
286,45.0,F,alta_calificacion,familiar,bajo,sin_cuenta,0.0,16201000.0,39.0,educacion,al_dia,bueno
287,31.0,F,formal_calificado,familiar,bajo,alto,2451000.0,3492000.0,24.0,electrodomesticos,mora_severa,bueno
288,40.0,M,formal_calificado,propia,bajo,medio,416000.0,4080000.0,15.0,educacion,mora_severa,bueno
289,22.0,F,alta_calificacion,propia,bajo,medio,495000.0,2598000.0,15.0,vehiculo,sin_creditos_previos,bueno
290,36.0,F,,propia,muy_alto,sin_cuenta,0.0,3460000.0,12.0,libre_inversion,mora_severa,malo
291,35.0,M,formal_no_calificado,propia,bajo,bajo,183000.0,5980000.0,15.0,vehiculo,mora_severa,bueno
292,52.0,F,informal,propia,bajo,medio,457000.0,4796000.0,15.0,vehiculo,mora_severa,bueno
293,31.0,M,informal,familiar,bajo,medio,587000.0,10006000.0,33.0,remodelacion,al_dia,bueno
294,30.0,M,,propia,bajo,sin_cuenta,0.0,1212000.0,9.0,remodelacion,mora_severa,bueno
295,42.0,F,formal_calificado,propia,alto,bajo,197000.0,16136000.0,21.0,vehiculo,mora_severa,bueno
296,24.0,F,formal_calificado,familiar,bajo,medio,730000.0,27681000.0,24.0,negocio,al_dia,bueno
297,36.0,M,informal,familiar,medio,bajo,115000.0,1769000.0,12.0,libre_inversion,mora_severa,malo
298,24.0,F,formal_calificado,propia,bajo,bajo,295000.0,1910000.0,6.0,otros,al_dia,bueno
299,61.0,M,informal,propia,bajo,sin_cuenta,0.0,3732000.0,21.0,libre_inversion,mora_severa,malo
300,29.0,M,informal,familiar,,sin_cuenta,0.0,1529000.0,12.0,remodelacion,al_dia,bueno
301,23.0,M,informal,familiar,bajo,sin_cuenta,0.0,8535000.0,21.0,remodelacion,al_dia,bueno
302,28.0,F,formal_no_calificado,arrendada,bajo,bajo,94000.0,2462000.0,21.0,electrodomesticos,mora_leve,bueno
303,36.0,M,formal_no_calificado,arrendada,bajo,bajo,210000.0,8256000.0,30.0,educacion,al_dia,bueno
304,39.0,M,informal,arrendada,bajo,medio,285000.0,,30.0,electrodomesticos,mora_severa,malo
305,51.0,F,informal,arrendada,bajo,sin_cuenta,0.0,1612000.0,9.0,electrodomesticos,al_dia,malo
306,27.0,M,formal_no_calificado,propia,bajo,sin_cuenta,0.0,7842000.0,24.0,negocio,sin_creditos_previos,malo
307,43.0,M,formal_calificado,arrendada,bajo,medio,766000.0,2543000.0,,libre_inversion,al_dia,bueno
308,21.0,M,informal,familiar,medio,sin_cuenta,0.0,1795000.0,21.0,electrodomesticos,al_dia,bueno
309,25.0,F,,arrendada,bajo,alto,4395000.0,6106000.0,30.0,remodelacion,sin_creditos_previos,bueno
310,23.0,F,formal_no_calificado,propia,bajo,bajo,,3403000.0,12.0,vehiculo,mora_leve,bueno
311,26.0,F,formal_no_calificado,arrendada,bajo,alto,1512000.0,7714000.0,30.0,libre_inversion,al_dia,bueno
312,,M,informal,arrendada,bajo,medio,691000.0,2717000.0,24.0,libre_inversion,al_dia,bueno
313,29.0,M,alta_calificacion,propia,bajo,alto,4248000.0,844000.0,6.0,libre_inversion,mora_severa,bueno
314,29.0,F,formal_no_calificado,propia,,medio,752000.0,2481000.0,12.0,remodelacion,mora_leve,bueno
315,36.0,M,informal,propia,,sin_cuenta,0.0,4193000.0,18.0,remodelacion,al_dia,bueno
316,39.0,M,formal_calificado,familiar,bajo,medio,643000.0,1835000.0,,libre_inversion,mora_severa,bueno
317,29.0,M,formal_calificado,propia,bajo,sin_cuenta,0.0,2914000.0,24.0,electrodomesticos,al_dia,bueno
318,25.0,M,formal_calificado,familiar,bajo,bajo,,3875000.0,30.0,libre_inversion,sin_creditos_previos,bueno
319,57.0,M,formal_calificado,arrendada,bajo,sin_cuenta,0.0,6023000.0,27.0,otros,al_dia,bueno
320,29.0,F,informal,familiar,bajo,medio,729000.0,10268000.0,27.0,remodelacion,al_dia,bueno
321,30.0,M,formal_calificado,familiar,bajo,medio,475000.0,3356000.0,15.0,libre_inversion,mora_severa,bueno
322,31.0,F,,familiar,bajo,medio,762000.0,3451000.0,24.0,libre_inversion,mora_leve,bueno
323,40.0,M,formal_calificado,familiar,bajo,sin_cuenta,0.0,4917000.0,42.0,negocio,al_dia,bueno
324,22.0,F,informal,arrendada,bajo,alto,5082000.0,2745000.0,9.0,electrodomesticos,al_dia,bueno
325,67.0,F,informal,propia,bajo,medio,1121000.0,2850000.0,9.0,vehiculo,al_dia,bueno
326,30.0,F,informal,propia,bajo,sin_cuenta,0.0,,12.0,electrodomesticos,mora_leve,malo
327,41.0,M,formal_calificado,arrendada,bajo,sin_cuenta,0.0,12932000.0,18.0,vehiculo,mora_severa,malo
328,23.0,F,formal_no_calificado,propia,bajo,sin_cuenta,0.0,4085000.0,9.0,negocio,al_dia,bueno
329,35.0,M,formal_calificado,arrendada,bajo,sin_cuenta,0.0,,27.0,negocio,al_dia,bueno
330,62.0,F,informal,propia,bajo,bajo,73000.0,5204000.0,18.0,libre_inversion,mora_severa,bueno
331,58.0,F,informal,arrendada,bajo,sin_cuenta,0.0,3611000.0,18.0,remodelacion,mora_severa,bueno
332,40.0,F,formal_no_calificado,propia,bajo,bajo,87000.0,5122000.0,30.0,negocio,sin_creditos_previos,bueno
333,26.0,F,informal,propia,alto,medio,455000.0,2598000.0,9.0,libre_inversion,al_dia,bueno
334,50.0,F,formal_calificado,arrendada,medio,bajo,484000.0,3051000.0,21.0,negocio,mora_severa,bueno
335,21.0,F,alta_calificacion,arrendada,bajo,medio,464000.0,5754000.0,21.0,vehiculo,mora_severa,bueno
336,25.0,M,formal_no_calificado,familiar,bajo,sin_cuenta,0.0,8550000.0,36.0,vehiculo,al_dia,malo
337,32.0,M,informal,arrendada,alto,bajo,113000.0,11601000.0,54.0,otros,al_dia,malo
338,22.0,F,formal_no_calificado,arrendada,bajo,medio,845000.0,2314000.0,9.0,remodelacion,al_dia,bueno
339,28.0,F,alta_calificacion,propia,bajo,sin_cuenta,0.0,2145000.0,15.0,libre_inversion,al_dia,bueno
340,43.0,M,formal_no_calificado,propia,bajo,bajo,79000.0,702000.0,6.0,electrodomesticos,sin_creditos_previos,bueno
341,27.0,M,formal_calificado,arrendada,bajo,alto,5214000.0,5207000.0,9.0,remodelacion,al_dia,bueno
342,44.0,M,informal,propia,bajo,bajo,203000.0,5777000.0,39.0,remodelacion,sin_creditos_previos,bueno
343,74.0,M,formal_calificado,familiar,bajo,medio,440000.0,4651000.0,27.0,libre_inversion,mora_severa,bueno
344,,M,informal,familiar,bajo,alto,5160000.0,4424000.0,15.0,remodelacion,al_dia,bueno
345,43.0,M,formal_calificado,propia,bajo,sin_cuenta,0.0,5591000.0,18.0,negocio,al_dia,bueno
346,50.0,M,formal_calificado,arrendada,bajo,medio,402000.0,2627000.0,9.0,educacion,al_dia,bueno
347,29.0,F,formal_calificado,arrendada,bajo,bajo,32000.0,2992000.0,9.0,libre_inversion,al_dia,bueno
348,43.0,M,informal,propia,bajo,alto,2457000.0,6138000.0,18.0,otros,sin_creditos_previos,bueno
349,29.0,M,formal_calificado,arrendada,bajo,bajo,92000.0,2397000.0,12.0,libre_inversion,sin_creditos_previos,malo
350,,M,informal,arrendada,bajo,medio,753000.0,6778000.0,27.0,educacion,al_dia,bueno
351,45.0,M,formal_no_calificado,familiar,muy_alto,sin_cuenta,0.0,10720000.0,30.0,vehiculo,al_dia,malo
352,26.0,M,,propia,bajo,bajo,380000.0,1723000.0,15.0,otros,al_dia,bueno
353,19.0,M,formal_no_calificado,arrendada,bajo,medio,471000.0,6863000.0,21.0,negocio,mora_severa,malo
354,25.0,M,informal,propia,bajo,alto,3113000.0,2494000.0,18.0,negocio,al_dia,bueno
355,48.0,F,formal_calificado,propia,bajo,sin_cuenta,0.0,4113000.0,18.0,libre_inversion,mora_severa,bueno
356,25.0,M,formal_no_calificado,arrendada,bajo,sin_cuenta,0.0,2917000.0,39.0,educacion,al_dia,bueno
357,47.0,M,formal_no_calificado,arrendada,bajo,alto,1704000.0,1944000.0,9.0,vehiculo,al_dia,bueno
358,25.0,M,formal_no_calificado,arrendada,muy_alto,bajo,92000.0,17263000.0,36.0,vehiculo,al_dia,malo
359,31.0,M,formal_calificado,familiar,bajo,sin_cuenta,0.0,9893000.0,27.0,negocio,al_dia,bueno
360,33.0,M,informal,propia,bajo,bajo,139000.0,4602000.0,21.0,remodelacion,mora_leve,malo
361,25.0,M,informal,arrendada,alto,alto,577000.0,4766000.0,27.0,remodelacion,mora_severa,malo
362,31.0,M,formal_no_calificado,propia,bajo,alto,2555000.0,2297000.0,18.0,libre_inversion,al_dia,bueno
363,22.0,M,formal_calificado,familiar,bajo,sin_cuenta,0.0,1264000.0,12.0,electrodomesticos,mora_severa,malo
364,30.0,F,,propia,bajo,medio,1169000.0,3238000.0,12.0,libre_inversion,mora_severa,bueno
365,32.0,M,informal,propia,bajo,bajo,194000.0,4973000.0,30.0,libre_inversion,al_dia,bueno
366,20.0,M,alta_calificacion,arrendada,bajo,bajo,194000.0,1356000.0,21.0,otros,al_dia,bueno
367,25.0,M,formal_calificado,propia,medio,medio,462000.0,3253000.0,45.0,electrodomesticos,mora_severa,bueno
368,36.0,M,formal_no_calificado,arrendada,bajo,sin_cuenta,0.0,3461000.0,27.0,libre_inversion,mora_severa,malo
369,24.0,F,formal_calificado,familiar,bajo,bajo,118000.0,6112000.0,,vehiculo,al_dia,bueno
370,38.0,M,alta_calificacion,arrendada,bajo,sin_cuenta,0.0,2044000.0,12.0,libre_inversion,mora_severa,bueno
371,40.0,M,formal_no_calificado,arrendada,bajo,sin_cuenta,0.0,1766000.0,15.0,libre_inversion,mora_severa,bueno
372,36.0,F,informal,familiar,muy_alto,sin_cuenta,0.0,3462000.0,12.0,educacion,mora_severa,bueno
373,43.0,M,formal_no_calificado,arrendada,bajo,alto,,1787000.0,24.0,libre_inversion,mora_leve,bueno
374,22.0,M,alta_calificacion,propia,bajo,bajo,226000.0,,15.0,libre_inversion,al_dia,bueno
375,46.0,F,formal_calificado,familiar,bajo,medio,381000.0,3393000.0,12.0,libre_inversion,al_dia,bueno
376,,F,informal,arrendada,medio,sin_cuenta,0.0,12333000.0,45.0,remodelacion,mora_severa,malo
377,34.0,M,alta_calificacion,arrendada,,medio,596000.0,5403000.0,33.0,libre_inversion,al_dia,bueno
378,61.0,F,formal_calificado,arrendada,,bajo,388000.0,9293000.0,18.0,vehiculo,mora_leve,bueno
379,30.0,M,informal,propia,bajo,alto,3905000.0,6113000.0,18.0,negocio,al_dia,malo
380,33.0,F,alta_calificacion,familiar,bajo,sin_cuenta,0.0,3693000.0,27.0,electrodomesticos,al_dia,bueno
381,25.0,M,formal_calificado,propia,bajo,bajo,86000.0,4574000.0,18.0,libre_inversion,mora_severa,bueno
382,,F,formal_calificado,familiar,bajo,sin_cuenta,0.0,3389000.0,9.0,negocio,mora_severa,bueno
383,25.0,M,alta_calificacion,familiar,medio,sin_cuenta,0.0,3092000.0,12.0,electrodomesticos,al_dia,bueno
384,41.0,M,informal,familiar,alto,bajo,122000.0,4751000.0,18.0,negocio,mora_severa,malo
385,50.0,M,formal_calificado,propia,muy_alto,medio,759000.0,3077000.0,18.0,libre_inversion,al_dia,bueno
386,42.0,F,informal,arrendada,bajo,sin_cuenta,0.0,1332000.0,6.0,libre_inversion,al_dia,bueno
387,37.0,F,formal_calificado,propia,medio,medio,712000.0,5121000.0,27.0,libre_inversion,mora_leve,bueno
388,34.0,F,formal_calificado,propia,bajo,medio,803000.0,3030000.0,9.0,electrodomesticos,mora_leve,bueno
389,23.0,F,formal_calificado,propia,bajo,bajo,,3959000.0,9.0,vehiculo,mora_severa,bueno
390,59.0,M,formal_calificado,arrendada,alto,medio,441000.0,6913000.0,30.0,vehiculo,al_dia,bueno
391,36.0,F,formal_calificado,arrendada,medio,bajo,248000.0,2494000.0,15.0,vehiculo,mora_severa,bueno
392,32.0,M,informal,familiar,medio,alto,3675000.0,24166000.0,36.0,vehiculo,al_dia,malo
393,24.0,F,,propia,bajo,medio,1115000.0,8142000.0,30.0,vehiculo,al_dia,malo
394,34.0,F,informal,arrendada,bajo,medio,240000.0,,9.0,libre_inversion,al_dia,bueno
395,33.0,M,formal_calificado,arrendada,alto,sin_cuenta,0.0,2026000.0,15.0,electrodomesticos,al_dia,bueno
396,61.0,M,formal_no_calificado,propia,muy_alto,medio,389000.0,5376000.0,12.0,negocio,sin_creditos_previos,bueno
397,33.0,F,formal_no_calificado,arrendada,bajo,alto,,2024000.0,15.0,otros,al_dia,bueno
398,34.0,F,informal,arrendada,bajo,sin_cuenta,0.0,2369000.0,12.0,libre_inversion,al_dia,bueno
399,,F,formal_no_calificado,arrendada,bajo,bajo,166000.0,2394000.0,9.0,vehiculo,mora_severa,bueno
400,27.0,M,formal_no_calificado,arrendada,bajo,medio,610000.0,22674000.0,33.0,libre_inversion,mora_severa,malo
401,39.0,M,alta_calificacion,familiar,bajo,bajo,151000.0,1161000.0,12.0,electrodomesticos,al_dia,bueno
402,21.0,F,formal_calificado,familiar,muy_alto,bajo,65000.0,6541000.0,15.0,vehiculo,mora_severa,bueno
403,46.0,F,formal_no_calificado,propia,bajo,medio,407000.0,10664000.0,,negocio,al_dia,malo
404,47.0,F,formal_calificado,arrendada,medio,medio,504000.0,6055000.0,21.0,otros,al_dia,bueno
405,26.0,F,informal,familiar,bajo,sin_cuenta,0.0,4977000.0,15.0,vehiculo,mora_severa,malo
406,37.0,F,informal,propia,bajo,bajo,82000.0,4399000.0,12.0,vehiculo,mora_severa,bueno
407,51.0,F,formal_no_calificado,arrendada,bajo,bajo,183000.0,2950000.0,33.0,electrodomesticos,al_dia,malo
408,32.0,F,formal_calificado,arrendada,bajo,sin_cuenta,0.0,8825000.0,18.0,remodelacion,al_dia,bueno
409,30.0,F,informal,propia,medio,sin_cuenta,0.0,3428000.0,18.0,educacion,mora_severa,malo
410,31.0,F,informal,arrendada,bajo,medio,,1173000.0,6.0,libre_inversion,mora_leve,bueno
411,36.0,M,formal_no_calificado,arrendada,alto,medio,533000.0,2282000.0,18.0,libre_inversion,al_dia,bueno
412,27.0,M,informal,propia,bajo,alto,8917000.0,5086000.0,27.0,remodelacion,sin_creditos_previos,bueno
413,29.0,F,informal,propia,muy_alto,alto,2766000.0,4194000.0,12.0,vehiculo,mora_leve,bueno
414,36.0,F,formal_no_calificado,familiar,,alto,1014000.0,5623000.0,15.0,remodelacion,mora_leve,bueno
415,29.0,M,alta_calificacion,familiar,bajo,sin_cuenta,0.0,13088000.0,36.0,vehiculo,al_dia,bueno
416,,F,informal,arrendada,bajo,bajo,120000.0,3925000.0,12.0,libre_inversion,mora_leve,malo
417,21.0,M,informal,arrendada,bajo,sin_cuenta,0.0,1549000.0,24.0,libre_inversion,al_dia,bueno
418,33.0,M,informal,propia,bajo,medio,770000.0,6191000.0,15.0,educacion,al_dia,bueno
419,50.0,F,informal,familiar,alto,alto,1103000.0,5660000.0,33.0,vehiculo,al_dia,malo
420,38.0,F,formal_calificado,propia,medio,sin_cuenta,0.0,5732000.0,21.0,libre_inversion,mora_severa,bueno
421,24.0,M,formal_no_calificado,familiar,bajo,bajo,133000.0,544000.0,12.0,libre_inversion,al_dia,bueno
422,26.0,M,informal,arrendada,bajo,bajo,,2888000.0,9.0,negocio,al_dia,malo
423,30.0,M,alta_calificacion,propia,bajo,sin_cuenta,0.0,8486000.0,42.0,electrodomesticos,mora_severa,bueno
424,62.0,M,formal_calificado,arrendada,medio,medio,445000.0,4787000.0,24.0,negocio,sin_creditos_previos,bueno
425,63.0,M,informal,familiar,medio,bajo,663000.0,3674000.0,21.0,otros,mora_severa,malo
426,60.0,M,informal,familiar,bajo,bajo,121000.0,4483000.0,15.0,libre_inversion,sin_creditos_previos,malo
427,35.0,M,formal_calificado,arrendada,bajo,alto,593000.0,,9.0,otros,sin_creditos_previos,bueno
428,75.0,F,formal_calificado,propia,bajo,sin_cuenta,0.0,3325000.0,21.0,vehiculo,al_dia,bueno
429,27.0,F,alta_calificacion,arrendada,bajo,sin_cuenta,0.0,7054000.0,21.0,remodelacion,mora_severa,bueno
430,30.0,F,informal,arrendada,bajo,medio,368000.0,17539000.0,24.0,vehiculo,al_dia,malo
431,45.0,M,formal_calificado,arrendada,bajo,bajo,374000.0,13703000.0,36.0,remodelacion,al_dia,malo
432,36.0,M,informal,propia,medio,bajo,358000.0,2602000.0,21.0,remodelacion,mora_leve,bueno
433,36.0,M,informal,familiar,bajo,bajo,264000.0,,9.0,libre_inversion,mora_severa,bueno
434,25.0,F,formal_calificado,arrendada,muy_alto,sin_cuenta,0.0,8143000.0,24.0,vehiculo,al_dia,bueno
435,32.0,M,,propia,medio,sin_cuenta,0.0,10157000.0,42.0,libre_inversion,al_dia,bueno
436,27.0,F,informal,propia,bajo,medio,463000.0,5193000.0,18.0,libre_inversion,al_dia,bueno
437,,M,informal,propia,,sin_cuenta,0.0,1675000.0,18.0,electrodomesticos,al_dia,bueno
438,28.0,F,formal_calificado,arrendada,bajo,alto,3465000.0,3323000.0,15.0,remodelacion,al_dia,bueno
439,36.0,M,informal,propia,bajo,sin_cuenta,0.0,2348000.0,18.0,libre_inversion,al_dia,bueno
440,42.0,M,informal,arrendada,bajo,medio,1096000.0,2488000.0,21.0,libre_inversion,mora_severa,bueno
441,21.0,F,,propia,alto,alto,1597000.0,4965000.0,24.0,otros,al_dia,bueno
442,33.0,M,informal,propia,medio,sin_cuenta,0.0,3929000.0,12.0,vehiculo,mora_severa,malo
443,32.0,F,formal_calificado,propia,bajo,bajo,98000.0,3377000.0,12.0,remodelacion,mora_leve,bueno
444,36.0,M,informal,propia,bajo,medio,1091000.0,928000.0,6.0,libre_inversion,sin_creditos_previos,bueno
445,24.0,F,formal_no_calificado,arrendada,bajo,bajo,177000.0,2841000.0,9.0,remodelacion,al_dia,bueno
446,24.0,F,formal_calificado,arrendada,bajo,medio,459000.0,1887000.0,15.0,educacion,al_dia,bueno
447,48.0,M,informal,arrendada,bajo,sin_cuenta,0.0,3223000.0,21.0,libre_inversion,al_dia,malo
448,26.0,F,formal_no_calificado,arrendada,medio,alto,1323000.0,1215000.0,15.0,electrodomesticos,mora_severa,bueno
449,29.0,F,informal,arrendada,bajo,bajo,129000.0,5795000.0,27.0,libre_inversion,mora_severa,malo
450,30.0,F,formal_calificado,propia,bajo,sin_cuenta,0.0,5500000.0,12.0,libre_inversion,mora_severa,malo
451,27.0,M,formal_calificado,arrendada,medio,bajo,545000.0,3242000.0,12.0,remodelacion,al_dia,bueno
452,39.0,M,formal_calificado,propia,bajo,sin_cuenta,0.0,6206000.0,30.0,remodelacion,mora_severa,bueno
453,38.0,F,informal,arrendada,bajo,bajo,208000.0,2564000.0,21.0,electrodomesticos,al_dia,malo
454,32.0,M,formal_calificado,arrendada,bajo,sin_cuenta,0.0,3006000.0,30.0,electrodomesticos,mora_severa,bueno
455,27.0,F,formal_no_calificado,arrendada,bajo,medio,790000.0,11634000.0,21.0,vehiculo,mora_severa,bueno
456,31.0,M,informal,arrendada,bajo,sin_cuenta,0.0,2950000.0,18.0,electrodomesticos,sin_creditos_previos,bueno
457,34.0,F,,propia,bajo,bajo,143000.0,3152000.0,,vehiculo,mora_leve,bueno
458,,M,informal,propia,bajo,medio,591000.0,2977000.0,9.0,libre_inversion,al_dia,bueno
459,40.0,F,informal,familiar,bajo,medio,1210000.0,807000.0,6.0,libre_inversion,mora_leve,bueno
460,46.0,M,,propia,bajo,medio,664000.0,2057000.0,9.0,negocio,mora_severa,bueno
461,54.0,M,alta_calificacion,propia,bajo,sin_cuenta,0.0,1481000.0,6.0,libre_inversion,al_dia,bueno
462,52.0,M,alta_calificacion,propia,bajo,medio,535000.0,5224000.0,21.0,vehiculo,al_dia,bueno
463,30.0,F,informal,familiar,bajo,sin_cuenta,0.0,12404000.0,33.0,electrodomesticos,al_dia,bueno
464,34.0,M,alta_calificacion,familiar,muy_alto,bajo,475000.0,1764000.0,9.0,educacion,mora_leve,bueno
465,31.0,F,formal_calificado,propia,bajo,medio,1440000.0,5942000.0,21.0,educacion,al_dia,bueno
466,31.0,M,formal_no_calificado,propia,medio,sin_cuenta,0.0,4042000.0,39.0,remodelacion,mora_severa,malo
467,31.0,F,alta_calificacion,arrendada,muy_alto,sin_cuenta,0.0,6513000.0,27.0,vehiculo,al_dia,bueno
468,34.0,F,formal_calificado,propia,bajo,bajo,132000.0,3755000.0,21.0,libre_inversion,al_dia,malo
469,49.0,M,formal_no_calificado,propia,bajo,bajo,,6089000.0,18.0,educacion,mora_severa,bueno
470,37.0,M,informal,arrendada,bajo,sin_cuenta,0.0,3776000.0,21.0,negocio,mora_leve,bueno
471,24.0,M,,arrendada,bajo,medio,359000.0,11004000.0,21.0,negocio,al_dia,bueno
472,45.0,F,alta_calificacion,propia,muy_alto,medio,712000.0,5742000.0,18.0,negocio,mora_severa,bueno
473,35.0,F,informal,arrendada,muy_alto,alto,1489000.0,3609000.0,9.0,vehiculo,mora_severa,malo
474,39.0,M,informal,arrendada,bajo,sin_cuenta,0.0,1653000.0,12.0,libre_inversion,mora_severa,bueno
475,36.0,F,informal,arrendada,medio,medio,1266000.0,2947000.0,21.0,remodelacion,al_dia,bueno
476,37.0,F,,propia,medio,medio,861000.0,,30.0,remodelacion,al_dia,bueno
477,37.0,F,informal,propia,bajo,sin_cuenta,0.0,,9.0,libre_inversion,al_dia,bueno
478,21.0,M,alta_calificacion,familiar,medio,bajo,244000.0,13662000.0,48.0,remodelacion,al_dia,bueno
479,39.0,F,,propia,bajo,sin_cuenta,0.0,927000.0,6.0,otros,al_dia,bueno
480,27.0,M,formal_calificado,arrendada,muy_alto,sin_cuenta,0.0,,12.0,libre_inversion,al_dia,malo
481,29.0,F,formal_no_calificado,propia,,sin_cuenta,0.0,5329000.0,21.0,vehiculo,al_dia,bueno
482,33.0,M,formal_no_calificado,propia,bajo,medio,393000.0,9362000.0,24.0,vehiculo,mora_severa,malo
483,57.0,F,informal,arrendada,bajo,bajo,200000.0,2558000.0,12.0,libre_inversion,al_dia,malo
484,25.0,F,informal,propia,muy_alto,sin_cuenta,0.0,5209000.0,18.0,educacion,al_dia,bueno
485,33.0,F,formal_calificado,arrendada,bajo,bajo,153000.0,,18.0,remodelacion,al_dia,bueno
486,31.0,M,formal_calificado,propia,bajo,sin_cuenta,0.0,2398000.0,15.0,libre_inversion,al_dia,bueno
487,45.0,F,formal_no_calificado,arrendada,bajo,sin_cuenta,0.0,3511000.0,12.0,negocio,mora_severa,bueno
488,30.0,M,formal_calificado,arrendada,bajo,medio,381000.0,9319000.0,21.0,vehiculo,al_dia,bueno
489,36.0,F,formal_calificado,propia,bajo,bajo,,2119000.0,21.0,electrodomesticos,mora_severa,malo
490,25.0,M,informal,familiar,,medio,275000.0,5152000.0,18.0,remodelacion,mora_leve,bueno
491,48.0,F,formal_no_calificado,familiar,muy_alto,sin_cuenta,0.0,5089000.0,27.0,negocio,mora_severa,bueno
492,23.0,M,formal_calificado,propia,medio,sin_cuenta,0.0,4421000.0,21.0,libre_inversion,al_dia,bueno
493,,M,formal_calificado,arrendada,medio,medio,1350000.0,1441000.0,12.0,electrodomesticos,mora_severa,bueno
494,36.0,M,informal,arrendada,bajo,sin_cuenta,0.0,7081000.0,39.0,remodelacion,mora_severa,malo
495,37.0,M,informal,arrendada,bajo,sin_cuenta,0.0,22099000.0,24.0,negocio,mora_severa,malo
496,23.0,M,informal,propia,bajo,medio,320000.0,2741000.0,15.0,educacion,mora_severa,malo
497,30.0,F,informal,propia,bajo,bajo,112000.0,3729000.0,15.0,negocio,al_dia,malo
498,44.0,F,informal,propia,medio,medio,884000.0,1485000.0,15.0,libre_inversion,al_dia,bueno
499,61.0,F,formal_no_calificado,propia,bajo,alto,1830000.0,4928000.0,9.0,vehiculo,al_dia,bueno
500,32.0,F,formal_no_calificado,propia,muy_alto,sin_cuenta,0.0,3150000.0,12.0,vehiculo,sin_creditos_previos,bueno
501,43.0,M,informal,familiar,alto,sin_cuenta,0.0,2772000.0,21.0,electrodomesticos,mora_severa,bueno
502,35.0,M,formal_no_calificado,propia,bajo,bajo,317000.0,3369000.0,24.0,educacion,mora_severa,bueno
503,32.0,M,informal,arrendada,muy_alto,sin_cuenta,0.0,5708000.0,36.0,electrodomesticos,sin_creditos_previos,malo
504,29.0,M,informal,propia,alto,bajo,137000.0,4495000.0,15.0,libre_inversion,al_dia,bueno
505,33.0,F,formal_calificado,arrendada,bajo,sin_cuenta,0.0,8581000.0,21.0,remodelacion,al_dia,bueno
506,41.0,F,formal_calificado,arrendada,bajo,medio,273000.0,3780000.0,21.0,libre_inversion,al_dia,bueno
507,42.0,F,informal,familiar,bajo,medio,2437000.0,1775000.0,12.0,libre_inversion,mora_severa,bueno
508,23.0,F,formal_calificado,arrendada,medio,sin_cuenta,0.0,3864000.0,24.0,remodelacion,mora_severa,malo
509,28.0,M,formal_calificado,arrendada,bajo,sin_cuenta,0.0,2823000.0,9.0,negocio,al_dia,bueno
510,25.0,F,formal_no_calificado,propia,bajo,alto,3095000.0,6735000.0,18.0,vehiculo,mora_severa,bueno
511,34.0,M,alta_calificacion,familiar,bajo,sin_cuenta,0.0,2640000.0,15.0,electrodomesticos,al_dia,bueno
512,30.0,F,informal,propia,bajo,sin_cuenta,0.0,1111000.0,12.0,electrodomesticos,mora_severa,bueno
513,37.0,M,informal,propia,bajo,sin_cuenta,0.0,4253000.0,21.0,libre_inversion,sin_creditos_previos,bueno
514,37.0,M,formal_calificado,arrendada,bajo,sin_cuenta,0.0,2908000.0,36.0,electrodomesticos,al_dia,bueno
515,20.0,M,formal_no_calificado,propia,medio,sin_cuenta,0.0,,30.0,libre_inversion,al_dia,bueno
516,33.0,M,informal,propia,bajo,sin_cuenta,0.0,8503000.0,21.0,educacion,sin_creditos_previos,bueno
517,49.0,M,informal,familiar,bajo,sin_cuenta,0.0,5033000.0,27.0,educacion,al_dia,bueno
518,28.0,M,informal,propia,bajo,medio,284000.0,5063000.0,42.0,libre_inversion,al_dia,bueno
519,28.0,F,informal,propia,muy_alto,sin_cuenta,0.0,2767000.0,12.0,libre_inversion,al_dia,bueno
520,46.0,F,informal,propia,muy_alto,medio,611000.0,5251000.0,18.0,libre_inversion,al_dia,bueno
521,,M,alta_calificacion,propia,muy_alto,bajo,363000.0,2916000.0,24.0,otros,al_dia,bueno
522,25.0,M,informal,familiar,bajo,bajo,305000.0,3760000.0,24.0,negocio,al_dia,bueno
523,42.0,F,formal_calificado,arrendada,bajo,alto,817000.0,3106000.0,,negocio,al_dia,bueno
524,26.0,M,informal,familiar,bajo,sin_cuenta,0.0,5628000.0,21.0,vehiculo,al_dia,bueno
525,28.0,F,informal,familiar,bajo,sin_cuenta,0.0,6543000.0,15.0,educacion,al_dia,bueno
526,25.0,M,formal_calificado,arrendada,bajo,bajo,,1256000.0,18.0,electrodomesticos,mora_leve,bueno
527,23.0,M,informal,arrendada,bajo,sin_cuenta,0.0,805000.0,,libre_inversion,al_dia,bueno
528,34.0,M,informal,arrendada,bajo,sin_cuenta,0.0,13123000.0,36.0,vehiculo,al_dia,bueno
529,23.0,M,formal_calificado,arrendada,bajo,medio,1163000.0,1507000.0,6.0,vehiculo,al_dia,bueno
530,35.0,F,informal,arrendada,bajo,medio,406000.0,3155000.0,15.0,vehiculo,al_dia,bueno
531,34.0,F,informal,arrendada,alto,bajo,154000.0,6152000.0,24.0,libre_inversion,sin_creditos_previos,bueno
532,32.0,M,alta_calificacion,arrendada,bajo,bajo,315000.0,10137000.0,30.0,vehiculo,mora_severa,malo
533,29.0,F,informal,arrendada,bajo,bajo,229000.0,3278000.0,15.0,electrodomesticos,al_dia,bueno
534,27.0,M,formal_no_calificado,propia,bajo,sin_cuenta,0.0,7160000.0,27.0,libre_inversion,al_dia,bueno
535,24.0,M,informal,arrendada,bajo,sin_cuenta,0.0,1955000.0,18.0,libre_inversion,al_dia,malo
536,54.0,F,informal,arrendada,alto,bajo,24000.0,2107000.0,,remodelacion,al_dia,bueno
537,31.0,F,formal_no_calificado,arrendada,bajo,sin_cuenta,0.0,,15.0,electrodomesticos,al_dia,bueno
538,31.0,M,formal_no_calificado,arrendada,bajo,sin_cuenta,0.0,7411000.0,24.0,vehiculo,al_dia,bueno
539,25.0,M,,arrendada,,bajo,100000.0,11548000.0,9.0,negocio,al_dia,bueno
540,52.0,M,formal_calificado,arrendada,bajo,bajo,180000.0,23911000.0,48.0,vehiculo,al_dia,malo
541,28.0,M,formal_calificado,propia,bajo,sin_cuenta,0.0,7747000.0,12.0,vehiculo,al_dia,bueno
542,36.0,F,formal_no_calificado,propia,bajo,alto,1153000.0,1145000.0,9.0,libre_inversion,al_dia,bueno
543,38.0,M,formal_no_calificado,propia,bajo,medio,814000.0,5747000.0,18.0,vehiculo,al_dia,bueno
544,34.0,F,formal_no_calificado,propia,bajo,bajo,192000.0,4242000.0,15.0,libre_inversion,sin_creditos_previos,bueno
545,23.0,M,formal_calificado,propia,medio,sin_cuenta,0.0,,36.0,negocio,al_dia,bueno
546,41.0,M,informal,arrendada,bajo,bajo,249000.0,12420000.0,42.0,negocio,mora_severa,bueno
547,28.0,M,formal_calificado,arrendada,,medio,511000.0,4560000.0,12.0,vehiculo,mora_leve,bueno
548,43.0,M,formal_no_calificado,propia,bajo,bajo,412000.0,3226000.0,24.0,libre_inversion,sin_creditos_previos,bueno
549,32.0,F,alta_calificacion,familiar,bajo,bajo,,2636000.0,21.0,libre_inversion,al_dia,malo
550,39.0,F,alta_calificacion,propia,bajo,sin_cuenta,0.0,4256000.0,21.0,remodelacion,al_dia,bueno
551,50.0,F,informal,arrendada,muy_alto,sin_cuenta,0.0,3028000.0,12.0,negocio,mora_severa,bueno
552,40.0,F,informal,arrendada,bajo,medio,739000.0,2692000.0,12.0,vehiculo,al_dia,bueno
553,39.0,M,formal_no_calificado,arrendada,alto,sin_cuenta,0.0,5096000.0,18.0,negocio,sin_creditos_previos,malo
554,42.0,F,formal_no_calificado,propia,bajo,bajo,47000.0,2161000.0,21.0,libre_inversion,al_dia,bueno
555,26.0,F,formal_calificado,propia,bajo,medio,1082000.0,1800000.0,9.0,electrodomesticos,al_dia,bueno
556,44.0,F,informal,propia,bajo,sin_cuenta,0.0,3827000.0,15.0,libre_inversion,mora_severa,bueno
557,30.0,M,formal_no_calificado,arrendada,bajo,alto,2897000.0,3351000.0,18.0,electrodomesticos,al_dia,bueno
558,,M,alta_calificacion,familiar,bajo,medio,472000.0,4389000.0,30.0,remodelacion,sin_creditos_previos,bueno
559,34.0,F,alta_calificacion,arrendada,bajo,medio,1360000.0,3742000.0,27.0,remodelacion,mora_leve,bueno
560,30.0,M,informal,arrendada,medio,medio,725000.0,13702000.0,36.0,educacion,al_dia,bueno
561,25.0,M,alta_calificacion,propia,,medio,1744000.0,3146000.0,18.0,libre_inversion,mora_severa,bueno
562,33.0,M,informal,arrendada,bajo,sin_cuenta,0.0,3792000.0,15.0,libre_inversion,al_dia,bueno
563,31.0,F,formal_no_calificado,familiar,bajo,medio,378000.0,4146000.0,33.0,remodelacion,mora_severa,malo
564,30.0,M,informal,arrendada,bajo,sin_cuenta,0.0,2125000.0,18.0,electrodomesticos,al_dia,bueno
565,31.0,F,formal_no_calificado,arrendada,bajo,medio,420000.0,7181000.0,24.0,otros,al_dia,bueno
566,20.0,F,informal,propia,bajo,bajo,183000.0,1429000.0,6.0,educacion,mora_leve,bueno
567,30.0,M,informal,propia,medio,medio,526000.0,5316000.0,18.0,vehiculo,sin_creditos_previos,bueno
568,53.0,M,informal,propia,bajo,sin_cuenta,0.0,3172000.0,18.0,electrodomesticos,al_dia,bueno
569,51.0,F,alta_calificacion,arrendada,bajo,sin_cuenta,0.0,4649000.0,18.0,remodelacion,mora_leve,malo
570,33.0,M,formal_no_calificado,arrendada,alto,medio,307000.0,9187000.0,18.0,libre_inversion,mora_leve,bueno
571,33.0,M,formal_calificado,propia,bajo,bajo,,10838000.0,33.0,vehiculo,al_dia,bueno
572,19.0,M,formal_no_calificado,familiar,medio,bajo,174000.0,3932000.0,15.0,libre_inversion,sin_creditos_previos,malo
573,28.0,M,informal,familiar,alto,medio,994000.0,4758000.0,27.0,libre_inversion,al_dia,bueno
574,42.0,F,informal,arrendada,bajo,sin_cuenta,0.0,1240000.0,9.0,educacion,al_dia,bueno
575,29.0,M,informal,familiar,bajo,sin_cuenta,0.0,1534000.0,9.0,electrodomesticos,al_dia,bueno
576,47.0,F,formal_no_calificado,familiar,bajo,sin_cuenta,0.0,1847000.0,12.0,negocio,sin_creditos_previos,bueno
577,46.0,M,alta_calificacion,propia,bajo,medio,573000.0,5851000.0,12.0,negocio,al_dia,bueno
578,28.0,F,informal,familiar,alto,sin_cuenta,0.0,3017000.0,27.0,educacion,al_dia,bueno
579,34.0,F,formal_calificado,arrendada,bajo,sin_cuenta,0.0,2514000.0,18.0,educacion,mora_severa,malo
580,54.0,M,formal_calificado,propia,medio,alto,1534000.0,1132000.0,9.0,libre_inversion,al_dia,bueno
581,23.0,F,formal_calificado,propia,bajo,medio,318000.0,5346000.0,21.0,libre_inversion,mora_severa,malo
582,30.0,M,,arrendada,,medio,380000.0,2741000.0,,remodelacion,mora_severa,bueno
583,22.0,F,alta_calificacion,familiar,bajo,bajo,184000.0,2675000.0,6.0,vehiculo,mora_leve,bueno
584,26.0,F,formal_no_calificado,arrendada,alto,medio,370000.0,8414000.0,36.0,vehiculo,al_dia,bueno
585,61.0,M,formal_no_calificado,arrendada,bajo,alto,3108000.0,,12.0,otros,mora_severa,bueno
586,30.0,M,formal_calificado,propia,bajo,medio,993000.0,4577000.0,27.0,remodelacion,mora_severa,bueno
587,21.0,F,informal,familiar,muy_alto,bajo,121000.0,13532000.0,24.0,libre_inversion,al_dia,bueno
588,25.0,F,formal_calificado,propia,bajo,medio,768000.0,949000.0,9.0,remodelacion,mora_severa,bueno
589,22.0,M,formal_no_calificado,arrendada,medio,medio,555000.0,8533000.0,33.0,educacion,mora_leve,bueno
590,35.0,M,formal_calificado,arrendada,bajo,medio,488000.0,6234000.0,21.0,negocio,mora_severa,bueno
591,38.0,M,formal_calificado,propia,medio,medio,524000.0,4513000.0,30.0,remodelacion,al_dia,bueno
592,44.0,F,formal_no_calificado,familiar,bajo,sin_cuenta,0.0,8655000.0,,libre_inversion,al_dia,malo
593,41.0,F,informal,familiar,bajo,medio,1591000.0,1651000.0,12.0,educacion,al_dia,bueno
594,23.0,F,informal,arrendada,bajo,bajo,288000.0,2801000.0,21.0,remodelacion,mora_severa,bueno
595,37.0,F,formal_calificado,arrendada,bajo,sin_cuenta,0.0,1805000.0,9.0,vehiculo,mora_severa,bueno
596,32.0,F,formal_no_calificado,familiar,bajo,sin_cuenta,0.0,6437000.0,30.0,educacion,al_dia,malo
597,46.0,M,formal_calificado,propia,bajo,sin_cuenta,0.0,646000.0,6.0,electrodomesticos,mora_leve,bueno
598,42.0,F,informal,propia,bajo,bajo,129000.0,1075000.0,9.0,otros,mora_severa,malo
599,64.0,M,formal_no_calificado,arrendada,bajo,sin_cuenta,0.0,2494000.0,,otros,al_dia,bueno
600,25.0,F,formal_calificado,arrendada,muy_alto,medio,525000.0,5725000.0,18.0,libre_inversion,mora_leve,bueno
601,24.0,M,formal_calificado,arrendada,bajo,alto,1626000.0,4510000.0,27.0,vehiculo,al_dia,bueno
602,29.0,F,informal,arrendada,bajo,sin_cuenta,0.0,2086000.0,9.0,libre_inversion,al_dia,bueno
603,32.0,F,informal,arrendada,alto,sin_cuenta,0.0,8852000.0,21.0,vehiculo,al_dia,bueno
604,27.0,F,,propia,bajo,sin_cuenta,0.0,4270000.0,12.0,libre_inversion,al_dia,bueno
605,26.0,M,formal_calificado,propia,muy_alto,medio,957000.0,2080000.0,18.0,electrodomesticos,al_dia,bueno
606,36.0,F,formal_no_calificado,propia,bajo,sin_cuenta,0.0,13771000.0,36.0,libre_inversion,al_dia,bueno
607,29.0,M,formal_no_calificado,arrendada,bajo,sin_cuenta,0.0,5015000.0,18.0,educacion,mora_severa,malo
608,27.0,M,informal,arrendada,medio,sin_cuenta,0.0,1874000.0,24.0,libre_inversion,mora_severa,malo
609,23.0,F,informal,familiar,bajo,sin_cuenta,0.0,1399000.0,6.0,libre_inversion,mora_severa,malo
610,20.0,F,informal,arrendada,bajo,medio,498000.0,2327000.0,12.0,libre_inversion,al_dia,bueno
611,52.0,M,informal,arrendada,bajo,medio,1507000.0,9493000.0,18.0,vehiculo,mora_leve,bueno
612,51.0,F,formal_calificado,propia,bajo,sin_cuenta,0.0,3108000.0,9.0,libre_inversion,mora_severa,malo
613,43.0,M,,arrendada,bajo,bajo,232000.0,1206000.0,6.0,negocio,al_dia,bueno
614,39.0,F,formal_calificado,familiar,medio,bajo,210000.0,6226000.0,12.0,vehiculo,sin_creditos_previos,bueno
615,28.0,F,formal_no_calificado,propia,bajo,alto,,5090000.0,18.0,negocio,al_dia,bueno
616,40.0,F,informal,arrendada,bajo,medio,305000.0,3633000.0,27.0,libre_inversion,al_dia,bueno
617,24.0,F,informal,propia,bajo,medio,931000.0,10016000.0,27.0,libre_inversion,mora_severa,bueno
618,34.0,F,,propia,bajo,alto,,3637000.0,15.0,negocio,mora_severa,bueno
619,26.0,F,formal_calificado,arrendada,bajo,sin_cuenta,0.0,6069000.0,18.0,vehiculo,al_dia,bueno
620,40.0,M,alta_calificacion,arrendada,bajo,sin_cuenta,0.0,1724000.0,9.0,libre_inversion,al_dia,bueno
621,56.0,M,formal_calificado,arrendada,bajo,medio,393000.0,10490000.0,45.0,libre_inversion,mora_severa,malo
622,25.0,F,,familiar,bajo,sin_cuenta,0.0,19429000.0,36.0,negocio,mora_severa,malo
623,28.0,M,formal_calificado,familiar,alto,bajo,,8507000.0,21.0,libre_inversion,al_dia,bueno
624,34.0,F,formal_calificado,arrendada,alto,medio,2017000.0,7691000.0,15.0,vehiculo,al_dia,bueno
625,21.0,M,formal_no_calificado,propia,bajo,bajo,218000.0,,30.0,negocio,al_dia,bueno
626,22.0,F,formal_calificado,propia,bajo,sin_cuenta,0.0,18982000.0,45.0,remodelacion,mora_severa,bueno
627,55.0,M,informal,arrendada,bajo,bajo,184000.0,6644000.0,24.0,educacion,al_dia,malo
628,36.0,F,informal,arrendada,bajo,sin_cuenta,0.0,14717000.0,27.0,vehiculo,sin_creditos_previos,malo
629,27.0,F,formal_calificado,arrendada,bajo,sin_cuenta,0.0,2366000.0,12.0,remodelacion,al_dia,bueno
630,33.0,M,formal_calificado,arrendada,bajo,bajo,350000.0,1251000.0,9.0,electrodomesticos,al_dia,bueno
631,29.0,F,informal,propia,bajo,sin_cuenta,0.0,5390000.0,18.0,libre_inversion,al_dia,bueno
632,34.0,M,alta_calificacion,propia,medio,alto,4573000.0,8222000.0,24.0,electrodomesticos,al_dia,bueno
633,29.0,F,informal,arrendada,medio,bajo,244000.0,3067000.0,9.0,negocio,mora_leve,bueno
634,32.0,F,formal_calificado,familiar,bajo,medio,876000.0,7940000.0,45.0,vehiculo,al_dia,bueno
635,41.0,M,alta_calificacion,arrendada,,alto,2931000.0,4228000.0,24.0,electrodomesticos,mora_severa,malo
636,40.0,M,informal,familiar,bajo,bajo,304000.0,8049000.0,27.0,vehiculo,mora_severa,malo
637,54.0,M,alta_calificacion,arrendada,bajo,bajo,103000.0,859000.0,6.0,remodelacion,al_dia,bueno
638,37.0,M,formal_calificado,propia,bajo,medio,,3167000.0,15.0,remodelacion,al_dia,bueno
639,33.0,F,formal_calificado,arrendada,bajo,sin_cuenta,0.0,,18.0,vehiculo,al_dia,bueno
640,57.0,M,alta_calificacion,familiar,bajo,bajo,99000.0,2928000.0,,libre_inversion,sin_creditos_previos,malo
641,31.0,F,formal_no_calificado,arrendada,,sin_cuenta,0.0,7805000.0,54.0,libre_inversion,mora_severa,malo
642,20.0,F,formal_no_calificado,arrendada,bajo,medio,358000.0,9390000.0,36.0,vehiculo,mora_severa,malo
643,43.0,F,formal_no_calificado,arrendada,bajo,medio,871000.0,3634000.0,18.0,educacion,al_dia,bueno
644,36.0,F,informal,propia,bajo,bajo,169000.0,20057000.0,27.0,vehiculo,mora_severa,bueno
645,33.0,M,informal,propia,muy_alto,bajo,,9447000.0,15.0,vehiculo,mora_severa,malo
646,43.0,F,,propia,bajo,bajo,224000.0,13863000.0,33.0,vehiculo,al_dia,bueno
647,29.0,F,informal,arrendada,muy_alto,bajo,104000.0,7657000.0,18.0,vehiculo,al_dia,malo
648,20.0,F,formal_calificado,familiar,bajo,bajo,260000.0,7729000.0,42.0,remodelacion,mora_severa,malo
649,44.0,M,alta_calificacion,propia,bajo,medio,858000.0,3919000.0,12.0,remodelacion,al_dia,bueno
650,27.0,M,alta_calificacion,propia,,sin_cuenta,0.0,1237000.0,9.0,educacion,mora_severa,bueno
651,25.0,F,informal,arrendada,bajo,sin_cuenta,0.0,4320000.0,18.0,libre_inversion,al_dia,malo
652,20.0,F,formal_no_calificado,familiar,bajo,sin_cuenta,0.0,,12.0,educacion,al_dia,bueno
653,42.0,M,formal_no_calificado,arrendada,bajo,medio,,2097000.0,24.0,libre_inversion,al_dia,bueno
654,19.0,F,informal,propia,bajo,medio,651000.0,945000.0,12.0,libre_inversion,al_dia,bueno
655,50.0,M,formal_no_calificado,arrendada,bajo,sin_cuenta,0.0,27556000.0,54.0,remodelacion,al_dia,bueno
656,30.0,F,informal,arrendada,bajo,bajo,112000.0,1657000.0,9.0,libre_inversion,al_dia,bueno
657,43.0,M,alta_calificacion,familiar,bajo,alto,3100000.0,2400000.0,24.0,libre_inversion,mora_leve,bueno
658,38.0,M,informal,propia,bajo,sin_cuenta,0.0,9119000.0,15.0,libre_inversion,al_dia,malo
659,62.0,M,formal_calificado,familiar,bajo,medio,501000.0,3519000.0,39.0,electrodomesticos,al_dia,bueno
660,37.0,M,formal_calificado,arrendada,bajo,alto,,3714000.0,15.0,libre_inversion,mora_leve,bueno
661,49.0,M,formal_calificado,arrendada,bajo,medio,1086000.0,2218000.0,15.0,educacion,mora_severa,bueno
662,28.0,M,,propia,bajo,sin_cuenta,0.0,7300000.0,15.0,vehiculo,mora_severa,malo
663,22.0,M,informal,familiar,bajo,bajo,244000.0,7802000.0,24.0,vehiculo,al_dia,bueno
664,46.0,F,alta_calificacion,arrendada,bajo,sin_cuenta,0.0,1439000.0,15.0,electrodomesticos,al_dia,bueno
665,22.0,F,informal,propia,bajo,sin_cuenta,0.0,1384000.0,12.0,educacion,al_dia,bueno
666,42.0,F,,arrendada,bajo,sin_cuenta,0.0,1486000.0,9.0,remodelacion,al_dia,bueno
667,24.0,M,alta_calificacion,propia,bajo,sin_cuenta,0.0,1463000.0,12.0,libre_inversion,al_dia,bueno
668,36.0,M,formal_calificado,propia,medio,alto,4415000.0,2448000.0,27.0,educacion,mora_severa,bueno
669,62.0,F,formal_calificado,propia,bajo,bajo,193000.0,2335000.0,12.0,electrodomesticos,mora_severa,bueno
670,41.0,F,informal,propia,,sin_cuenta,0.0,6105000.0,21.0,otros,mora_severa,bueno
671,31.0,F,,arrendada,,bajo,142000.0,622000.0,6.0,electrodomesticos,al_dia,bueno
672,,F,formal_calificado,arrendada,bajo,bajo,118000.0,1905000.0,27.0,libre_inversion,mora_severa,malo
673,28.0,F,informal,arrendada,bajo,sin_cuenta,0.0,14189000.0,60.0,educacion,mora_severa,malo
674,73.0,F,informal,arrendada,medio,sin_cuenta,0.0,1920000.0,9.0,libre_inversion,al_dia,bueno
675,27.0,M,informal,propia,bajo,bajo,176000.0,1703000.0,12.0,remodelacion,al_dia,bueno
676,32.0,F,,arrendada,bajo,medio,371000.0,1988000.0,15.0,electrodomesticos,mora_severa,bueno
677,40.0,F,informal,arrendada,bajo,sin_cuenta,0.0,500000.0,6.0,libre_inversion,al_dia,bueno
678,37.0,F,,arrendada,bajo,medio,615000.0,1792000.0,9.0,libre_inversion,al_dia,bueno
679,39.0,M,informal,propia,bajo,bajo,171000.0,4718000.0,27.0,libre_inversion,mora_severa,malo
680,28.0,M,informal,familiar,bajo,bajo,87000.0,6442000.0,18.0,libre_inversion,al_dia,bueno
681,31.0,M,alta_calificacion,arrendada,bajo,sin_cuenta,0.0,2738000.0,18.0,electrodomesticos,al_dia,bueno
682,45.0,M,alta_calificacion,familiar,bajo,bajo,234000.0,1473000.0,6.0,remodelacion,al_dia,bueno
683,44.0,F,formal_calificado,arrendada,bajo,sin_cuenta,0.0,4494000.0,9.0,libre_inversion,al_dia,bueno
684,37.0,F,alta_calificacion,arrendada,bajo,sin_cuenta,0.0,1997000.0,15.0,libre_inversion,mora_leve,bueno
685,52.0,M,informal,familiar,bajo,medio,425000.0,3645000.0,36.0,educacion,mora_severa,bueno
686,46.0,F,formal_no_calificado,familiar,bajo,bajo,326000.0,3604000.0,12.0,libre_inversion,mora_leve,bueno
687,44.0,M,informal,familiar,,sin_cuenta,0.0,,21.0,educacion,mora_severa,malo
688,22.0,F,formal_no_calificado,familiar,bajo,sin_cuenta,0.0,3878000.0,12.0,libre_inversion,al_dia,malo
689,37.0,M,formal_calificado,familiar,bajo,sin_cuenta,0.0,4848000.0,18.0,negocio,al_dia,bueno
690,35.0,M,formal_calificado,arrendada,bajo,alto,2494000.0,6516000.0,,educacion,mora_severa,malo
691,53.0,F,informal,propia,bajo,sin_cuenta,0.0,2226000.0,21.0,libre_inversion,al_dia,malo
692,19.0,F,informal,arrendada,alto,bajo,272000.0,3313000.0,15.0,vehiculo,mora_leve,bueno
693,31.0,F,alta_calificacion,arrendada,,medio,406000.0,3958000.0,24.0,vehiculo,al_dia,bueno
694,34.0,M,formal_no_calificado,arrendada,bajo,sin_cuenta,0.0,3686000.0,24.0,libre_inversion,al_dia,bueno
695,24.0,F,informal,arrendada,bajo,bajo,,17136000.0,24.0,vehiculo,al_dia,bueno
696,25.0,M,informal,arrendada,bajo,bajo,124000.0,2609000.0,15.0,remodelacion,mora_leve,malo
697,55.0,M,informal,familiar,medio,medio,464000.0,2096000.0,9.0,educacion,mora_severa,bueno
698,38.0,F,formal_no_calificado,arrendada,bajo,bajo,176000.0,4460000.0,18.0,libre_inversion,al_dia,bueno
699,62.0,F,formal_no_calificado,propia,,sin_cuenta,0.0,1750000.0,9.0,remodelacion,al_dia,bueno
700,31.0,F,formal_no_calificado,arrendada,bajo,sin_cuenta,0.0,1501000.0,9.0,libre_inversion,mora_severa,bueno
701,23.0,M,formal_no_calificado,propia,bajo,sin_cuenta,0.0,7307000.0,21.0,libre_inversion,al_dia,malo
702,30.0,F,formal_no_calificado,propia,muy_alto,sin_cuenta,0.0,3765000.0,18.0,libre_inversion,sin_creditos_previos,bueno
703,28.0,M,informal,arrendada,bajo,alto,1236000.0,13842000.0,24.0,vehiculo,al_dia,bueno
704,42.0,F,informal,familiar,muy_alto,sin_cuenta,0.0,13924000.0,,libre_inversion,sin_creditos_previos,malo
705,41.0,F,informal,propia,bajo,sin_cuenta,0.0,3012000.0,24.0,libre_inversion,al_dia,malo
706,39.0,F,formal_calificado,propia,bajo,bajo,150000.0,16609000.0,57.0,vehiculo,al_dia,bueno
707,71.0,F,formal_calificado,arrendada,medio,sin_cuenta,0.0,4205000.0,15.0,negocio,al_dia,bueno
708,51.0,F,informal,arrendada,bajo,bajo,175000.0,4172000.0,24.0,remodelacion,al_dia,bueno
709,26.0,M,formal_no_calificado,arrendada,alto,sin_cuenta,0.0,2950000.0,21.0,otros,al_dia,bueno
710,46.0,F,formal_no_calificado,arrendada,bajo,medio,399000.0,2348000.0,6.0,libre_inversion,al_dia,bueno
711,33.0,F,formal_no_calificado,arrendada,,sin_cuenta,0.0,4766000.0,15.0,negocio,sin_creditos_previos,malo
712,31.0,M,formal_calificado,familiar,bajo,bajo,285000.0,5752000.0,9.0,libre_inversion,al_dia,bueno
713,53.0,M,alta_calificacion,propia,muy_alto,bajo,,4155000.0,27.0,libre_inversion,mora_leve,bueno
714,25.0,M,informal,arrendada,bajo,sin_cuenta,0.0,4762000.0,12.0,libre_inversion,mora_severa,malo
715,45.0,F,formal_no_calificado,arrendada,bajo,sin_cuenta,0.0,9296000.0,12.0,vehiculo,al_dia,bueno
716,42.0,F,formal_no_calificado,propia,medio,bajo,54000.0,6408000.0,36.0,libre_inversion,al_dia,bueno
717,25.0,F,formal_no_calificado,familiar,bajo,medio,808000.0,5445000.0,21.0,educacion,al_dia,bueno
718,22.0,M,informal,propia,medio,bajo,263000.0,7586000.0,,educacion,al_dia,bueno
719,32.0,M,formal_no_calificado,propia,bajo,bajo,207000.0,3073000.0,,libre_inversion,al_dia,bueno
720,49.0,M,informal,propia,medio,bajo,,4312000.0,9.0,educacion,al_dia,bueno
721,37.0,M,formal_calificado,propia,bajo,bajo,80000.0,1219000.0,9.0,libre_inversion,mora_severa,bueno
722,54.0,M,formal_no_calificado,arrendada,bajo,medio,265000.0,3549000.0,,libre_inversion,al_dia,bueno
723,36.0,M,informal,arrendada,medio,sin_cuenta,0.0,4828000.0,33.0,libre_inversion,al_dia,bueno
724,55.0,M,alta_calificacion,arrendada,bajo,bajo,99000.0,3224000.0,15.0,libre_inversion,al_dia,bueno
725,28.0,M,formal_calificado,arrendada,bajo,medio,757000.0,7156000.0,33.0,libre_inversion,sin_creditos_previos,bueno
726,39.0,F,formal_no_calificado,arrendada,bajo,bajo,106000.0,2151000.0,15.0,libre_inversion,mora_severa,malo
727,29.0,M,alta_calificacion,familiar,bajo,bajo,115000.0,4767000.0,15.0,vehiculo,al_dia,bueno
728,32.0,M,formal_calificado,familiar,medio,medio,421000.0,3203000.0,18.0,negocio,mora_severa,malo
729,34.0,F,informal,propia,medio,bajo,121000.0,6361000.0,12.0,negocio,mora_severa,bueno
730,37.0,F,formal_no_calificado,arrendada,bajo,bajo,80000.0,6359000.0,27.0,otros,al_dia,bueno
731,27.0,F,formal_no_calificado,familiar,bajo,sin_cuenta,0.0,5210000.0,33.0,libre_inversion,al_dia,bueno
732,38.0,F,,arrendada,bajo,sin_cuenta,0.0,1631000.0,9.0,libre_inversion,al_dia,bueno
733,34.0,F,alta_calificacion,propia,medio,sin_cuenta,0.0,1497000.0,15.0,electrodomesticos,mora_leve,bueno
734,23.0,F,formal_no_calificado,propia,alto,medio,607000.0,2793000.0,33.0,electrodomesticos,al_dia,bueno
735,21.0,F,informal,familiar,bajo,bajo,592000.0,1442000.0,12.0,libre_inversion,al_dia,bueno
736,48.0,M,formal_no_calificado,arrendada,medio,alto,618000.0,1678000.0,12.0,educacion,al_dia,bueno
737,31.0,F,formal_calificado,arrendada,bajo,sin_cuenta,0.0,10952000.0,42.0,otros,al_dia,malo
738,22.0,M,informal,familiar,bajo,sin_cuenta,0.0,23227000.0,45.0,vehiculo,sin_creditos_previos,malo
739,59.0,M,informal,propia,muy_alto,bajo,,1898000.0,21.0,otros,al_dia,bueno
740,40.0,M,informal,familiar,bajo,sin_cuenta,0.0,4789000.0,18.0,libre_inversion,al_dia,malo
741,37.0,M,formal_calificado,arrendada,bajo,bajo,192000.0,8550000.0,48.0,vehiculo,mora_severa,malo
742,26.0,M,informal,arrendada,bajo,sin_cuenta,0.0,9544000.0,36.0,libre_inversion,al_dia,bueno
743,23.0,F,informal,propia,bajo,sin_cuenta,0.0,6420000.0,48.0,electrodomesticos,mora_severa,malo
744,35.0,M,informal,propia,bajo,bajo,160000.0,1837000.0,12.0,libre_inversion,al_dia,bueno
745,33.0,M,formal_no_calificado,propia,bajo,bajo,487000.0,2520000.0,15.0,electrodomesticos,al_dia,bueno
746,24.0,M,informal,propia,bajo,sin_cuenta,0.0,2289000.0,6.0,libre_inversion,al_dia,malo
747,24.0,M,informal,propia,bajo,sin_cuenta,0.0,872000.0,6.0,vehiculo,al_dia,bueno
748,24.0,F,formal_calificado,propia,bajo,sin_cuenta,0.0,2409000.0,6.0,remodelacion,al_dia,bueno
749,24.0,M,informal,arrendada,bajo,sin_cuenta,0.0,3459000.0,15.0,vehiculo,mora_leve,bueno
750,27.0,M,informal,familiar,alto,alto,2383000.0,3228000.0,12.0,electrodomesticos,al_dia,malo
751,37.0,M,formal_no_calificado,propia,bajo,medio,545000.0,5429000.0,21.0,otros,mora_severa,malo
752,39.0,M,informal,propia,medio,sin_cuenta,0.0,2172000.0,12.0,negocio,al_dia,bueno
753,33.0,M,informal,arrendada,bajo,sin_cuenta,0.0,4948000.0,39.0,otros,mora_leve,bueno
754,35.0,M,informal,arrendada,bajo,sin_cuenta,0.0,2941000.0,12.0,libre_inversion,al_dia,bueno
755,40.0,F,informal,arrendada,bajo,sin_cuenta,0.0,1336000.0,6.0,electrodomesticos,mora_severa,malo
756,20.0,F,formal_no_calificado,familiar,bajo,alto,5415000.0,2468000.0,9.0,educacion,mora_severa,malo
757,35.0,F,alta_calificacion,propia,bajo,sin_cuenta,0.0,12552000.0,36.0,negocio,mora_severa,bueno
758,51.0,M,informal,arrendada,bajo,medio,454000.0,1738000.0,12.0,libre_inversion,mora_severa,bueno
759,31.0,M,formal_no_calificado,familiar,medio,medio,1164000.0,4661000.0,27.0,otros,al_dia,malo
760,47.0,F,alta_calificacion,arrendada,alto,medio,487000.0,6686000.0,21.0,vehiculo,al_dia,bueno
761,31.0,M,formal_no_calificado,arrendada,bajo,bajo,431000.0,3348000.0,33.0,educacion,al_dia,bueno
762,41.0,F,,familiar,bajo,sin_cuenta,0.0,6364000.0,42.0,electrodomesticos,mora_severa,malo
763,37.0,M,formal_no_calificado,propia,bajo,medio,879000.0,3360000.0,21.0,libre_inversion,al_dia,bueno
764,24.0,M,formal_no_calificado,propia,medio,medio,886000.0,7623000.0,21.0,libre_inversion,al_dia,bueno
765,25.0,M,alta_calificacion,propia,alto,bajo,104000.0,2105000.0,6.0,libre_inversion,al_dia,bueno
766,55.0,F,informal,familiar,bajo,sin_cuenta,0.0,4370000.0,18.0,remodelacion,al_dia,bueno
767,44.0,F,formal_calificado,familiar,bajo,sin_cuenta,0.0,3434000.0,15.0,electrodomesticos,al_dia,bueno
768,32.0,F,formal_no_calificado,propia,medio,sin_cuenta,0.0,10491000.0,24.0,vehiculo,mora_leve,malo
769,31.0,M,formal_no_calificado,arrendada,bajo,sin_cuenta,0.0,5828000.0,27.0,remodelacion,al_dia,bueno
770,26.0,F,formal_no_calificado,arrendada,alto,bajo,189000.0,647000.0,9.0,electrodomesticos,al_dia,bueno
771,38.0,M,informal,propia,bajo,medio,514000.0,3200000.0,18.0,libre_inversion,mora_severa,bueno
772,27.0,M,informal,familiar,alto,bajo,146000.0,5695000.0,36.0,libre_inversion,al_dia,bueno
773,30.0,F,alta_calificacion,arrendada,bajo,bajo,,8342000.0,27.0,vehiculo,al_dia,bueno
774,27.0,F,formal_no_calificado,familiar,bajo,medio,299000.0,6215000.0,21.0,vehiculo,al_dia,bueno
775,43.0,M,formal_calificado,arrendada,bajo,bajo,147000.0,,24.0,negocio,al_dia,bueno
776,32.0,M,informal,propia,bajo,bajo,155000.0,1944000.0,6.0,otros,mora_severa,bueno
777,35.0,M,informal,arrendada,muy_alto,medio,,1932000.0,18.0,electrodomesticos,sin_creditos_previos,bueno
778,24.0,M,informal,arrendada,bajo,sin_cuenta,0.0,,12.0,libre_inversion,mora_severa,bueno
779,27.0,M,informal,propia,medio,medio,1207000.0,5402000.0,42.0,educacion,al_dia,bueno
780,35.0,F,formal_no_calificado,propia,bajo,sin_cuenta,0.0,18480000.0,57.0,libre_inversion,mora_severa,malo
781,22.0,M,alta_calificacion,familiar,bajo,bajo,185000.0,2593000.0,12.0,electrodomesticos,al_dia,bueno
782,31.0,F,formal_calificado,arrendada,bajo,bajo,185000.0,4362000.0,45.0,otros,al_dia,bueno
783,33.0,M,formal_no_calificado,arrendada,bajo,bajo,386000.0,3990000.0,27.0,negocio,al_dia,bueno
784,23.0,M,informal,propia,bajo,bajo,98000.0,1443000.0,6.0,negocio,mora_severa,malo
785,47.0,M,formal_no_calificado,arrendada,bajo,sin_cuenta,0.0,16720000.0,,libre_inversion,al_dia,bueno
786,,M,formal_no_calificado,arrendada,bajo,medio,783000.0,12948000.0,33.0,vehiculo,mora_severa,bueno
787,32.0,F,formal_calificado,propia,bajo,sin_cuenta,0.0,3411000.0,18.0,educacion,mora_leve,bueno
788,27.0,F,formal_no_calificado,propia,bajo,bajo,291000.0,4779000.0,27.0,libre_inversion,mora_severa,bueno
789,22.0,F,,arrendada,bajo,medio,645000.0,2314000.0,27.0,educacion,mora_severa,bueno
790,45.0,M,,arrendada,bajo,bajo,85000.0,11656000.0,42.0,vehiculo,al_dia,bueno
791,29.0,F,alta_calificacion,propia,alto,medio,437000.0,21669000.0,42.0,negocio,al_dia,bueno
792,23.0,F,formal_calificado,familiar,bajo,sin_cuenta,0.0,4177000.0,15.0,vehiculo,al_dia,bueno
793,27.0,M,alta_calificacion,propia,bajo,sin_cuenta,0.0,2092000.0,12.0,libre_inversion,mora_severa,bueno
794,,F,informal,familiar,medio,sin_cuenta,0.0,4295000.0,12.0,negocio,al_dia,bueno
795,36.0,F,formal_no_calificado,propia,bajo,medio,1548000.0,1607000.0,12.0,remodelacion,mora_severa,bueno
796,24.0,F,informal,arrendada,bajo,medio,370000.0,5879000.0,15.0,vehiculo,sin_creditos_previos,malo
797,48.0,F,formal_calificado,arrendada,bajo,medio,645000.0,1779000.0,15.0,otros,al_dia,bueno
798,23.0,F,informal,arrendada,alto,bajo,188000.0,1308000.0,12.0,electrodomesticos,mora_leve,bueno
799,52.0,M,formal_calificado,familiar,bajo,sin_cuenta,0.0,2035000.0,18.0,electrodomesticos,al_dia,bueno
800,35.0,F,informal,propia,bajo,sin_cuenta,0.0,10435000.0,39.0,vehiculo,sin_creditos_previos,bueno
801,29.0,F,informal,propia,bajo,bajo,304000.0,5675000.0,18.0,negocio,al_dia,malo
802,31.0,M,informal,propia,bajo,sin_cuenta,0.0,1215000.0,9.0,electrodomesticos,al_dia,bueno
803,34.0,F,formal_no_calificado,arrendada,bajo,bajo,229000.0,,12.0,remodelacion,al_dia,bueno
804,39.0,M,formal_calificado,familiar,,medio,787000.0,8391000.0,48.0,otros,al_dia,bueno
805,21.0,M,alta_calificacion,propia,,sin_cuenta,0.0,4349000.0,36.0,libre_inversion,mora_severa,malo
806,26.0,F,formal_no_calificado,arrendada,medio,medio,291000.0,941000.0,12.0,educacion,sin_creditos_previos,bueno
807,34.0,F,formal_no_calificado,arrendada,bajo,bajo,135000.0,8490000.0,42.0,educacion,al_dia,bueno
808,49.0,F,formal_calificado,familiar,bajo,sin_cuenta,0.0,4056000.0,30.0,libre_inversion,mora_severa,bueno
809,48.0,F,informal,arrendada,medio,sin_cuenta,0.0,11848000.0,45.0,remodelacion,mora_leve,malo
810,57.0,M,formal_calificado,familiar,bajo,bajo,193000.0,1470000.0,6.0,negocio,al_dia,bueno
811,47.0,F,formal_calificado,arrendada,bajo,medio,393000.0,678000.0,12.0,electrodomesticos,mora_severa,bueno
812,26.0,F,formal_no_calificado,familiar,medio,bajo,439000.0,5296000.0,30.0,libre_inversion,al_dia,bueno
813,33.0,F,informal,arrendada,bajo,sin_cuenta,0.0,7430000.0,24.0,libre_inversion,al_dia,bueno
814,48.0,M,informal,propia,bajo,sin_cuenta,0.0,8935000.0,42.0,libre_inversion,al_dia,malo
815,46.0,M,informal,familiar,muy_alto,medio,464000.0,5453000.0,33.0,vehiculo,al_dia,bueno
816,31.0,F,alta_calificacion,arrendada,bajo,sin_cuenta,0.0,1052000.0,6.0,remodelacion,mora_leve,bueno
817,39.0,M,formal_no_calificado,propia,bajo,bajo,,2829000.0,27.0,electrodomesticos,mora_leve,malo
818,29.0,M,formal_no_calificado,arrendada,bajo,sin_cuenta,0.0,3965000.0,33.0,electrodomesticos,mora_leve,malo
819,22.0,F,formal_no_calificado,familiar,bajo,medio,959000.0,2348000.0,9.0,vehiculo,mora_leve,bueno
820,32.0,F,formal_calificado,arrendada,bajo,sin_cuenta,0.0,2032000.0,21.0,remodelacion,al_dia,bueno
821,31.0,F,informal,propia,bajo,sin_cuenta,0.0,3449000.0,12.0,negocio,al_dia,bueno
822,28.0,F,informal,familiar,bajo,bajo,229000.0,9821000.0,24.0,educacion,al_dia,bueno
823,39.0,F,formal_no_calificado,arrendada,,medio,469000.0,2479000.0,15.0,remodelacion,al_dia,bueno
824,31.0,M,informal,propia,medio,alto,1272000.0,1922000.0,18.0,libre_inversion,al_dia,bueno
825,38.0,F,informal,propia,bajo,alto,1246000.0,10842000.0,33.0,otros,al_dia,bueno
826,42.0,F,formal_no_calificado,propia,bajo,bajo,290000.0,11220000.0,15.0,negocio,mora_severa,bueno
827,75.0,F,informal,arrendada,bajo,bajo,129000.0,2167000.0,15.0,otros,sin_creditos_previos,malo
828,32.0,M,alta_calificacion,propia,bajo,bajo,461000.0,3768000.0,15.0,remodelacion,mora_severa,bueno
829,49.0,M,formal_calificado,propia,bajo,bajo,565000.0,7677000.0,21.0,vehiculo,al_dia,bueno
830,36.0,F,alta_calificacion,propia,bajo,sin_cuenta,0.0,7634000.0,15.0,vehiculo,al_dia,bueno
831,36.0,F,alta_calificacion,familiar,bajo,medio,271000.0,2406000.0,12.0,vehiculo,al_dia,bueno
832,32.0,F,informal,arrendada,bajo,alto,1813000.0,9331000.0,30.0,vehiculo,mora_severa,bueno
833,35.0,F,informal,arrendada,bajo,sin_cuenta,0.0,3012000.0,15.0,vehiculo,sin_creditos_previos,bueno
834,31.0,F,formal_calificado,arrendada,bajo,sin_cuenta,0.0,3671000.0,18.0,otros,al_dia,bueno
835,46.0,M,informal,propia,alto,sin_cuenta,0.0,7274000.0,27.0,electrodomesticos,mora_severa,bueno
836,27.0,F,alta_calificacion,familiar,bajo,bajo,314000.0,4757000.0,12.0,vehiculo,al_dia,bueno
837,22.0,F,informal,propia,alto,bajo,314000.0,1391000.0,9.0,remodelacion,al_dia,bueno
838,,M,formal_no_calificado,propia,bajo,sin_cuenta,0.0,11479000.0,39.0,libre_inversion,al_dia,bueno
839,27.0,M,formal_no_calificado,propia,bajo,bajo,58000.0,3401000.0,24.0,libre_inversion,al_dia,bueno
840,28.0,F,alta_calificacion,propia,alto,medio,257000.0,5006000.0,18.0,remodelacion,al_dia,bueno
841,32.0,F,formal_no_calificado,propia,bajo,sin_cuenta,0.0,4805000.0,21.0,vehiculo,al_dia,bueno
842,28.0,M,formal_no_calificado,arrendada,medio,medio,392000.0,4411000.0,45.0,libre_inversion,al_dia,bueno
843,32.0,M,informal,arrendada,bajo,medio,263000.0,2500000.0,27.0,electrodomesticos,sin_creditos_previos,bueno
844,28.0,M,,propia,medio,bajo,74000.0,500000.0,,libre_inversion,al_dia,bueno
845,36.0,F,formal_calificado,arrendada,,sin_cuenta,0.0,2083000.0,18.0,libre_inversion,mora_leve,malo
846,74.0,F,formal_no_calificado,arrendada,bajo,alto,4243000.0,7698000.0,21.0,electrodomesticos,mora_leve,malo
847,35.0,M,formal_calificado,familiar,bajo,sin_cuenta,0.0,829000.0,18.0,otros,al_dia,bueno
848,28.0,F,informal,propia,bajo,sin_cuenta,0.0,580000.0,6.0,libre_inversion,mora_leve,bueno
849,19.0,M,,familiar,bajo,sin_cuenta,0.0,7016000.0,9.0,vehiculo,mora_severa,malo
850,63.0,M,alta_calificacion,arrendada,medio,medio,911000.0,545000.0,,electrodomesticos,mora_severa,bueno
851,37.0,M,,arrendada,,sin_cuenta,0.0,8916000.0,51.0,remodelacion,mora_severa,malo
852,31.0,F,,propia,bajo,bajo,155000.0,2413000.0,18.0,electrodomesticos,al_dia,bueno
853,20.0,F,formal_no_calificado,arrendada,medio,medio,931000.0,2034000.0,21.0,educacion,mora_severa,bueno
854,32.0,M,alta_calificacion,propia,bajo,bajo,110000.0,8834000.0,18.0,negocio,al_dia,bueno
855,35.0,F,informal,arrendada,bajo,bajo,237000.0,1687000.0,9.0,libre_inversion,sin_creditos_previos,bueno
856,28.0,F,informal,arrendada,medio,sin_cuenta,0.0,2730000.0,12.0,negocio,al_dia,bueno
857,23.0,F,formal_calificado,propia,bajo,medio,600000.0,3657000.0,12.0,libre_inversion,al_dia,bueno
858,23.0,F,formal_no_calificado,propia,bajo,sin_cuenta,0.0,5485000.0,51.0,educacion,mora_leve,bueno
859,64.0,F,formal_no_calificado,familiar,bajo,sin_cuenta,0.0,4080000.0,18.0,remodelacion,mora_severa,malo
860,34.0,M,informal,arrendada,bajo,sin_cuenta,0.0,1026000.0,12.0,electrodomesticos,mora_severa,bueno
861,28.0,M,informal,arrendada,medio,bajo,29000.0,5893000.0,33.0,vehiculo,mora_leve,malo
862,33.0,F,alta_calificacion,familiar,bajo,sin_cuenta,0.0,5238000.0,15.0,electrodomesticos,al_dia,malo
863,33.0,F,formal_no_calificado,propia,bajo,bajo,236000.0,1894000.0,9.0,libre_inversion,mora_severa,bueno
864,22.0,M,alta_calificacion,arrendada,bajo,sin_cuenta,0.0,2581000.0,12.0,electrodomesticos,al_dia,bueno
865,45.0,F,alta_calificacion,arrendada,muy_alto,bajo,146000.0,3386000.0,33.0,electrodomesticos,al_dia,bueno
866,,F,formal_no_calificado,propia,bajo,sin_cuenta,0.0,3099000.0,15.0,vehiculo,al_dia,bueno
867,34.0,F,formal_no_calificado,propia,alto,bajo,118000.0,1599000.0,21.0,vehiculo,mora_severa,bueno
868,55.0,F,formal_no_calificado,familiar,bajo,medio,517000.0,5150000.0,18.0,vehiculo,al_dia,bueno
869,23.0,M,formal_calificado,propia,bajo,sin_cuenta,0.0,2570000.0,27.0,educacion,mora_severa,bueno
870,26.0,F,formal_no_calificado,propia,bajo,medio,898000.0,5255000.0,15.0,vehiculo,al_dia,bueno
871,37.0,F,informal,arrendada,,bajo,511000.0,901000.0,12.0,electrodomesticos,sin_creditos_previos,bueno
872,,M,alta_calificacion,arrendada,bajo,sin_cuenta,0.0,2645000.0,12.0,otros,mora_leve,bueno
873,27.0,M,formal_no_calificado,arrendada,bajo,sin_cuenta,0.0,14744000.0,30.0,libre_inversion,mora_leve,bueno
874,28.0,F,formal_calificado,propia,bajo,sin_cuenta,0.0,8856000.0,12.0,libre_inversion,mora_severa,bueno
875,41.0,M,informal,arrendada,,medio,878000.0,7280000.0,21.0,negocio,al_dia,bueno
876,71.0,M,formal_no_calificado,arrendada,bajo,sin_cuenta,0.0,7700000.0,36.0,remodelacion,al_dia,malo
877,34.0,M,formal_calificado,arrendada,bajo,alto,728000.0,4300000.0,18.0,vehiculo,al_dia,bueno
878,26.0,M,formal_calificado,familiar,bajo,medio,347000.0,3139000.0,24.0,libre_inversion,al_dia,bueno
879,24.0,M,informal,propia,medio,bajo,,1074000.0,12.0,electrodomesticos,al_dia,bueno
880,32.0,F,informal,arrendada,alto,alto,1483000.0,6390000.0,15.0,educacion,al_dia,bueno
881,44.0,F,formal_calificado,arrendada,alto,sin_cuenta,0.0,9605000.0,36.0,vehiculo,al_dia,bueno
882,75.0,F,alta_calificacion,arrendada,alto,medio,374000.0,21946000.0,27.0,negocio,mora_severa,bueno
883,30.0,M,informal,arrendada,bajo,sin_cuenta,0.0,2229000.0,18.0,libre_inversion,al_dia,malo
884,34.0,M,informal,propia,bajo,bajo,62000.0,2275000.0,18.0,electrodomesticos,al_dia,bueno
885,59.0,M,formal_no_calificado,arrendada,bajo,sin_cuenta,0.0,1598000.0,15.0,libre_inversion,al_dia,malo
886,36.0,F,informal,arrendada,alto,medio,881000.0,4588000.0,27.0,electrodomesticos,al_dia,bueno
887,35.0,F,informal,arrendada,bajo,sin_cuenta,0.0,3345000.0,12.0,negocio,al_dia,bueno
888,54.0,M,formal_no_calificado,propia,bajo,bajo,214000.0,4990000.0,27.0,libre_inversion,mora_leve,bueno
889,34.0,F,formal_no_calificado,propia,bajo,medio,693000.0,5017000.0,45.0,electrodomesticos,sin_creditos_previos,malo
890,25.0,M,informal,propia,medio,sin_cuenta,0.0,8990000.0,21.0,vehiculo,mora_severa,bueno
891,50.0,M,informal,propia,bajo,alto,1198000.0,4240000.0,9.0,vehiculo,sin_creditos_previos,bueno
892,22.0,F,alta_calificacion,propia,medio,bajo,205000.0,5097000.0,18.0,libre_inversion,mora_leve,bueno
893,46.0,M,formal_no_calificado,propia,alto,medio,834000.0,3493000.0,42.0,electrodomesticos,al_dia,bueno
894,33.0,F,formal_calificado,propia,bajo,bajo,147000.0,3629000.0,18.0,otros,al_dia,bueno
895,30.0,M,informal,propia,medio,medio,365000.0,1413000.0,9.0,libre_inversion,al_dia,bueno
896,30.0,F,formal_calificado,familiar,bajo,medio,395000.0,6440000.0,18.0,libre_inversion,al_dia,bueno
897,32.0,M,,arrendada,bajo,sin_cuenta,0.0,8076000.0,39.0,libre_inversion,sin_creditos_previos,malo
898,29.0,M,informal,propia,bajo,medio,771000.0,1904000.0,12.0,electrodomesticos,al_dia,bueno
899,38.0,M,formal_no_calificado,arrendada,bajo,alto,3070000.0,6312000.0,39.0,libre_inversion,al_dia,bueno
900,29.0,F,formal_calificado,arrendada,bajo,medio,410000.0,1791000.0,15.0,otros,al_dia,bueno
901,21.0,F,formal_no_calificado,propia,medio,alto,2011000.0,13636000.0,63.0,remodelacion,al_dia,bueno
902,33.0,F,formal_calificado,arrendada,medio,medio,259000.0,5993000.0,15.0,remodelacion,mora_severa,bueno
903,20.0,M,informal,propia,bajo,sin_cuenta,0.0,1634000.0,12.0,libre_inversion,mora_severa,bueno
904,33.0,M,formal_no_calificado,arrendada,bajo,medio,414000.0,3914000.0,6.0,vehiculo,mora_leve,bueno
905,29.0,M,alta_calificacion,propia,bajo,medio,533000.0,4981000.0,18.0,educacion,mora_severa,bueno
906,45.0,F,informal,arrendada,bajo,sin_cuenta,0.0,787000.0,15.0,electrodomesticos,al_dia,bueno
907,,M,informal,propia,muy_alto,sin_cuenta,0.0,5544000.0,42.0,educacion,al_dia,bueno
908,43.0,M,informal,propia,bajo,sin_cuenta,0.0,19084000.0,30.0,remodelacion,al_dia,malo
909,41.0,F,alta_calificacion,arrendada,medio,medio,1522000.0,10650000.0,39.0,negocio,mora_leve,bueno
910,41.0,F,informal,propia,alto,medio,377000.0,6952000.0,33.0,vehiculo,mora_leve,bueno
911,31.0,M,informal,arrendada,bajo,medio,577000.0,2530000.0,18.0,educacion,mora_leve,bueno
912,34.0,M,formal_calificado,propia,bajo,sin_cuenta,0.0,12074000.0,72.0,libre_inversion,al_dia,malo
913,38.0,M,formal_calificado,arrendada,medio,sin_cuenta,0.0,3742000.0,18.0,electrodomesticos,al_dia,bueno
914,34.0,F,formal_no_calificado,arrendada,bajo,sin_cuenta,0.0,4493000.0,24.0,remodelacion,al_dia,bueno
915,31.0,M,alta_calificacion,familiar,bajo,medio,1837000.0,11167000.0,51.0,vehiculo,al_dia,bueno
916,25.0,F,informal,arrendada,medio,medio,327000.0,1932000.0,30.0,libre_inversion,al_dia,bueno
917,33.0,M,formal_no_calificado,familiar,alto,medio,859000.0,4512000.0,21.0,vehiculo,mora_leve,bueno
918,22.0,F,formal_no_calificado,propia,medio,sin_cuenta,0.0,3651000.0,27.0,libre_inversion,mora_leve,bueno
919,20.0,F,informal,arrendada,medio,medio,404000.0,1923000.0,12.0,electrodomesticos,al_dia,bueno
920,24.0,M,formal_calificado,arrendada,medio,bajo,667000.0,3509000.0,15.0,libre_inversion,mora_severa,malo
921,41.0,M,formal_no_calificado,propia,bajo,medio,745000.0,6281000.0,24.0,electrodomesticos,al_dia,bueno
922,36.0,M,informal,arrendada,bajo,medio,2157000.0,1768000.0,9.0,vehiculo,sin_creditos_previos,bueno
923,41.0,F,informal,familiar,alto,bajo,185000.0,,12.0,libre_inversion,mora_leve,bueno
924,27.0,F,informal,arrendada,bajo,medio,923000.0,1522000.0,6.0,remodelacion,mora_severa,malo
925,,F,formal_calificado,propia,medio,sin_cuenta,0.0,3736000.0,18.0,vehiculo,mora_leve,bueno
926,23.0,M,informal,arrendada,bajo,medio,649000.0,4321000.0,21.0,electrodomesticos,al_dia,bueno
927,24.0,M,formal_calificado,propia,bajo,medio,354000.0,21432000.0,,negocio,al_dia,bueno
928,47.0,F,informal,arrendada,medio,medio,542000.0,3721000.0,12.0,negocio,mora_severa,bueno
929,35.0,F,alta_calificacion,arrendada,medio,sin_cuenta,0.0,1633000.0,15.0,electrodomesticos,sin_creditos_previos,bueno
930,41.0,F,formal_calificado,propia,bajo,medio,438000.0,19598000.0,,vehiculo,mora_severa,bueno
931,36.0,F,informal,propia,bajo,sin_cuenta,0.0,,33.0,electrodomesticos,sin_creditos_previos,bueno
932,28.0,F,informal,familiar,bajo,medio,269000.0,5486000.0,30.0,vehiculo,al_dia,bueno
933,24.0,M,formal_calificado,propia,bajo,medio,185000.0,2142000.0,12.0,libre_inversion,al_dia,bueno
934,21.0,F,informal,propia,bajo,sin_cuenta,0.0,1025000.0,6.0,libre_inversion,al_dia,bueno
935,61.0,F,informal,propia,,bajo,299000.0,4208000.0,21.0,negocio,al_dia,bueno
936,22.0,F,formal_calificado,arrendada,muy_alto,bajo,198000.0,2369000.0,18.0,libre_inversion,al_dia,bueno
937,,F,formal_calificado,propia,bajo,medio,378000.0,5052000.0,21.0,vehiculo,mora_severa,bueno
938,34.0,M,formal_calificado,arrendada,medio,sin_cuenta,0.0,6635000.0,24.0,libre_inversion,mora_severa,bueno
939,36.0,F,formal_calificado,propia,bajo,medio,587000.0,3947000.0,24.0,libre_inversion,mora_severa,malo
940,35.0,F,formal_no_calificado,propia,bajo,alto,1780000.0,4720000.0,24.0,libre_inversion,al_dia,bueno
941,40.0,M,formal_calificado,propia,bajo,medio,1105000.0,7922000.0,15.0,vehiculo,al_dia,bueno
942,26.0,F,informal,propia,medio,bajo,349000.0,2112000.0,18.0,electrodomesticos,mora_leve,bueno
943,20.0,M,formal_calificado,arrendada,medio,bajo,133000.0,2585000.0,15.0,negocio,mora_severa,bueno
944,28.0,M,formal_no_calificado,propia,bajo,sin_cuenta,0.0,10146000.0,30.0,remodelacion,mora_severa,malo
945,38.0,M,formal_no_calificado,arrendada,bajo,medio,398000.0,1650000.0,9.0,educacion,sin_creditos_previos,bueno
946,24.0,F,alta_calificacion,arrendada,bajo,sin_cuenta,0.0,14257000.0,48.0,electrodomesticos,mora_leve,bueno
947,47.0,F,,propia,medio,sin_cuenta,0.0,5541000.0,18.0,libre_inversion,al_dia,bueno
948,,M,formal_no_calificado,propia,bajo,sin_cuenta,0.0,6937000.0,18.0,negocio,al_dia,malo
949,24.0,M,formal_no_calificado,arrendada,bajo,medio,,5591000.0,15.0,vehiculo,mora_severa,bueno
950,35.0,F,informal,propia,bajo,bajo,,10496000.0,30.0,educacion,mora_severa,bueno
951,38.0,M,informal,arrendada,,medio,234000.0,3878000.0,18.0,libre_inversion,sin_creditos_previos,bueno
952,39.0,M,alta_calificacion,familiar,bajo,sin_cuenta,0.0,1812000.0,15.0,vehiculo,al_dia,bueno
953,47.0,M,informal,propia,bajo,sin_cuenta,0.0,9258000.0,30.0,vehiculo,sin_creditos_previos,bueno
954,22.0,F,formal_no_calificado,arrendada,bajo,bajo,258000.0,3070000.0,12.0,libre_inversion,mora_severa,bueno
955,47.0,M,formal_no_calificado,arrendada,bajo,bajo,195000.0,4061000.0,30.0,remodelacion,al_dia,bueno
956,48.0,F,formal_calificado,propia,muy_alto,sin_cuenta,0.0,6672000.0,9.0,educacion,al_dia,bueno
957,24.0,F,formal_calificado,arrendada,bajo,bajo,262000.0,10525000.0,39.0,negocio,al_dia,malo
958,,M,informal,arrendada,bajo,bajo,112000.0,3377000.0,12.0,educacion,mora_severa,malo
959,42.0,F,informal,arrendada,bajo,medio,385000.0,3423000.0,9.0,educacion,al_dia,bueno
960,29.0,M,formal_calificado,arrendada,bajo,bajo,217000.0,6042000.0,15.0,negocio,al_dia,bueno
961,51.0,M,informal,propia,muy_alto,sin_cuenta,0.0,3205000.0,15.0,remodelacion,al_dia,bueno
962,57.0,M,formal_no_calificado,arrendada,bajo,sin_cuenta,0.0,6048000.0,24.0,educacion,mora_leve,malo
963,,F,informal,arrendada,alto,sin_cuenta,0.0,,9.0,libre_inversion,al_dia,bueno
964,26.0,F,informal,arrendada,bajo,sin_cuenta,0.0,3456000.0,21.0,otros,al_dia,bueno
965,34.0,F,alta_calificacion,arrendada,bajo,medio,155000.0,1192000.0,15.0,electrodomesticos,mora_severa,bueno
966,20.0,F,alta_calificacion,arrendada,bajo,medio,2041000.0,,18.0,libre_inversion,sin_creditos_previos,bueno
967,21.0,M,formal_calificado,arrendada,bajo,sin_cuenta,0.0,1758000.0,9.0,vehiculo,sin_creditos_previos,bueno
968,25.0,F,informal,propia,bajo,medio,666000.0,3803000.0,18.0,educacion,mora_severa,bueno
969,65.0,M,alta_calificacion,arrendada,bajo,sin_cuenta,0.0,2251000.0,12.0,remodelacion,al_dia,bueno
970,36.0,M,formal_no_calificado,arrendada,bajo,medio,654000.0,2260000.0,9.0,libre_inversion,al_dia,bueno
971,27.0,F,alta_calificacion,propia,bajo,sin_cuenta,0.0,4351000.0,27.0,vehiculo,sin_creditos_previos,bueno
972,25.0,M,informal,propia,bajo,sin_cuenta,0.0,1676000.0,,educacion,al_dia,malo
973,24.0,M,informal,propia,bajo,medio,802000.0,3010000.0,21.0,remodelacion,al_dia,malo
974,28.0,M,formal_no_calificado,arrendada,bajo,sin_cuenta,0.0,2330000.0,12.0,libre_inversion,mora_severa,bueno
975,27.0,M,formal_calificado,propia,bajo,sin_cuenta,0.0,3397000.0,18.0,educacion,al_dia,bueno
976,31.0,F,informal,familiar,muy_alto,medio,2404000.0,20055000.0,57.0,remodelacion,mora_severa,bueno
977,39.0,M,informal,familiar,bajo,medio,470000.0,6256000.0,33.0,libre_inversion,sin_creditos_previos,malo
978,32.0,F,formal_no_calificado,familiar,muy_alto,medio,348000.0,14276000.0,45.0,vehiculo,al_dia,bueno
979,43.0,M,alta_calificacion,propia,bajo,bajo,63000.0,6475000.0,33.0,vehiculo,al_dia,bueno
980,30.0,F,formal_calificado,arrendada,alto,sin_cuenta,0.0,3498000.0,18.0,remodelacion,mora_severa,malo
981,59.0,F,alta_calificacion,familiar,bajo,bajo,122000.0,2708000.0,,otros,al_dia,bueno
982,43.0,F,formal_no_calificado,arrendada,bajo,medio,1794000.0,3936000.0,18.0,otros,sin_creditos_previos,bueno
983,35.0,M,formal_calificado,propia,medio,sin_cuenta,0.0,3065000.0,9.0,remodelacion,al_dia,bueno
984,39.0,F,formal_no_calificado,familiar,bajo,sin_cuenta,0.0,3407000.0,21.0,vehiculo,al_dia,bueno
985,28.0,F,informal,arrendada,alto,medio,303000.0,1823000.0,9.0,libre_inversion,al_dia,bueno
986,31.0,F,formal_calificado,arrendada,alto,medio,,1946000.0,15.0,electrodomesticos,al_dia,bueno
987,30.0,M,formal_no_calificado,familiar,bajo,sin_cuenta,0.0,8269000.0,36.0,electrodomesticos,sin_creditos_previos,bueno
988,26.0,M,formal_no_calificado,familiar,bajo,medio,573000.0,4455000.0,33.0,remodelacion,mora_severa,bueno
989,23.0,F,informal,arrendada,bajo,sin_cuenta,0.0,1836000.0,15.0,otros,al_dia,bueno
990,40.0,M,formal_calificado,propia,bajo,bajo,107000.0,9324000.0,45.0,libre_inversion,sin_creditos_previos,malo
991,46.0,M,formal_calificado,arrendada,bajo,medio,758000.0,6247000.0,24.0,vehiculo,al_dia,bueno
992,38.0,F,informal,arrendada,bajo,sin_cuenta,0.0,2911000.0,27.0,electrodomesticos,mora_severa,bueno
993,32.0,M,alta_calificacion,arrendada,bajo,sin_cuenta,0.0,4062000.0,15.0,vehiculo,al_dia,bueno
994,70.0,M,informal,arrendada,muy_alto,bajo,219000.0,7163000.0,30.0,libre_inversion,mora_severa,bueno
995,27.0,F,informal,arrendada,bajo,sin_cuenta,0.0,4145000.0,18.0,electrodomesticos,sin_creditos_previos,malo
996,35.0,M,informal,arrendada,bajo,medio,271000.0,,12.0,libre_inversion,al_dia,bueno
997,48.0,M,formal_no_calificado,familiar,bajo,alto,1967000.0,6918000.0,24.0,vehiculo,mora_leve,bueno
998,24.0,M,informal,familiar,bajo,bajo,122000.0,4264000.0,18.0,otros,mora_severa,bueno
999,41.0,M,formal_calificado,arrendada,bajo,medio,2487000.0,6588000.0,18.0,vehiculo,sin_creditos_previos,malo
1000,60.0,M,,arrendada,bajo,medio,484000.0,5435000.0,27.0,libre_inversion,al_dia,bueno
1001,33.0,F,formal_no_calificado,arrendada,,medio,406000.0,4770000.0,9.0,negocio,mora_severa,bueno
1002,35.0,M,formal_calificado,arrendada,bajo,medio,807000.0,1421000.0,12.0,libre_inversion,al_dia,bueno
1003,27.0,M,alta_calificacion,propia,bajo,sin_cuenta,0.0,4005000.0,24.0,libre_inversion,al_dia,bueno
1004,39.0,F,formal_no_calificado,arrendada,muy_alto,medio,,1019000.0,9.0,otros,al_dia,bueno
1005,26.0,M,informal,arrendada,bajo,sin_cuenta,0.0,2015000.0,12.0,educacion,al_dia,bueno
1006,32.0,M,informal,arrendada,bajo,sin_cuenta,0.0,5334000.0,30.0,vehiculo,al_dia,bueno
1007,22.0,M,formal_no_calificado,familiar,bajo,bajo,74000.0,1736000.0,9.0,remodelacion,mora_severa,bueno
1008,19.0,M,informal,familiar,bajo,sin_cuenta,0.0,5144000.0,33.0,electrodomesticos,sin_creditos_previos,malo
1009,29.0,M,formal_calificado,familiar,bajo,sin_cuenta,0.0,2309000.0,27.0,negocio,mora_severa,malo
1010,28.0,M,formal_no_calificado,familiar,bajo,bajo,116000.0,3064000.0,27.0,electrodomesticos,mora_severa,malo
1011,29.0,F,formal_no_calificado,arrendada,bajo,sin_cuenta,0.0,1988000.0,9.0,remodelacion,al_dia,bueno
1012,42.0,F,informal,familiar,bajo,medio,754000.0,5389000.0,33.0,libre_inversion,mora_leve,malo
1013,46.0,F,informal,familiar,bajo,alto,3509000.0,1817000.0,21.0,libre_inversion,al_dia,bueno
1014,36.0,M,informal,arrendada,muy_alto,medio,298000.0,12905000.0,45.0,libre_inversion,al_dia,bueno
1015,41.0,F,formal_calificado,propia,bajo,sin_cuenta,0.0,5563000.0,27.0,electrodomesticos,al_dia,bueno
1016,26.0,F,formal_calificado,propia,bajo,bajo,233000.0,4160000.0,18.0,electrodomesticos,sin_creditos_previos,bueno
1017,25.0,M,formal_no_calificado,arrendada,bajo,sin_cuenta,0.0,2380000.0,9.0,vehiculo,mora_severa,malo
1018,39.0,F,formal_no_calificado,arrendada,bajo,bajo,176000.0,4916000.0,24.0,libre_inversion,sin_creditos_previos,malo
1019,24.0,F,formal_no_calificado,arrendada,bajo,sin_cuenta,0.0,6892000.0,30.0,vehiculo,al_dia,bueno
1020,24.0,M,informal,arrendada,bajo,bajo,104000.0,3385000.0,30.0,libre_inversion,al_dia,bueno
1021,75.0,F,informal,arrendada,,sin_cuenta,0.0,1650000.0,9.0,negocio,al_dia,bueno
1022,34.0,M,informal,propia,bajo,alto,4295000.0,14194000.0,45.0,negocio,al_dia,bueno
1023,28.0,M,informal,propia,bajo,sin_cuenta,0.0,2449000.0,12.0,electrodomesticos,al_dia,bueno
1024,,M,informal,arrendada,bajo,bajo,269000.0,17610000.0,33.0,negocio,mora_severa,bueno
1025,22.0,M,formal_calificado,propia,bajo,sin_cuenta,0.0,2663000.0,12.0,remodelacion,al_dia,bueno
1026,36.0,F,informal,familiar,bajo,bajo,,1200000.0,12.0,electrodomesticos,mora_leve,malo
1027,30.0,F,informal,familiar,muy_alto,medio,647000.0,1580000.0,12.0,electrodomesticos,sin_creditos_previos,bueno
1028,46.0,M,informal,arrendada,,sin_cuenta,0.0,3704000.0,12.0,libre_inversion,mora_severa,bueno
1029,39.0,F,informal,arrendada,bajo,sin_cuenta,0.0,3827000.0,9.0,libre_inversion,al_dia,bueno
1030,30.0,F,informal,familiar,bajo,sin_cuenta,0.0,2188000.0,9.0,electrodomesticos,al_dia,bueno
1031,20.0,F,informal,familiar,bajo,bajo,281000.0,2017000.0,6.0,libre_inversion,mora_severa,bueno
1032,,F,informal,arrendada,bajo,bajo,41000.0,2541000.0,6.0,educacion,mora_severa,bueno
1033,33.0,F,alta_calificacion,familiar,bajo,medio,429000.0,9602000.0,51.0,libre_inversion,al_dia,bueno
1034,20.0,F,,arrendada,bajo,medio,393000.0,7901000.0,21.0,vehiculo,al_dia,bueno
1035,38.0,M,,propia,bajo,sin_cuenta,0.0,4000000.0,18.0,electrodomesticos,al_dia,bueno
1036,24.0,F,formal_no_calificado,arrendada,bajo,medio,356000.0,5086000.0,21.0,libre_inversion,mora_leve,malo
1037,47.0,M,informal,arrendada,bajo,medio,972000.0,4360000.0,15.0,libre_inversion,al_dia,bueno
1038,32.0,M,formal_no_calificado,familiar,bajo,bajo,,1826000.0,18.0,electrodomesticos,al_dia,bueno
1039,27.0,M,informal,propia,medio,sin_cuenta,0.0,5597000.0,15.0,libre_inversion,al_dia,bueno
1040,35.0,M,formal_calificado,arrendada,bajo,medio,493000.0,3585000.0,24.0,libre_inversion,mora_severa,bueno
1041,35.0,F,alta_calificacion,arrendada,bajo,bajo,,9451000.0,30.0,libre_inversion,al_dia,bueno
1042,34.0,F,formal_calificado,familiar,bajo,sin_cuenta,0.0,1585000.0,12.0,electrodomesticos,al_dia,bueno
1043,45.0,M,,arrendada,bajo,sin_cuenta,0.0,1535000.0,9.0,educacion,al_dia,bueno
1044,,F,formal_no_calificado,propia,bajo,bajo,48000.0,1256000.0,15.0,educacion,mora_severa,bueno
1045,27.0,M,informal,familiar,bajo,bajo,75000.0,3671000.0,12.0,vehiculo,al_dia,bueno
1046,30.0,F,formal_calificado,arrendada,bajo,sin_cuenta,0.0,2897000.0,24.0,remodelacion,al_dia,bueno
1047,53.0,M,informal,familiar,,medio,549000.0,2023000.0,18.0,otros,mora_severa,bueno
1048,26.0,M,formal_no_calificado,familiar,bajo,sin_cuenta,0.0,5166000.0,12.0,vehiculo,al_dia,malo
1049,38.0,F,informal,propia,muy_alto,sin_cuenta,0.0,7127000.0,51.0,negocio,al_dia,bueno
1050,45.0,M,formal_no_calificado,familiar,medio,sin_cuenta,0.0,2393000.0,6.0,educacion,mora_severa,bueno
1051,39.0,M,informal,arrendada,bajo,medio,,16574000.0,27.0,libre_inversion,mora_severa,malo
1052,34.0,M,informal,familiar,bajo,sin_cuenta,0.0,3241000.0,12.0,vehiculo,al_dia,bueno
1053,35.0,M,formal_no_calificado,propia,bajo,medio,1118000.0,4623000.0,15.0,otros,al_dia,bueno
1054,40.0,F,,arrendada,bajo,bajo,263000.0,2351000.0,24.0,libre_inversion,al_dia,malo
1055,26.0,M,informal,propia,bajo,sin_cuenta,0.0,1466000.0,6.0,libre_inversion,sin_creditos_previos,bueno
1056,33.0,M,informal,propia,medio,sin_cuenta,0.0,5356000.0,24.0,libre_inversion,al_dia,bueno
1057,70.0,F,formal_calificado,familiar,alto,bajo,182000.0,23775000.0,30.0,libre_inversion,mora_leve,bueno
1058,38.0,F,formal_no_calificado,propia,bajo,bajo,171000.0,5150000.0,33.0,libre_inversion,mora_severa,malo
1059,34.0,M,formal_no_calificado,propia,bajo,sin_cuenta,0.0,5054000.0,12.0,vehiculo,mora_severa,bueno
1060,29.0,F,formal_no_calificado,familiar,,bajo,110000.0,5137000.0,27.0,educacion,sin_creditos_previos,malo
1061,26.0,M,formal_no_calificado,arrendada,alto,bajo,312000.0,5151000.0,33.0,libre_inversion,al_dia,bueno
1062,36.0,M,,arrendada,bajo,alto,4052000.0,8235000.0,,negocio,mora_severa,bueno
1063,37.0,F,informal,familiar,muy_alto,medio,359000.0,3306000.0,21.0,otros,al_dia,bueno
1064,32.0,M,formal_no_calificado,arrendada,bajo,sin_cuenta,0.0,,36.0,vehiculo,mora_severa,malo
1065,75.0,M,formal_no_calificado,propia,bajo,bajo,78000.0,10580000.0,57.0,otros,al_dia,bueno
1066,27.0,F,informal,arrendada,bajo,sin_cuenta,0.0,1595000.0,18.0,electrodomesticos,al_dia,bueno
1067,25.0,F,formal_calificado,arrendada,bajo,bajo,96000.0,1945000.0,12.0,libre_inversion,al_dia,bueno
1068,30.0,F,informal,propia,bajo,sin_cuenta,0.0,9851000.0,21.0,libre_inversion,mora_severa,malo
1069,32.0,F,informal,arrendada,bajo,medio,674000.0,1936000.0,15.0,electrodomesticos,al_dia,bueno
1070,26.0,M,formal_calificado,propia,bajo,bajo,135000.0,,12.0,negocio,al_dia,malo
1071,36.0,F,formal_calificado,propia,bajo,medio,362000.0,7946000.0,45.0,libre_inversion,mora_severa,malo
1072,37.0,M,informal,propia,bajo,bajo,,2933000.0,15.0,electrodomesticos,al_dia,bueno
1073,41.0,F,formal_calificado,familiar,bajo,bajo,96000.0,2953000.0,15.0,educacion,al_dia,bueno
1074,28.0,M,informal,propia,bajo,sin_cuenta,0.0,630000.0,12.0,otros,mora_severa,bueno
1075,51.0,M,formal_calificado,propia,bajo,sin_cuenta,0.0,7006000.0,24.0,negocio,al_dia,bueno
1076,40.0,M,formal_no_calificado,familiar,,medio,532000.0,3166000.0,,libre_inversion,al_dia,bueno
1077,27.0,F,formal_calificado,arrendada,alto,medio,1073000.0,6243000.0,39.0,libre_inversion,sin_creditos_previos,bueno
1078,26.0,M,informal,familiar,bajo,sin_cuenta,0.0,2467000.0,,libre_inversion,mora_severa,malo
1079,30.0,F,informal,familiar,bajo,bajo,308000.0,15646000.0,36.0,libre_inversion,mora_leve,malo
1080,37.0,F,,arrendada,bajo,sin_cuenta,0.0,1898000.0,12.0,negocio,mora_severa,malo
1081,39.0,F,informal,arrendada,bajo,bajo,98000.0,1854000.0,9.0,remodelacion,mora_severa,bueno
1082,40.0,M,informal,propia,medio,medio,168000.0,3146000.0,18.0,otros,mora_severa,bueno
1083,68.0,M,informal,propia,bajo,sin_cuenta,0.0,4161000.0,12.0,vehiculo,al_dia,bueno
1084,21.0,F,,propia,bajo,sin_cuenta,0.0,8064000.0,24.0,vehiculo,al_dia,bueno
1085,32.0,F,informal,arrendada,alto,medio,359000.0,3058000.0,12.0,libre_inversion,sin_creditos_previos,bueno
1086,66.0,M,formal_no_calificado,propia,bajo,sin_cuenta,0.0,7906000.0,30.0,vehiculo,al_dia,bueno
1087,42.0,F,informal,familiar,bajo,sin_cuenta,0.0,4563000.0,24.0,educacion,mora_severa,bueno
1088,25.0,M,formal_no_calificado,propia,bajo,sin_cuenta,0.0,7089000.0,27.0,remodelacion,al_dia,bueno
1089,35.0,M,formal_calificado,arrendada,bajo,medio,526000.0,3177000.0,21.0,educacion,al_dia,bueno
1090,31.0,M,formal_no_calificado,propia,bajo,alto,3095000.0,4743000.0,21.0,negocio,al_dia,bueno
1091,31.0,M,formal_no_calificado,propia,bajo,medio,736000.0,2274000.0,12.0,libre_inversion,al_dia,bueno
1092,28.0,M,formal_no_calificado,arrendada,bajo,bajo,257000.0,2197000.0,15.0,libre_inversion,mora_severa,malo
1093,34.0,F,informal,arrendada,bajo,medio,1168000.0,2128000.0,15.0,remodelacion,al_dia,bueno
1094,48.0,M,formal_calificado,arrendada,medio,bajo,,5805000.0,30.0,vehiculo,mora_severa,bueno
1095,,F,formal_calificado,arrendada,bajo,bajo,147000.0,3912000.0,21.0,libre_inversion,al_dia,bueno
1096,40.0,F,formal_calificado,arrendada,bajo,sin_cuenta,0.0,5523000.0,15.0,libre_inversion,al_dia,bueno
1097,43.0,F,alta_calificacion,familiar,bajo,sin_cuenta,0.0,3753000.0,18.0,otros,al_dia,bueno
1098,51.0,M,formal_no_calificado,arrendada,bajo,bajo,69000.0,6679000.0,36.0,negocio,al_dia,malo
1099,26.0,F,formal_no_calificado,arrendada,bajo,alto,5027000.0,2256000.0,3.0,vehiculo,mora_severa,bueno
1100,33.0,M,informal,propia,bajo,bajo,169000.0,3166000.0,18.0,remodelacion,mora_severa,bueno
1101,27.0,F,alta_calificacion,arrendada,bajo,alto,1253000.0,7272000.0,18.0,libre_inversion,al_dia,bueno
1102,34.0,M,formal_no_calificado,arrendada,bajo,sin_cuenta,0.0,2266000.0,12.0,libre_inversion,al_dia,bueno
1103,34.0,F,informal,propia,muy_alto,sin_cuenta,0.0,,9.0,vehiculo,mora_leve,bueno
1104,25.0,M,formal_calificado,arrendada,bajo,alto,2765000.0,1976000.0,12.0,libre_inversion,mora_severa,bueno
1105,35.0,F,formal_no_calificado,arrendada,bajo,sin_cuenta,0.0,1845000.0,12.0,otros,al_dia,bueno
1106,70.0,M,alta_calificacion,propia,bajo,bajo,46000.0,6604000.0,18.0,libre_inversion,al_dia,bueno
1107,39.0,M,formal_calificado,familiar,bajo,sin_cuenta,0.0,1520000.0,12.0,electrodomesticos,al_dia,bueno
1108,23.0,F,formal_calificado,propia,bajo,medio,235000.0,8425000.0,18.0,negocio,al_dia,bueno
1109,25.0,M,formal_no_calificado,familiar,muy_alto,sin_cuenta,0.0,7887000.0,42.0,libre_inversion,al_dia,bueno
1110,33.0,F,formal_no_calificado,arrendada,bajo,medio,1281000.0,1191000.0,9.0,electrodomesticos,mora_severa,malo
1111,25.0,F,formal_calificado,propia,bajo,sin_cuenta,0.0,13021000.0,30.0,vehiculo,mora_severa,malo
1112,50.0,F,informal,propia,bajo,sin_cuenta,0.0,3263000.0,18.0,libre_inversion,mora_leve,bueno
1113,23.0,F,informal,arrendada,medio,medio,795000.0,839000.0,6.0,libre_inversion,mora_severa,bueno
1114,39.0,F,alta_calificacion,arrendada,bajo,sin_cuenta,0.0,4335000.0,30.0,educacion,al_dia,bueno
1115,22.0,F,alta_calificacion,arrendada,bajo,sin_cuenta,0.0,12749000.0,30.0,vehiculo,mora_leve,malo
1116,33.0,M,alta_calificacion,arrendada,alto,bajo,118000.0,632000.0,9.0,libre_inversion,mora_severa,bueno
1117,26.0,F,informal,propia,medio,sin_cuenta,0.0,9376000.0,24.0,vehiculo,mora_severa,malo
1118,41.0,F,,arrendada,bajo,sin_cuenta,0.0,1631000.0,15.0,educacion,al_dia,bueno
1119,47.0,M,formal_calificado,familiar,medio,sin_cuenta,0.0,5036000.0,21.0,remodelacion,mora_severa,bueno
1120,37.0,M,informal,arrendada,bajo,bajo,,3983000.0,12.0,otros,sin_creditos_previos,bueno
1121,48.0,M,formal_no_calificado,familiar,alto,sin_cuenta,0.0,1711000.0,12.0,educacion,al_dia,bueno
1122,19.0,F,informal,arrendada,bajo,medio,523000.0,2284000.0,9.0,libre_inversion,al_dia,bueno
1123,35.0,M,formal_calificado,arrendada,bajo,medio,,11301000.0,36.0,libre_inversion,al_dia,bueno
1124,39.0,F,formal_no_calificado,arrendada,bajo,sin_cuenta,0.0,2361000.0,9.0,vehiculo,al_dia,bueno
1125,40.0,F,informal,propia,bajo,bajo,274000.0,5796000.0,24.0,vehiculo,mora_severa,bueno
1126,21.0,F,formal_no_calificado,propia,bajo,bajo,149000.0,1501000.0,9.0,electrodomesticos,al_dia,bueno
1127,38.0,M,informal,arrendada,bajo,medio,436000.0,21554000.0,57.0,remodelacion,al_dia,malo
1128,41.0,F,formal_calificado,familiar,bajo,bajo,,5219000.0,9.0,libre_inversion,mora_severa,bueno
1129,34.0,F,,arrendada,medio,bajo,108000.0,1141000.0,9.0,otros,mora_leve,malo
1130,23.0,M,formal_no_calificado,propia,bajo,sin_cuenta,0.0,6869000.0,39.0,electrodomesticos,mora_severa,malo
1131,28.0,M,informal,propia,bajo,bajo,123000.0,2689000.0,15.0,remodelacion,al_dia,malo
1132,50.0,M,informal,arrendada,bajo,sin_cuenta,0.0,1820000.0,9.0,vehiculo,al_dia,bueno
1133,48.0,F,informal,arrendada,bajo,alto,8968000.0,3590000.0,,remodelacion,al_dia,bueno
1134,38.0,M,alta_calificacion,propia,bajo,bajo,,1905000.0,12.0,otros,mora_severa,bueno
1135,42.0,M,informal,propia,bajo,bajo,,11808000.0,63.0,libre_inversion,al_dia,malo
1136,46.0,M,formal_no_calificado,arrendada,bajo,bajo,,2563000.0,6.0,vehiculo,al_dia,bueno
1137,38.0,M,informal,propia,bajo,sin_cuenta,0.0,5875000.0,24.0,remodelacion,al_dia,bueno
1138,50.0,M,alta_calificacion,arrendada,alto,sin_cuenta,0.0,19958000.0,39.0,negocio,al_dia,bueno
1139,49.0,F,formal_calificado,arrendada,medio,sin_cuenta,0.0,14239000.0,27.0,remodelacion,al_dia,malo
1140,75.0,M,informal,propia,bajo,medio,1050000.0,2363000.0,12.0,libre_inversion,al_dia,bueno
1141,28.0,F,formal_no_calificado,arrendada,bajo,bajo,238000.0,5655000.0,33.0,remodelacion,al_dia,malo
1142,29.0,M,formal_no_calificado,propia,medio,sin_cuenta,0.0,4224000.0,21.0,remodelacion,mora_severa,bueno
1143,19.0,M,formal_calificado,propia,medio,bajo,163000.0,4068000.0,24.0,libre_inversion,al_dia,bueno
1144,37.0,F,alta_calificacion,familiar,bajo,sin_cuenta,0.0,,27.0,electrodomesticos,al_dia,bueno
1145,64.0,F,formal_calificado,arrendada,bajo,bajo,73000.0,622000.0,9.0,electrodomesticos,mora_severa,bueno
1146,,F,formal_calificado,propia,,sin_cuenta,0.0,2406000.0,24.0,libre_inversion,mora_leve,bueno
1147,44.0,M,formal_no_calificado,propia,medio,medio,606000.0,6991000.0,,libre_inversion,sin_creditos_previos,bueno
1148,52.0,M,informal,propia,bajo,bajo,84000.0,5422000.0,,educacion,al_dia,bueno
1149,39.0,F,formal_no_calificado,familiar,bajo,bajo,234000.0,2734000.0,12.0,libre_inversion,mora_severa,malo
1150,30.0,M,formal_calificado,arrendada,medio,medio,541000.0,3078000.0,18.0,libre_inversion,mora_severa,malo
1151,72.0,F,informal,arrendada,bajo,medio,350000.0,7547000.0,45.0,remodelacion,al_dia,malo
1152,38.0,M,formal_no_calificado,propia,bajo,bajo,71000.0,2095000.0,21.0,libre_inversion,al_dia,bueno
1153,48.0,M,informal,familiar,bajo,sin_cuenta,0.0,2539000.0,18.0,libre_inversion,al_dia,bueno
1154,19.0,F,informal,familiar,bajo,sin_cuenta,0.0,1145000.0,9.0,otros,mora_severa,malo
1155,20.0,F,formal_calificado,propia,bajo,sin_cuenta,0.0,2224000.0,33.0,electrodomesticos,mora_severa,malo
1156,35.0,F,informal,arrendada,bajo,medio,893000.0,5021000.0,24.0,libre_inversion,al_dia,bueno
1157,25.0,F,formal_calificado,arrendada,bajo,bajo,129000.0,2049000.0,15.0,libre_inversion,mora_leve,bueno
1158,36.0,M,informal,arrendada,bajo,sin_cuenta,0.0,2391000.0,12.0,libre_inversion,al_dia,bueno
1159,28.0,F,formal_no_calificado,propia,,sin_cuenta,0.0,984000.0,9.0,educacion,mora_leve,bueno
1160,75.0,F,alta_calificacion,propia,bajo,bajo,152000.0,10355000.0,24.0,vehiculo,sin_creditos_previos,bueno
1161,47.0,M,formal_calificado,arrendada,alto,bajo,,1486000.0,,libre_inversion,sin_creditos_previos,bueno
1162,55.0,M,formal_calificado,arrendada,alto,medio,543000.0,5585000.0,24.0,negocio,al_dia,bueno
1163,20.0,F,informal,arrendada,bajo,medio,524000.0,2691000.0,6.0,remodelacion,mora_severa,bueno
1164,43.0,M,informal,arrendada,bajo,sin_cuenta,0.0,3086000.0,15.0,educacion,sin_creditos_previos,bueno
1165,31.0,F,formal_calificado,propia,,medio,567000.0,7596000.0,33.0,remodelacion,al_dia,bueno
1166,55.0,M,formal_calificado,arrendada,bajo,bajo,60000.0,914000.0,6.0,negocio,mora_leve,bueno
1167,41.0,F,formal_calificado,familiar,bajo,bajo,83000.0,7994000.0,36.0,vehiculo,al_dia,bueno
1168,33.0,F,formal_calificado,arrendada,bajo,sin_cuenta,0.0,1728000.0,12.0,libre_inversion,sin_creditos_previos,malo
1169,24.0,F,informal,familiar,,medio,419000.0,4981000.0,18.0,libre_inversion,al_dia,malo
1170,35.0,F,informal,arrendada,bajo,sin_cuenta,0.0,3691000.0,12.0,libre_inversion,al_dia,bueno
1171,50.0,M,alta_calificacion,arrendada,bajo,sin_cuenta,0.0,,12.0,negocio,al_dia,bueno
1172,56.0,F,formal_no_calificado,arrendada,bajo,sin_cuenta,0.0,2953000.0,12.0,remodelacion,mora_severa,malo
1173,30.0,F,formal_calificado,propia,bajo,medio,381000.0,8381000.0,30.0,libre_inversion,al_dia,bueno
1174,75.0,F,formal_no_calificado,familiar,bajo,medio,259000.0,4321000.0,27.0,libre_inversion,mora_severa,malo
1175,48.0,F,alta_calificacion,arrendada,bajo,sin_cuenta,0.0,1043000.0,9.0,remodelacion,al_dia,bueno
1176,26.0,F,formal_calificado,familiar,bajo,sin_cuenta,0.0,10973000.0,24.0,vehiculo,mora_severa,malo
1177,24.0,F,informal,arrendada,bajo,sin_cuenta,0.0,5388000.0,21.0,educacion,al_dia,bueno
1178,32.0,F,formal_calificado,arrendada,bajo,medio,425000.0,3009000.0,15.0,otros,mora_severa,bueno
1179,30.0,F,informal,propia,bajo,bajo,55000.0,7865000.0,24.0,educacion,mora_leve,bueno
1180,39.0,F,formal_no_calificado,arrendada,muy_alto,medio,222000.0,4733000.0,15.0,libre_inversion,mora_leve,bueno
1181,34.0,M,formal_calificado,arrendada,bajo,medio,780000.0,7887000.0,27.0,remodelacion,al_dia,bueno
1182,30.0,M,informal,familiar,bajo,medio,414000.0,954000.0,12.0,electrodomesticos,al_dia,bueno
1183,22.0,F,informal,familiar,bajo,bajo,235000.0,3905000.0,27.0,negocio,sin_creditos_previos,malo
1184,41.0,M,formal_no_calificado,arrendada,,medio,481000.0,1432000.0,6.0,libre_inversion,al_dia,bueno
1185,22.0,M,alta_calificacion,arrendada,medio,bajo,207000.0,4132000.0,18.0,remodelacion,sin_creditos_previos,bueno
1186,48.0,M,informal,propia,bajo,medio,585000.0,2596000.0,18.0,electrodomesticos,sin_creditos_previos,bueno
1187,20.0,F,formal_calificado,propia,bajo,bajo,103000.0,9003000.0,12.0,vehiculo,al_dia,malo
1188,22.0,F,formal_no_calificado,familiar,bajo,medio,384000.0,6977000.0,24.0,libre_inversion,mora_leve,bueno
1189,26.0,F,informal,arrendada,bajo,sin_cuenta,0.0,4157000.0,24.0,libre_inversion,al_dia,bueno
1190,29.0,F,formal_calificado,arrendada,bajo,medio,313000.0,1835000.0,12.0,educacion,mora_severa,bueno
1191,27.0,F,formal_no_calificado,familiar,,bajo,72000.0,3927000.0,15.0,libre_inversion,al_dia,bueno
1192,29.0,M,formal_calificado,propia,alto,alto,728000.0,8601000.0,21.0,vehiculo,al_dia,bueno
1193,36.0,M,formal_calificado,familiar,bajo,sin_cuenta,0.0,774000.0,6.0,electrodomesticos,al_dia,bueno
1194,26.0,M,alta_calificacion,arrendada,bajo,bajo,,1124000.0,12.0,vehiculo,al_dia,bueno
1195,36.0,M,formal_calificado,propia,bajo,sin_cuenta,0.0,1737000.0,12.0,remodelacion,al_dia,bueno
1196,19.0,F,informal,arrendada,bajo,medio,675000.0,7486000.0,15.0,vehiculo,al_dia,bueno
1197,25.0,M,formal_calificado,propia,bajo,medio,1688000.0,1948000.0,27.0,electrodomesticos,sin_creditos_previos,bueno
1198,21.0,F,formal_no_calificado,arrendada,bajo,medio,,6655000.0,27.0,libre_inversion,al_dia,bueno
1199,48.0,F,informal,propia,muy_alto,bajo,212000.0,5010000.0,12.0,vehiculo,al_dia,bueno
1200,27.0,M,formal_no_calificado,propia,bajo,medio,1207000.0,1525000.0,18.0,electrodomesticos,sin_creditos_previos,bueno
1201,41.0,F,formal_calificado,arrendada,bajo,bajo,112000.0,9559000.0,21.0,negocio,al_dia,malo
1202,21.0,F,informal,arrendada,bajo,sin_cuenta,0.0,4367000.0,24.0,libre_inversion,mora_severa,bueno
1203,56.0,F,informal,propia,,medio,292000.0,2886000.0,9.0,vehiculo,al_dia,bueno
1204,34.0,F,formal_no_calificado,familiar,bajo,bajo,332000.0,708000.0,6.0,libre_inversion,al_dia,bueno
1205,33.0,F,informal,propia,alto,sin_cuenta,0.0,16114000.0,48.0,libre_inversion,mora_severa,malo
1206,22.0,F,formal_calificado,arrendada,bajo,medio,538000.0,2322000.0,12.0,vehiculo,mora_severa,bueno
1207,25.0,F,informal,arrendada,bajo,sin_cuenta,0.0,3072000.0,18.0,negocio,al_dia,bueno
1208,31.0,M,,propia,bajo,medio,536000.0,7396000.0,21.0,vehiculo,al_dia,bueno
1209,25.0,F,formal_calificado,familiar,bajo,bajo,177000.0,2176000.0,18.0,libre_inversion,al_dia,bueno
1210,46.0,M,formal_no_calificado,arrendada,bajo,bajo,197000.0,8248000.0,18.0,otros,al_dia,bueno
1211,34.0,M,,propia,bajo,sin_cuenta,0.0,2916000.0,21.0,remodelacion,mora_severa,bueno
1212,25.0,M,informal,arrendada,bajo,medio,1310000.0,5904000.0,12.0,vehiculo,al_dia,bueno
1213,43.0,M,informal,arrendada,bajo,medio,989000.0,5613000.0,12.0,educacion,mora_leve,malo
1214,,M,formal_no_calificado,propia,alto,medio,546000.0,3816000.0,12.0,remodelacion,mora_leve,bueno
1215,43.0,M,informal,propia,medio,bajo,87000.0,4391000.0,21.0,negocio,al_dia,bueno
1216,28.0,M,formal_calificado,arrendada,,bajo,66000.0,,,libre_inversion,sin_creditos_previos,malo
1217,40.0,F,formal_no_calificado,arrendada,alto,bajo,63000.0,3126000.0,12.0,electrodomesticos,sin_creditos_previos,bueno
1218,29.0,F,informal,propia,bajo,sin_cuenta,0.0,1348000.0,12.0,remodelacion,al_dia,bueno
1219,46.0,F,informal,arrendada,medio,sin_cuenta,0.0,6870000.0,24.0,otros,al_dia,malo
1220,21.0,M,formal_calificado,propia,bajo,bajo,568000.0,4500000.0,27.0,electrodomesticos,al_dia,bueno
1221,23.0,F,informal,propia,bajo,medio,170000.0,13621000.0,30.0,libre_inversion,mora_severa,bueno
1222,32.0,M,formal_calificado,arrendada,bajo,sin_cuenta,0.0,2597000.0,12.0,otros,al_dia,bueno
1223,27.0,M,informal,propia,bajo,medio,316000.0,8439000.0,24.0,vehiculo,al_dia,bueno
1224,29.0,M,alta_calificacion,propia,alto,bajo,99000.0,7496000.0,42.0,electrodomesticos,mora_severa,malo
1225,41.0,F,formal_no_calificado,propia,bajo,sin_cuenta,0.0,1310000.0,12.0,libre_inversion,mora_severa,malo
1226,29.0,F,formal_no_calificado,arrendada,muy_alto,sin_cuenta,0.0,3819000.0,27.0,educacion,mora_leve,malo
1227,37.0,F,formal_no_calificado,arrendada,bajo,bajo,169000.0,2511000.0,18.0,electrodomesticos,mora_severa,bueno
1228,25.0,F,informal,arrendada,bajo,bajo,214000.0,6928000.0,54.0,otros,al_dia,malo
1229,20.0,M,formal_calificado,arrendada,bajo,sin_cuenta,0.0,642000.0,,electrodomesticos,al_dia,bueno
1230,43.0,F,informal,arrendada,bajo,medio,846000.0,10405000.0,21.0,libre_inversion,mora_severa,malo
1231,61.0,M,informal,propia,bajo,alto,1590000.0,17111000.0,36.0,educacion,mora_severa,bueno
1232,35.0,M,informal,propia,bajo,sin_cuenta,0.0,541000.0,9.0,libre_inversion,al_dia,bueno
1233,32.0,F,formal_no_calificado,propia,medio,sin_cuenta,0.0,5166000.0,27.0,libre_inversion,mora_severa,bueno
1234,34.0,F,formal_calificado,familiar,bajo,bajo,,1499000.0,15.0,otros,al_dia,bueno
1235,53.0,M,informal,propia,bajo,alto,1177000.0,1887000.0,6.0,otros,sin_creditos_previos,bueno
1236,36.0,M,formal_calificado,propia,bajo,alto,2606000.0,3559000.0,15.0,educacion,mora_leve,bueno
1237,43.0,M,formal_calificado,arrendada,bajo,alto,5192000.0,4671000.0,12.0,libre_inversion,al_dia,bueno
1238,43.0,M,informal,arrendada,alto,bajo,149000.0,4131000.0,30.0,educacion,sin_creditos_previos,bueno
1239,48.0,M,informal,familiar,bajo,alto,3025000.0,4416000.0,54.0,electrodomesticos,al_dia,malo
1240,32.0,F,informal,arrendada,bajo,sin_cuenta,0.0,4535000.0,15.0,vehiculo,al_dia,bueno
1241,28.0,M,informal,propia,bajo,sin_cuenta,0.0,3797000.0,15.0,vehiculo,al_dia,bueno
1242,40.0,M,formal_calificado,arrendada,bajo,medio,501000.0,2016000.0,6.0,vehiculo,sin_creditos_previos,bueno
1243,46.0,M,,arrendada,bajo,bajo,,16966000.0,30.0,vehiculo,mora_severa,malo
1244,50.0,F,informal,familiar,bajo,medio,562000.0,6311000.0,39.0,electrodomesticos,mora_severa,malo
1245,55.0,M,formal_calificado,arrendada,,bajo,217000.0,3943000.0,24.0,libre_inversion,mora_severa,malo
1246,45.0,M,informal,arrendada,bajo,medio,837000.0,3774000.0,12.0,negocio,mora_leve,bueno
1247,28.0,F,formal_calificado,propia,bajo,sin_cuenta,0.0,2976000.0,21.0,negocio,mora_severa,malo
1248,35.0,F,formal_no_calificado,familiar,bajo,sin_cuenta,0.0,3879000.0,30.0,vehiculo,mora_severa,bueno
1249,34.0,M,informal,arrendada,bajo,medio,1113000.0,5514000.0,18.0,otros,al_dia,bueno
1250,33.0,F,formal_no_calificado,propia,medio,bajo,87000.0,3503000.0,24.0,educacion,al_dia,bueno
1251,40.0,M,informal,arrendada,alto,sin_cuenta,0.0,8924000.0,15.0,negocio,al_dia,bueno
1252,31.0,F,alta_calificacion,arrendada,bajo,sin_cuenta,0.0,2424000.0,9.0,negocio,al_dia,bueno
1253,31.0,M,informal,propia,bajo,medio,389000.0,9359000.0,27.0,vehiculo,al_dia,bueno
1254,63.0,F,formal_calificado,arrendada,bajo,medio,827000.0,,21.0,educacion,mora_severa,bueno
1255,32.0,F,alta_calificacion,arrendada,bajo,medio,1449000.0,6233000.0,21.0,libre_inversion,al_dia,bueno
1256,48.0,F,formal_no_calificado,propia,bajo,medio,1310000.0,3981000.0,30.0,otros,sin_creditos_previos,bueno
1257,49.0,F,formal_calificado,familiar,bajo,medio,446000.0,1710000.0,12.0,electrodomesticos,mora_severa,bueno
1258,36.0,M,formal_no_calificado,familiar,bajo,sin_cuenta,0.0,3341000.0,15.0,remodelacion,mora_severa,bueno
1259,31.0,F,informal,propia,bajo,bajo,125000.0,14886000.0,39.0,vehiculo,mora_leve,bueno
1260,26.0,M,alta_calificacion,arrendada,bajo,bajo,41000.0,4372000.0,21.0,libre_inversion,mora_severa,bueno
1261,22.0,M,formal_no_calificado,familiar,alto,alto,1923000.0,3976000.0,30.0,libre_inversion,mora_severa,bueno
1262,41.0,M,formal_calificado,arrendada,bajo,sin_cuenta,0.0,3700000.0,18.0,libre_inversion,sin_creditos_previos,bueno
1263,38.0,F,formal_no_calificado,familiar,,alto,3040000.0,3949000.0,24.0,vehiculo,mora_severa,malo
1264,43.0,F,informal,propia,bajo,medio,697000.0,5077000.0,27.0,libre_inversion,al_dia,bueno
1265,29.0,F,informal,arrendada,bajo,sin_cuenta,0.0,2245000.0,12.0,otros,mora_severa,bueno
1266,65.0,F,informal,arrendada,alto,bajo,53000.0,10199000.0,57.0,negocio,al_dia,malo
1267,,F,informal,propia,bajo,sin_cuenta,0.0,2464000.0,21.0,electrodomesticos,al_dia,bueno
1268,32.0,F,formal_calificado,arrendada,bajo,bajo,75000.0,2200000.0,9.0,negocio,mora_severa,bueno
1269,20.0,F,informal,propia,medio,bajo,272000.0,,,electrodomesticos,al_dia,bueno
1270,30.0,M,alta_calificacion,propia,bajo,medio,902000.0,6494000.0,15.0,negocio,mora_severa,bueno
1271,44.0,M,formal_no_calificado,propia,bajo,bajo,138000.0,1668000.0,6.0,educacion,al_dia,bueno
1272,55.0,F,formal_no_calificado,propia,bajo,medio,604000.0,11569000.0,36.0,educacion,sin_creditos_previos,bueno
1273,35.0,F,informal,propia,bajo,sin_cuenta,0.0,6232000.0,12.0,libre_inversion,sin_creditos_previos,malo
1274,59.0,M,informal,propia,bajo,medio,521000.0,3305000.0,9.0,educacion,mora_severa,bueno
1275,25.0,M,formal_no_calificado,propia,,medio,,,21.0,educacion,al_dia,bueno
1276,38.0,M,informal,propia,bajo,bajo,247000.0,3331000.0,,libre_inversion,al_dia,bueno
1277,39.0,M,formal_no_calificado,propia,bajo,sin_cuenta,0.0,5450000.0,15.0,libre_inversion,mora_severa,bueno
1278,41.0,F,formal_no_calificado,familiar,alto,alto,1842000.0,5905000.0,24.0,negocio,al_dia,bueno
1279,35.0,M,informal,propia,bajo,medio,371000.0,4082000.0,30.0,otros,mora_severa,bueno
1280,37.0,M,formal_no_calificado,arrendada,bajo,medio,407000.0,2391000.0,15.0,electrodomesticos,sin_creditos_previos,bueno
1281,25.0,F,,propia,bajo,sin_cuenta,0.0,1562000.0,9.0,libre_inversion,al_dia,bueno
1282,53.0,M,informal,propia,bajo,medio,298000.0,9082000.0,12.0,vehiculo,mora_severa,bueno
1283,46.0,M,formal_calificado,arrendada,bajo,sin_cuenta,0.0,2689000.0,15.0,libre_inversion,mora_severa,bueno
1284,37.0,F,informal,arrendada,bajo,bajo,205000.0,11841000.0,18.0,educacion,mora_leve,malo
1285,46.0,M,informal,arrendada,bajo,medio,634000.0,,30.0,libre_inversion,al_dia,bueno
1286,53.0,F,,arrendada,bajo,bajo,190000.0,3691000.0,15.0,vehiculo,mora_severa,bueno
1287,41.0,F,formal_no_calificado,propia,bajo,sin_cuenta,0.0,1117000.0,12.0,electrodomesticos,al_dia,bueno
1288,69.0,F,alta_calificacion,propia,bajo,bajo,92000.0,1883000.0,12.0,remodelacion,al_dia,bueno
1289,42.0,M,formal_calificado,familiar,bajo,sin_cuenta,0.0,8798000.0,21.0,negocio,mora_severa,malo
1290,,F,formal_calificado,propia,bajo,bajo,170000.0,3680000.0,21.0,vehiculo,al_dia,bueno
1291,36.0,F,formal_no_calificado,arrendada,bajo,sin_cuenta,0.0,5137000.0,45.0,libre_inversion,mora_severa,malo
1292,47.0,F,informal,arrendada,bajo,bajo,190000.0,3703000.0,15.0,libre_inversion,al_dia,bueno
1293,53.0,M,informal,propia,bajo,bajo,610000.0,983000.0,12.0,remodelacion,mora_severa,bueno
1294,,M,formal_calificado,propia,bajo,alto,2462000.0,608000.0,6.0,libre_inversion,al_dia,bueno
1295,25.0,M,informal,propia,bajo,bajo,132000.0,1377000.0,6.0,remodelacion,mora_leve,bueno
1296,31.0,F,informal,arrendada,bajo,bajo,253000.0,9518000.0,24.0,vehiculo,mora_leve,bueno
1297,23.0,F,formal_no_calificado,familiar,bajo,alto,3176000.0,3472000.0,12.0,vehiculo,al_dia,bueno
1298,43.0,M,formal_calificado,propia,bajo,medio,962000.0,,33.0,libre_inversion,al_dia,bueno
1299,29.0,F,formal_no_calificado,familiar,bajo,medio,474000.0,1254000.0,6.0,negocio,mora_severa,bueno
1300,27.0,F,informal,propia,bajo,bajo,151000.0,6865000.0,15.0,remodelacion,al_dia,bueno
1301,45.0,F,alta_calificacion,propia,bajo,sin_cuenta,0.0,6059000.0,30.0,electrodomesticos,al_dia,malo
1302,58.0,M,informal,arrendada,bajo,bajo,107000.0,7876000.0,36.0,vehiculo,al_dia,bueno
1303,,F,alta_calificacion,familiar,bajo,medio,178000.0,7191000.0,24.0,vehiculo,mora_severa,bueno
1304,35.0,F,,arrendada,bajo,alto,6273000.0,,30.0,vehiculo,mora_severa,malo
1305,32.0,F,alta_calificacion,arrendada,bajo,sin_cuenta,0.0,5696000.0,,negocio,mora_severa,bueno
1306,54.0,F,alta_calificacion,arrendada,bajo,sin_cuenta,0.0,2755000.0,15.0,vehiculo,mora_severa,bueno
1307,33.0,F,informal,familiar,bajo,medio,560000.0,5581000.0,,libre_inversion,al_dia,bueno
1308,25.0,M,formal_calificado,familiar,medio,medio,694000.0,3206000.0,12.0,negocio,mora_leve,bueno
1309,33.0,F,informal,arrendada,bajo,medio,669000.0,1273000.0,18.0,electrodomesticos,mora_leve,bueno
1310,50.0,M,informal,arrendada,medio,sin_cuenta,0.0,3387000.0,27.0,libre_inversion,al_dia,bueno
1311,31.0,F,informal,arrendada,alto,medio,402000.0,,36.0,libre_inversion,mora_severa,malo
1312,28.0,F,formal_no_calificado,familiar,bajo,bajo,274000.0,4730000.0,18.0,vehiculo,mora_severa,bueno
1313,32.0,F,informal,arrendada,bajo,sin_cuenta,0.0,5076000.0,15.0,remodelacion,mora_severa,bueno
1314,,F,formal_no_calificado,propia,bajo,sin_cuenta,0.0,5812000.0,24.0,otros,sin_creditos_previos,bueno
1315,32.0,M,alta_calificacion,familiar,bajo,sin_cuenta,0.0,5527000.0,45.0,libre_inversion,sin_creditos_previos,bueno
1316,28.0,M,formal_calificado,arrendada,muy_alto,bajo,,5592000.0,21.0,vehiculo,sin_creditos_previos,malo
1317,75.0,F,informal,arrendada,bajo,sin_cuenta,0.0,3663000.0,24.0,libre_inversion,al_dia,bueno
1318,21.0,M,formal_no_calificado,arrendada,alto,bajo,190000.0,4944000.0,18.0,vehiculo,mora_severa,bueno
1319,26.0,M,informal,propia,medio,sin_cuenta,0.0,5186000.0,12.0,educacion,al_dia,bueno
1320,28.0,F,informal,arrendada,alto,bajo,108000.0,3174000.0,15.0,libre_inversion,al_dia,bueno
1321,25.0,M,alta_calificacion,propia,bajo,alto,2870000.0,1431000.0,18.0,otros,mora_severa,bueno
1322,38.0,M,alta_calificacion,familiar,bajo,medio,286000.0,,15.0,libre_inversion,al_dia,bueno
1323,27.0,M,informal,arrendada,bajo,sin_cuenta,0.0,3067000.0,18.0,educacion,mora_severa,bueno
1324,23.0,F,informal,familiar,bajo,medio,972000.0,6426000.0,,remodelacion,al_dia,bueno
1325,34.0,M,informal,propia,medio,sin_cuenta,0.0,3857000.0,12.0,electrodomesticos,al_dia,bueno
1326,30.0,F,formal_no_calificado,familiar,bajo,bajo,215000.0,12722000.0,30.0,negocio,mora_severa,malo
1327,27.0,M,informal,propia,bajo,sin_cuenta,0.0,3045000.0,24.0,electrodomesticos,mora_severa,malo
1328,54.0,M,informal,propia,muy_alto,alto,2497000.0,2555000.0,18.0,educacion,al_dia,bueno
1329,39.0,M,informal,familiar,bajo,sin_cuenta,0.0,3986000.0,15.0,electrodomesticos,sin_creditos_previos,malo
1330,37.0,M,informal,arrendada,medio,medio,721000.0,2371000.0,12.0,remodelacion,mora_leve,bueno
1331,39.0,F,formal_calificado,familiar,bajo,medio,411000.0,2325000.0,24.0,libre_inversion,mora_leve,bueno
1332,38.0,M,formal_calificado,arrendada,bajo,sin_cuenta,0.0,14171000.0,57.0,remodelacion,mora_severa,malo
1333,31.0,M,formal_no_calificado,propia,bajo,medio,,5846000.0,36.0,negocio,sin_creditos_previos,bueno
1334,27.0,M,,arrendada,bajo,bajo,,7988000.0,27.0,remodelacion,mora_severa,malo
1335,35.0,M,formal_calificado,familiar,medio,medio,675000.0,6602000.0,39.0,educacion,al_dia,bueno
1336,31.0,M,informal,arrendada,bajo,medio,365000.0,2273000.0,15.0,otros,al_dia,bueno
1337,21.0,M,formal_calificado,arrendada,bajo,sin_cuenta,0.0,646000.0,12.0,libre_inversion,mora_leve,bueno
1338,25.0,F,informal,propia,medio,sin_cuenta,0.0,6649000.0,18.0,remodelacion,mora_severa,malo
1339,30.0,M,alta_calificacion,arrendada,bajo,medio,737000.0,3108000.0,,negocio,al_dia,bueno
1340,45.0,F,informal,familiar,bajo,sin_cuenta,0.0,4368000.0,33.0,libre_inversion,sin_creditos_previos,bueno
1341,35.0,F,formal_calificado,familiar,bajo,alto,7432000.0,,30.0,libre_inversion,mora_leve,bueno
1342,26.0,M,informal,propia,alto,sin_cuenta,0.0,1134000.0,6.0,libre_inversion,al_dia,bueno
1343,24.0,F,formal_calificado,propia,alto,bajo,615000.0,25857000.0,30.0,negocio,mora_severa,malo
1344,49.0,F,formal_no_calificado,propia,bajo,bajo,257000.0,1167000.0,15.0,otros,al_dia,bueno
1345,31.0,F,informal,propia,bajo,bajo,93000.0,5230000.0,21.0,negocio,mora_leve,bueno
1346,19.0,F,formal_calificado,familiar,muy_alto,alto,678000.0,8650000.0,18.0,vehiculo,mora_severa,bueno
1347,32.0,F,informal,arrendada,alto,sin_cuenta,0.0,2214000.0,12.0,remodelacion,al_dia,bueno
1348,42.0,M,formal_no_calificado,propia,bajo,bajo,350000.0,,21.0,libre_inversion,sin_creditos_previos,bueno
1349,24.0,F,informal,arrendada,bajo,sin_cuenta,0.0,7154000.0,12.0,otros,mora_severa,malo
1350,34.0,M,,arrendada,bajo,sin_cuenta,0.0,3219000.0,18.0,otros,mora_leve,bueno
1351,35.0,F,formal_calificado,propia,,sin_cuenta,0.0,3194000.0,12.0,electrodomesticos,mora_severa,bueno
1352,24.0,F,formal_no_calificado,familiar,bajo,bajo,259000.0,2423000.0,9.0,libre_inversion,al_dia,bueno
1353,51.0,F,formal_calificado,arrendada,bajo,bajo,285000.0,13193000.0,57.0,otros,al_dia,malo
1354,35.0,F,alta_calificacion,propia,bajo,sin_cuenta,0.0,4144000.0,15.0,negocio,sin_creditos_previos,bueno
1355,30.0,M,,familiar,medio,alto,2074000.0,1451000.0,18.0,otros,mora_severa,bueno
1356,31.0,F,informal,propia,bajo,sin_cuenta,0.0,7828000.0,36.0,electrodomesticos,al_dia,malo
1357,23.0,M,formal_no_calificado,familiar,medio,medio,651000.0,8991000.0,21.0,vehiculo,al_dia,bueno
1358,23.0,F,informal,arrendada,bajo,sin_cuenta,0.0,5231000.0,12.0,vehiculo,al_dia,bueno
1359,29.0,F,formal_no_calificado,familiar,muy_alto,medio,1872000.0,1541000.0,12.0,electrodomesticos,al_dia,bueno
1360,29.0,M,informal,propia,bajo,sin_cuenta,0.0,2713000.0,12.0,negocio,sin_creditos_previos,bueno
1361,31.0,F,formal_calificado,arrendada,bajo,bajo,213000.0,15335000.0,45.0,libre_inversion,al_dia,bueno
1362,53.0,M,formal_no_calificado,familiar,bajo,medio,572000.0,1645000.0,6.0,remodelacion,al_dia,bueno
1363,41.0,F,formal_no_calificado,familiar,bajo,medio,1795000.0,1185000.0,9.0,negocio,al_dia,bueno
1364,21.0,F,informal,familiar,bajo,sin_cuenta,0.0,2828000.0,15.0,libre_inversion,mora_leve,malo
1365,49.0,F,informal,propia,bajo,medio,625000.0,1772000.0,15.0,electrodomesticos,mora_severa,bueno
1366,29.0,F,formal_calificado,arrendada,bajo,bajo,298000.0,,12.0,educacion,mora_severa,bueno
1367,42.0,M,formal_no_calificado,arrendada,medio,sin_cuenta,0.0,2247000.0,24.0,electrodomesticos,mora_severa,bueno
1368,29.0,M,alta_calificacion,propia,bajo,medio,414000.0,9532000.0,21.0,electrodomesticos,mora_severa,malo
1369,34.0,M,,arrendada,bajo,alto,1405000.0,855000.0,12.0,educacion,mora_severa,malo
1370,24.0,M,informal,arrendada,bajo,sin_cuenta,0.0,1686000.0,15.0,libre_inversion,mora_severa,bueno
1371,37.0,M,formal_calificado,arrendada,bajo,medio,333000.0,4388000.0,66.0,remodelacion,al_dia,malo
1372,44.0,M,formal_calificado,propia,bajo,medio,369000.0,2976000.0,21.0,negocio,al_dia,bueno
1373,22.0,F,informal,familiar,bajo,bajo,212000.0,512000.0,6.0,libre_inversion,mora_severa,bueno
1374,44.0,M,formal_calificado,familiar,bajo,bajo,,1345000.0,12.0,libre_inversion,al_dia,malo
1375,27.0,F,informal,propia,bajo,sin_cuenta,0.0,5256000.0,12.0,libre_inversion,mora_severa,malo
1376,60.0,F,informal,familiar,bajo,sin_cuenta,0.0,16569000.0,54.0,educacion,mora_severa,bueno
1377,43.0,M,informal,familiar,bajo,bajo,,,15.0,vehiculo,al_dia,bueno
1378,40.0,F,formal_no_calificado,propia,bajo,bajo,152000.0,11040000.0,15.0,vehiculo,mora_severa,bueno
1379,31.0,M,formal_calificado,arrendada,bajo,sin_cuenta,0.0,1128000.0,6.0,remodelacion,sin_creditos_previos,bueno
1380,75.0,M,informal,familiar,alto,bajo,200000.0,1551000.0,18.0,electrodomesticos,al_dia,bueno
1381,29.0,F,formal_calificado,arrendada,bajo,bajo,171000.0,2915000.0,27.0,electrodomesticos,al_dia,malo
1382,25.0,M,formal_calificado,propia,alto,sin_cuenta,0.0,2570000.0,18.0,negocio,mora_severa,malo
1383,27.0,M,informal,arrendada,bajo,medio,756000.0,2072000.0,15.0,vehiculo,mora_severa,bueno
1384,47.0,F,informal,arrendada,muy_alto,bajo,135000.0,6202000.0,15.0,negocio,al_dia,bueno
1385,34.0,M,informal,arrendada,bajo,bajo,,4175000.0,27.0,electrodomesticos,al_dia,malo
1386,33.0,F,informal,propia,bajo,bajo,162000.0,2745000.0,15.0,vehiculo,al_dia,bueno
1387,29.0,F,alta_calificacion,propia,bajo,sin_cuenta,0.0,3613000.0,15.0,libre_inversion,mora_severa,malo
1388,32.0,M,formal_calificado,familiar,alto,bajo,56000.0,6358000.0,24.0,educacion,mora_severa,bueno
1389,28.0,F,informal,arrendada,bajo,medio,641000.0,2052000.0,12.0,remodelacion,al_dia,malo
1390,41.0,M,formal_no_calificado,familiar,bajo,medio,217000.0,1657000.0,12.0,educacion,sin_creditos_previos,bueno
1391,31.0,M,informal,arrendada,bajo,medio,1047000.0,1242000.0,6.0,electrodomesticos,sin_creditos_previos,bueno
1392,27.0,F,informal,familiar,bajo,sin_cuenta,0.0,6676000.0,18.0,negocio,mora_severa,malo
1393,46.0,M,informal,propia,medio,medio,1346000.0,5316000.0,12.0,libre_inversion,mora_severa,bueno
1394,25.0,F,informal,familiar,bajo,sin_cuenta,0.0,7601000.0,30.0,educacion,al_dia,malo
1395,34.0,M,informal,familiar,bajo,sin_cuenta,0.0,2185000.0,15.0,vehiculo,mora_leve,bueno
1396,21.0,M,informal,propia,medio,sin_cuenta,0.0,2467000.0,27.0,libre_inversion,al_dia,bueno
1397,23.0,F,informal,propia,bajo,medio,216000.0,2884000.0,24.0,electrodomesticos,al_dia,bueno
1398,30.0,F,formal_no_calificado,familiar,bajo,bajo,301000.0,1776000.0,6.0,libre_inversion,al_dia,bueno
1399,28.0,M,formal_no_calificado,arrendada,bajo,medio,1042000.0,2076000.0,9.0,libre_inversion,mora_leve,bueno
1400,28.0,F,,arrendada,bajo,bajo,201000.0,11358000.0,48.0,vehiculo,al_dia,malo
1401,43.0,M,formal_no_calificado,arrendada,bajo,medio,1507000.0,963000.0,12.0,otros,mora_severa,malo
1402,44.0,M,informal,familiar,bajo,bajo,113000.0,12489000.0,21.0,negocio,mora_severa,bueno
1403,36.0,F,alta_calificacion,arrendada,bajo,bajo,232000.0,5118000.0,15.0,otros,sin_creditos_previos,bueno
1404,25.0,F,informal,arrendada,alto,sin_cuenta,0.0,627000.0,6.0,libre_inversion,mora_leve,bueno
1405,32.0,M,formal_no_calificado,arrendada,bajo,medio,222000.0,3206000.0,12.0,libre_inversion,al_dia,bueno
1406,64.0,F,informal,propia,bajo,bajo,120000.0,2013000.0,9.0,libre_inversion,al_dia,malo
1407,75.0,F,informal,familiar,medio,sin_cuenta,0.0,7728000.0,27.0,educacion,al_dia,bueno
1408,46.0,F,formal_no_calificado,familiar,medio,sin_cuenta,0.0,4333000.0,12.0,otros,al_dia,malo
1409,25.0,F,formal_calificado,propia,bajo,sin_cuenta,0.0,15351000.0,24.0,vehiculo,mora_severa,malo
1410,32.0,M,alta_calificacion,propia,bajo,sin_cuenta,0.0,1596000.0,9.0,electrodomesticos,sin_creditos_previos,malo
1411,36.0,M,formal_no_calificado,propia,bajo,bajo,120000.0,1083000.0,6.0,libre_inversion,al_dia,bueno
1412,34.0,F,informal,propia,bajo,bajo,204000.0,3481000.0,18.0,remodelacion,mora_leve,bueno
1413,48.0,F,formal_calificado,familiar,bajo,medio,462000.0,5650000.0,21.0,negocio,al_dia,bueno
1414,42.0,M,informal,arrendada,bajo,bajo,384000.0,12157000.0,15.0,remodelacion,mora_severa,bueno
1415,25.0,M,formal_no_calificado,arrendada,bajo,medio,374000.0,4093000.0,18.0,remodelacion,mora_leve,bueno
1416,27.0,M,formal_calificado,propia,bajo,medio,,1815000.0,9.0,electrodomesticos,mora_leve,bueno
1417,46.0,F,informal,propia,bajo,medio,475000.0,6113000.0,15.0,vehiculo,al_dia,bueno
1418,54.0,F,formal_no_calificado,arrendada,bajo,sin_cuenta,0.0,6100000.0,30.0,vehiculo,sin_creditos_previos,malo
1419,36.0,F,informal,propia,bajo,bajo,193000.0,12114000.0,48.0,educacion,mora_severa,bueno
1420,56.0,M,informal,propia,bajo,sin_cuenta,0.0,2935000.0,18.0,remodelacion,sin_creditos_previos,malo
1421,34.0,F,alta_calificacion,familiar,bajo,bajo,102000.0,2559000.0,21.0,libre_inversion,mora_severa,bueno
1422,26.0,M,informal,arrendada,medio,sin_cuenta,0.0,5221000.0,30.0,electrodomesticos,al_dia,bueno
1423,41.0,M,informal,familiar,bajo,bajo,132000.0,1903000.0,18.0,libre_inversion,mora_severa,bueno
1424,75.0,M,formal_no_calificado,propia,alto,medio,465000.0,,21.0,libre_inversion,al_dia,bueno
1425,23.0,M,informal,propia,muy_alto,medio,753000.0,9399000.0,39.0,libre_inversion,al_dia,bueno
1426,55.0,F,informal,familiar,bajo,sin_cuenta,0.0,11348000.0,21.0,negocio,mora_severa,bueno
1427,40.0,M,informal,familiar,medio,bajo,271000.0,3634000.0,15.0,libre_inversion,mora_severa,bueno
1428,27.0,M,formal_no_calificado,arrendada,bajo,bajo,207000.0,4151000.0,39.0,otros,sin_creditos_previos,bueno
1429,21.0,F,informal,arrendada,bajo,medio,1408000.0,11683000.0,21.0,vehiculo,mora_severa,bueno
1430,20.0,M,formal_calificado,propia,bajo,medio,577000.0,5352000.0,9.0,vehiculo,sin_creditos_previos,bueno
1431,29.0,M,informal,arrendada,bajo,sin_cuenta,0.0,4878000.0,15.0,educacion,al_dia,bueno
1432,38.0,M,alta_calificacion,propia,bajo,medio,461000.0,13092000.0,51.0,libre_inversion,mora_severa,bueno
1433,45.0,M,informal,propia,alto,sin_cuenta,0.0,4387000.0,30.0,negocio,al_dia,bueno
1434,49.0,M,informal,arrendada,bajo,sin_cuenta,0.0,4076000.0,12.0,remodelacion,mora_leve,bueno
1435,37.0,F,alta_calificacion,propia,medio,sin_cuenta,0.0,3410000.0,33.0,libre_inversion,al_dia,bueno
1436,35.0,M,formal_calificado,propia,muy_alto,sin_cuenta,0.0,1959000.0,15.0,otros,al_dia,bueno
1437,30.0,M,informal,propia,alto,bajo,289000.0,1587000.0,12.0,libre_inversion,mora_severa,malo
1438,38.0,F,,propia,bajo,sin_cuenta,0.0,2681000.0,30.0,libre_inversion,mora_leve,malo
1439,27.0,M,formal_calificado,familiar,bajo,sin_cuenta,0.0,3043000.0,9.0,negocio,mora_severa,bueno
1440,24.0,F,informal,familiar,bajo,sin_cuenta,0.0,4008000.0,12.0,vehiculo,sin_creditos_previos,malo
1441,34.0,M,informal,propia,bajo,medio,511000.0,7481000.0,18.0,remodelacion,al_dia,bueno
1442,43.0,F,formal_no_calificado,propia,bajo,medio,858000.0,7036000.0,21.0,libre_inversion,al_dia,bueno
1443,23.0,M,formal_calificado,familiar,bajo,medio,287000.0,8640000.0,27.0,negocio,mora_severa,malo
1444,28.0,F,formal_no_calificado,propia,alto,medio,592000.0,4482000.0,9.0,vehiculo,mora_severa,bueno
1445,34.0,F,formal_no_calificado,arrendada,bajo,medio,357000.0,3284000.0,18.0,libre_inversion,al_dia,bueno
1446,33.0,F,alta_calificacion,propia,bajo,sin_cuenta,0.0,1043000.0,6.0,otros,mora_severa,bueno
1447,40.0,F,informal,arrendada,bajo,medio,308000.0,1424000.0,6.0,educacion,mora_severa,bueno
1448,63.0,M,formal_calificado,propia,bajo,bajo,206000.0,2416000.0,12.0,educacion,al_dia,bueno
1449,20.0,M,informal,arrendada,alto,bajo,258000.0,3947000.0,27.0,electrodomesticos,al_dia,bueno
1450,64.0,F,formal_calificado,arrendada,medio,medio,205000.0,7193000.0,24.0,remodelacion,al_dia,bueno
1451,62.0,F,formal_no_calificado,propia,bajo,sin_cuenta,0.0,1635000.0,15.0,libre_inversion,al_dia,bueno
1452,45.0,M,informal,arrendada,bajo,sin_cuenta,0.0,706000.0,6.0,electrodomesticos,al_dia,bueno
1453,36.0,F,formal_no_calificado,arrendada,medio,medio,450000.0,9966000.0,21.0,vehiculo,mora_severa,bueno
1454,27.0,F,formal_calificado,familiar,bajo,bajo,545000.0,17193000.0,72.0,vehiculo,mora_severa,bueno
1455,45.0,F,formal_no_calificado,arrendada,bajo,bajo,72000.0,2684000.0,18.0,libre_inversion,mora_leve,bueno
1456,36.0,F,informal,propia,bajo,alto,1899000.0,3180000.0,9.0,educacion,al_dia,bueno
1457,30.0,F,informal,arrendada,bajo,medio,1081000.0,2436000.0,18.0,libre_inversion,al_dia,bueno
1458,44.0,M,formal_no_calificado,propia,alto,medio,201000.0,2581000.0,6.0,vehiculo,sin_creditos_previos,bueno
1459,47.0,F,formal_no_calificado,familiar,bajo,sin_cuenta,0.0,2925000.0,12.0,remodelacion,sin_creditos_previos,bueno
1460,53.0,M,informal,familiar,bajo,medio,805000.0,7694000.0,27.0,libre_inversion,sin_creditos_previos,bueno
1461,27.0,M,informal,propia,muy_alto,bajo,690000.0,11195000.0,36.0,vehiculo,mora_leve,bueno
1462,51.0,F,formal_calificado,arrendada,bajo,medio,418000.0,2000000.0,15.0,libre_inversion,al_dia,bueno
1463,30.0,F,informal,arrendada,bajo,sin_cuenta,0.0,1314000.0,9.0,libre_inversion,sin_creditos_previos,bueno
1464,36.0,M,informal,propia,bajo,bajo,285000.0,12201000.0,27.0,educacion,mora_severa,bueno
1465,38.0,F,informal,arrendada,muy_alto,sin_cuenta,0.0,2190000.0,21.0,electrodomesticos,mora_severa,bueno
1466,49.0,M,formal_no_calificado,arrendada,muy_alto,medio,333000.0,3794000.0,,vehiculo,al_dia,bueno
1467,42.0,M,alta_calificacion,arrendada,bajo,bajo,,2776000.0,18.0,libre_inversion,al_dia,bueno
1468,30.0,F,formal_no_calificado,arrendada,,bajo,90000.0,1800000.0,15.0,electrodomesticos,mora_severa,malo
1469,20.0,F,informal,arrendada,bajo,sin_cuenta,0.0,2847000.0,18.0,libre_inversion,al_dia,bueno
1470,39.0,M,formal_calificado,arrendada,bajo,bajo,205000.0,4497000.0,18.0,libre_inversion,sin_creditos_previos,bueno
1471,35.0,M,informal,arrendada,bajo,bajo,,2951000.0,21.0,electrodomesticos,al_dia,bueno
1472,23.0,F,alta_calificacion,arrendada,alto,medio,722000.0,3036000.0,18.0,remodelacion,al_dia,bueno
1473,37.0,M,informal,arrendada,bajo,bajo,277000.0,3295000.0,12.0,libre_inversion,mora_severa,bueno
1474,33.0,F,formal_calificado,arrendada,bajo,sin_cuenta,0.0,9996000.0,48.0,libre_inversion,al_dia,malo
1475,53.0,M,formal_calificado,propia,bajo,bajo,,7111000.0,18.0,educacion,mora_severa,bueno
1476,66.0,F,formal_calificado,arrendada,bajo,sin_cuenta,0.0,1409000.0,6.0,libre_inversion,mora_severa,malo
1477,47.0,M,informal,arrendada,bajo,bajo,202000.0,2731000.0,15.0,libre_inversion,sin_creditos_previos,bueno
1478,33.0,M,formal_calificado,propia,bajo,bajo,260000.0,2385000.0,15.0,otros,mora_severa,bueno
1479,34.0,M,formal_calificado,propia,bajo,sin_cuenta,0.0,2512000.0,12.0,libre_inversion,al_dia,bueno
1480,26.0,F,informal,arrendada,muy_alto,sin_cuenta,0.0,2465000.0,9.0,remodelacion,mora_severa,malo
1481,28.0,F,formal_no_calificado,propia,bajo,medio,1228000.0,3808000.0,18.0,educacion,mora_leve,bueno
1482,32.0,M,formal_no_calificado,arrendada,bajo,bajo,153000.0,4859000.0,18.0,vehiculo,al_dia,bueno
1483,31.0,M,alta_calificacion,propia,bajo,sin_cuenta,0.0,4154000.0,9.0,vehiculo,al_dia,bueno
1484,23.0,M,formal_calificado,arrendada,bajo,bajo,119000.0,2979000.0,18.0,electrodomesticos,al_dia,bueno
1485,53.0,F,informal,familiar,medio,bajo,,4028000.0,21.0,libre_inversion,mora_severa,bueno
1486,57.0,M,formal_no_calificado,familiar,bajo,sin_cuenta,0.0,2444000.0,9.0,libre_inversion,sin_creditos_previos,bueno
1487,53.0,F,informal,familiar,bajo,sin_cuenta,0.0,2532000.0,15.0,otros,al_dia,bueno
1488,57.0,M,informal,familiar,bajo,sin_cuenta,0.0,8283000.0,45.0,libre_inversion,al_dia,bueno
1489,75.0,F,formal_calificado,propia,medio,medio,1361000.0,6741000.0,24.0,educacion,al_dia,bueno
1490,26.0,F,formal_no_calificado,propia,medio,sin_cuenta,0.0,4654000.0,24.0,electrodomesticos,al_dia,bueno
1491,73.0,M,formal_calificado,propia,bajo,alto,3148000.0,7159000.0,24.0,remodelacion,al_dia,bueno
1492,30.0,M,formal_no_calificado,propia,medio,bajo,119000.0,7423000.0,33.0,vehiculo,al_dia,bueno
1493,41.0,F,informal,familiar,medio,medio,698000.0,1973000.0,12.0,electrodomesticos,mora_severa,bueno
1494,22.0,M,formal_calificado,familiar,alto,alto,3947000.0,874000.0,6.0,electrodomesticos,al_dia,bueno
1495,29.0,F,informal,arrendada,muy_alto,sin_cuenta,0.0,2457000.0,15.0,electrodomesticos,al_dia,bueno
1496,47.0,F,alta_calificacion,familiar,bajo,bajo,151000.0,6110000.0,12.0,educacion,al_dia,bueno
1497,42.0,M,alta_calificacion,arrendada,bajo,sin_cuenta,0.0,4120000.0,15.0,negocio,al_dia,bueno
1498,30.0,F,formal_calificado,arrendada,bajo,sin_cuenta,0.0,5122000.0,,libre_inversion,sin_creditos_previos,malo
1499,34.0,M,formal_calificado,propia,medio,medio,,1801000.0,12.0,libre_inversion,mora_severa,bueno
1500,28.0,F,formal_no_calificado,familiar,alto,sin_cuenta,0.0,8844000.0,48.0,educacion,al_dia,bueno
1501,47.0,M,,arrendada,bajo,medio,741000.0,883000.0,6.0,libre_inversion,sin_creditos_previos,bueno
1502,55.0,M,formal_calificado,propia,bajo,medio,2332000.0,6311000.0,36.0,negocio,al_dia,bueno
1503,26.0,M,informal,propia,bajo,bajo,69000.0,712000.0,9.0,libre_inversion,mora_severa,bueno
1504,33.0,M,formal_calificado,arrendada,bajo,bajo,168000.0,3269000.0,24.0,libre_inversion,al_dia,bueno
1505,23.0,M,informal,familiar,bajo,medio,508000.0,3377000.0,24.0,libre_inversion,mora_severa,bueno
1506,36.0,M,formal_calificado,arrendada,bajo,sin_cuenta,0.0,2821000.0,15.0,libre_inversion,al_dia,bueno
1507,40.0,F,formal_no_calificado,familiar,bajo,medio,1115000.0,4348000.0,27.0,educacion,al_dia,bueno
1508,37.0,M,formal_calificado,arrendada,bajo,sin_cuenta,0.0,6607000.0,12.0,vehiculo,al_dia,bueno
1509,39.0,M,formal_no_calificado,familiar,bajo,sin_cuenta,0.0,1797000.0,9.0,otros,al_dia,bueno
1510,32.0,M,formal_no_calificado,arrendada,bajo,sin_cuenta,0.0,12453000.0,27.0,vehiculo,al_dia,malo
1511,32.0,M,alta_calificacion,arrendada,medio,sin_cuenta,0.0,4327000.0,12.0,remodelacion,al_dia,bueno
1512,32.0,M,informal,familiar,bajo,sin_cuenta,0.0,18364000.0,45.0,remodelacion,mora_severa,malo
1513,28.0,M,informal,familiar,bajo,medio,,13881000.0,27.0,vehiculo,al_dia,bueno
1514,29.0,F,informal,propia,bajo,bajo,,4133000.0,21.0,negocio,mora_leve,bueno
1515,39.0,F,formal_no_calificado,familiar,bajo,medio,378000.0,7528000.0,15.0,vehiculo,al_dia,bueno
1516,53.0,F,formal_no_calificado,arrendada,bajo,medio,1580000.0,1462000.0,9.0,electrodomesticos,al_dia,bueno
1517,25.0,M,formal_no_calificado,propia,bajo,medio,598000.0,18287000.0,30.0,vehiculo,al_dia,bueno
1518,32.0,F,informal,arrendada,muy_alto,medio,676000.0,9830000.0,30.0,vehiculo,mora_leve,bueno
1519,24.0,F,,arrendada,bajo,medio,807000.0,4018000.0,12.0,libre_inversion,mora_severa,malo
1520,29.0,F,formal_calificado,arrendada,bajo,sin_cuenta,0.0,3243000.0,9.0,vehiculo,mora_leve,bueno
1521,30.0,M,formal_calificado,arrendada,muy_alto,sin_cuenta,0.0,3333000.0,18.0,otros,mora_leve,bueno
1522,35.0,M,informal,propia,medio,bajo,160000.0,7397000.0,18.0,negocio,al_dia,bueno
1523,35.0,M,informal,propia,bajo,sin_cuenta,0.0,6858000.0,,negocio,al_dia,malo
1524,33.0,M,informal,arrendada,medio,medio,366000.0,4369000.0,15.0,remodelacion,mora_severa,bueno
1525,38.0,F,formal_calificado,propia,bajo,bajo,85000.0,4390000.0,42.0,remodelacion,al_dia,bueno
1526,26.0,M,formal_calificado,arrendada,medio,medio,469000.0,8923000.0,24.0,negocio,mora_severa,bueno
1527,35.0,M,formal_no_calificado,arrendada,bajo,sin_cuenta,0.0,3192000.0,45.0,electrodomesticos,mora_severa,bueno
1528,43.0,M,formal_no_calificado,propia,bajo,medio,420000.0,3633000.0,9.0,negocio,sin_creditos_previos,bueno
1529,26.0,M,formal_calificado,propia,alto,sin_cuenta,0.0,,18.0,vehiculo,sin_creditos_previos,bueno
1530,21.0,M,informal,arrendada,medio,bajo,161000.0,2159000.0,39.0,electrodomesticos,al_dia,bueno
1531,47.0,M,informal,familiar,bajo,medio,717000.0,3172000.0,9.0,vehiculo,al_dia,bueno
1532,24.0,F,informal,familiar,bajo,bajo,279000.0,5792000.0,,libre_inversion,al_dia,bueno
1533,28.0,M,alta_calificacion,arrendada,medio,medio,731000.0,1079000.0,,libre_inversion,al_dia,bueno
1534,42.0,F,formal_no_calificado,propia,bajo,sin_cuenta,0.0,3932000.0,9.0,negocio,mora_severa,bueno
1535,25.0,F,formal_no_calificado,arrendada,bajo,medio,429000.0,1950000.0,9.0,electrodomesticos,al_dia,bueno
1536,46.0,F,formal_calificado,arrendada,bajo,bajo,,5865000.0,9.0,libre_inversion,mora_severa,malo
1537,,F,informal,arrendada,muy_alto,medio,1822000.0,4683000.0,27.0,otros,al_dia,bueno
1538,26.0,M,informal,arrendada,bajo,bajo,93000.0,7397000.0,15.0,negocio,mora_severa,malo
1539,24.0,F,formal_no_calificado,arrendada,bajo,bajo,260000.0,2714000.0,18.0,remodelacion,al_dia,bueno
1540,27.0,F,alta_calificacion,propia,bajo,bajo,282000.0,1814000.0,12.0,libre_inversion,al_dia,bueno
1541,40.0,M,informal,familiar,bajo,bajo,,2345000.0,18.0,libre_inversion,al_dia,bueno
1542,28.0,M,formal_no_calificado,arrendada,bajo,medio,588000.0,10706000.0,39.0,negocio,mora_severa,malo
1543,47.0,F,formal_calificado,propia,bajo,sin_cuenta,0.0,1983000.0,9.0,libre_inversion,mora_severa,bueno
1544,34.0,M,formal_calificado,familiar,bajo,medio,632000.0,21004000.0,72.0,libre_inversion,al_dia,malo
1545,35.0,F,formal_no_calificado,propia,alto,sin_cuenta,0.0,3412000.0,15.0,libre_inversion,al_dia,bueno
1546,26.0,M,informal,propia,bajo,sin_cuenta,0.0,5110000.0,12.0,remodelacion,al_dia,bueno
1547,50.0,M,informal,propia,bajo,bajo,123000.0,5845000.0,9.0,vehiculo,al_dia,bueno
1548,43.0,F,informal,arrendada,bajo,bajo,112000.0,6382000.0,21.0,negocio,mora_severa,bueno
1549,42.0,F,informal,arrendada,alto,medio,1250000.0,4202000.0,21.0,educacion,mora_leve,malo
1550,32.0,F,formal_calificado,arrendada,,alto,1604000.0,789000.0,9.0,otros,al_dia,bueno
1551,23.0,F,formal_calificado,propia,bajo,bajo,133000.0,4753000.0,33.0,libre_inversion,sin_creditos_previos,bueno
1552,35.0,F,,propia,bajo,alto,3274000.0,5371000.0,24.0,vehiculo,sin_creditos_previos,bueno
1553,40.0,M,informal,arrendada,bajo,bajo,157000.0,4973000.0,33.0,remodelacion,al_dia,bueno
1554,40.0,F,informal,arrendada,bajo,sin_cuenta,0.0,4940000.0,36.0,otros,mora_severa,bueno
1555,38.0,M,formal_calificado,propia,bajo,medio,369000.0,3962000.0,9.0,vehiculo,al_dia,bueno
1556,37.0,M,informal,arrendada,medio,sin_cuenta,0.0,13235000.0,36.0,vehiculo,mora_severa,malo
1557,27.0,F,informal,arrendada,bajo,alto,1279000.0,9372000.0,27.0,remodelacion,mora_severa,malo
1558,26.0,M,informal,arrendada,medio,bajo,,6310000.0,24.0,remodelacion,mora_severa,malo
1559,24.0,F,informal,arrendada,muy_alto,sin_cuenta,0.0,2197000.0,15.0,libre_inversion,al_dia,bueno
1560,47.0,M,informal,arrendada,bajo,bajo,90000.0,16483000.0,36.0,vehiculo,mora_severa,bueno
1561,65.0,M,informal,propia,bajo,sin_cuenta,0.0,6542000.0,39.0,vehiculo,al_dia,bueno
1562,75.0,M,formal_calificado,arrendada,bajo,sin_cuenta,0.0,,24.0,vehiculo,al_dia,malo
1563,36.0,F,informal,propia,bajo,sin_cuenta,0.0,3163000.0,24.0,libre_inversion,mora_severa,malo
1564,37.0,F,formal_no_calificado,arrendada,bajo,medio,448000.0,3868000.0,54.0,remodelacion,al_dia,bueno
1565,32.0,M,formal_no_calificado,arrendada,,sin_cuenta,0.0,1569000.0,6.0,libre_inversion,al_dia,bueno
1566,36.0,M,formal_no_calificado,arrendada,bajo,bajo,345000.0,6259000.0,39.0,libre_inversion,al_dia,bueno
1567,,M,formal_no_calificado,familiar,alto,bajo,184000.0,4221000.0,18.0,electrodomesticos,al_dia,bueno
1568,32.0,M,informal,propia,medio,medio,699000.0,12128000.0,42.0,libre_inversion,sin_creditos_previos,bueno
1569,26.0,F,informal,propia,bajo,medio,265000.0,1715000.0,12.0,remodelacion,mora_leve,bueno
1570,30.0,F,formal_no_calificado,familiar,medio,medio,524000.0,5756000.0,21.0,electrodomesticos,al_dia,bueno
1571,27.0,M,alta_calificacion,propia,bajo,bajo,340000.0,1152000.0,21.0,electrodomesticos,al_dia,bueno
1572,40.0,M,informal,arrendada,medio,bajo,299000.0,5640000.0,24.0,libre_inversion,mora_severa,bueno
1573,41.0,F,formal_no_calificado,propia,bajo,medio,1845000.0,5666000.0,15.0,libre_inversion,al_dia,bueno
1574,37.0,M,alta_calificacion,arrendada,bajo,sin_cuenta,0.0,1691000.0,12.0,remodelacion,al_dia,bueno
1575,27.0,M,formal_calificado,arrendada,bajo,sin_cuenta,0.0,12231000.0,24.0,libre_inversion,al_dia,bueno
1576,24.0,F,formal_calificado,familiar,medio,medio,1628000.0,5471000.0,,libre_inversion,mora_severa,malo
1577,42.0,M,formal_no_calificado,arrendada,medio,sin_cuenta,0.0,4541000.0,18.0,educacion,sin_creditos_previos,malo
1578,,M,formal_calificado,arrendada,muy_alto,sin_cuenta,0.0,7872000.0,24.0,libre_inversion,sin_creditos_previos,bueno
1579,21.0,M,formal_no_calificado,arrendada,,sin_cuenta,0.0,7511000.0,48.0,electrodomesticos,al_dia,bueno
1580,35.0,F,formal_no_calificado,familiar,bajo,sin_cuenta,0.0,1850000.0,18.0,libre_inversion,al_dia,bueno
1581,37.0,M,formal_calificado,propia,bajo,alto,1016000.0,500000.0,6.0,libre_inversion,al_dia,bueno
1582,22.0,F,informal,arrendada,bajo,sin_cuenta,0.0,4494000.0,24.0,negocio,al_dia,malo
1583,40.0,M,,propia,bajo,bajo,135000.0,1300000.0,9.0,educacion,al_dia,bueno
1584,23.0,M,alta_calificacion,propia,bajo,sin_cuenta,0.0,2557000.0,21.0,libre_inversion,mora_severa,bueno
1585,27.0,F,formal_no_calificado,arrendada,bajo,bajo,136000.0,4162000.0,30.0,libre_inversion,al_dia,bueno
1586,23.0,M,informal,arrendada,bajo,medio,978000.0,1568000.0,18.0,vehiculo,mora_severa,bueno
1587,26.0,M,formal_calificado,familiar,medio,bajo,291000.0,3652000.0,30.0,remodelacion,mora_severa,bueno
1588,24.0,M,informal,arrendada,bajo,bajo,257000.0,5104000.0,30.0,electrodomesticos,mora_severa,malo
1589,47.0,F,formal_no_calificado,propia,bajo,bajo,294000.0,10874000.0,36.0,libre_inversion,mora_severa,malo
1590,31.0,M,informal,propia,bajo,sin_cuenta,0.0,,,otros,mora_severa,bueno
1591,29.0,F,formal_calificado,propia,bajo,bajo,161000.0,16737000.0,42.0,negocio,al_dia,malo
1592,49.0,M,alta_calificacion,propia,bajo,medio,1145000.0,500000.0,6.0,remodelacion,al_dia,bueno
1593,48.0,M,informal,arrendada,bajo,medio,783000.0,,12.0,negocio,al_dia,bueno
1594,30.0,M,formal_calificado,arrendada,bajo,sin_cuenta,0.0,4095000.0,12.0,libre_inversion,mora_leve,bueno
1595,37.0,M,formal_calificado,propia,bajo,medio,471000.0,6460000.0,27.0,libre_inversion,al_dia,bueno
1596,,F,informal,propia,bajo,medio,1475000.0,5904000.0,18.0,vehiculo,al_dia,bueno
1597,32.0,M,informal,propia,alto,medio,354000.0,708000.0,12.0,libre_inversion,mora_severa,bueno
1598,25.0,F,informal,arrendada,medio,medio,1017000.0,5705000.0,12.0,libre_inversion,sin_creditos_previos,bueno
1599,39.0,M,formal_calificado,propia,,alto,2286000.0,11326000.0,,negocio,mora_severa,bueno
1600,,M,formal_no_calificado,propia,bajo,sin_cuenta,0.0,12216000.0,30.0,negocio,al_dia,bueno
1601,47.0,M,informal,arrendada,bajo,sin_cuenta,0.0,1601000.0,6.0,electrodomesticos,al_dia,bueno
1602,33.0,F,informal,propia,bajo,alto,1922000.0,2729000.0,12.0,remodelacion,al_dia,bueno
1603,21.0,M,formal_no_calificado,propia,bajo,bajo,177000.0,1737000.0,6.0,libre_inversion,al_dia,bueno
1604,28.0,F,informal,familiar,bajo,medio,451000.0,8312000.0,30.0,libre_inversion,al_dia,bueno
1605,32.0,F,formal_no_calificado,propia,alto,sin_cuenta,0.0,10320000.0,33.0,vehiculo,mora_severa,bueno
1606,22.0,F,informal,propia,bajo,sin_cuenta,0.0,3571000.0,24.0,remodelacion,mora_severa,malo
1607,22.0,M,formal_calificado,propia,medio,alto,5359000.0,8886000.0,27.0,remodelacion,mora_severa,bueno
1608,55.0,F,,propia,bajo,sin_cuenta,0.0,6804000.0,21.0,electrodomesticos,al_dia,bueno
1609,44.0,M,,familiar,bajo,bajo,140000.0,12744000.0,24.0,negocio,mora_leve,bueno
1610,40.0,M,informal,arrendada,,sin_cuenta,0.0,1426000.0,6.0,libre_inversion,al_dia,bueno
1611,42.0,M,,arrendada,bajo,alto,7858000.0,5131000.0,24.0,libre_inversion,sin_creditos_previos,bueno
1612,24.0,F,formal_calificado,arrendada,bajo,sin_cuenta,0.0,2729000.0,12.0,libre_inversion,al_dia,bueno
1613,26.0,M,formal_no_calificado,propia,bajo,medio,467000.0,1567000.0,27.0,otros,sin_creditos_previos,bueno
1614,36.0,F,informal,arrendada,,sin_cuenta,0.0,4782000.0,15.0,vehiculo,mora_severa,bueno
1615,37.0,F,informal,propia,bajo,alto,1521000.0,11258000.0,39.0,vehiculo,mora_severa,bueno
1616,23.0,M,formal_no_calificado,familiar,bajo,sin_cuenta,0.0,2048000.0,21.0,otros,mora_severa,malo
1617,35.0,M,formal_no_calificado,arrendada,bajo,medio,803000.0,5079000.0,9.0,vehiculo,al_dia,bueno
1618,33.0,F,alta_calificacion,propia,bajo,bajo,158000.0,3533000.0,9.0,vehiculo,al_dia,bueno
1619,46.0,M,formal_calificado,arrendada,bajo,sin_cuenta,0.0,686000.0,12.0,libre_inversion,mora_severa,bueno
1620,37.0,M,formal_calificado,propia,bajo,sin_cuenta,0.0,6675000.0,18.0,vehiculo,mora_leve,malo
1621,58.0,M,alta_calificacion,propia,bajo,medio,1828000.0,15218000.0,39.0,remodelacion,sin_creditos_previos,bueno
1622,30.0,F,formal_calificado,propia,bajo,medio,1310000.0,3438000.0,15.0,negocio,al_dia,bueno
1623,24.0,M,informal,propia,bajo,sin_cuenta,0.0,2800000.0,24.0,libre_inversion,al_dia,bueno
1624,57.0,M,informal,propia,bajo,sin_cuenta,0.0,1132000.0,9.0,remodelacion,mora_severa,bueno
1625,38.0,M,,familiar,muy_alto,medio,,5313000.0,27.0,libre_inversion,mora_severa,bueno
1626,33.0,M,informal,propia,alto,bajo,108000.0,2710000.0,18.0,educacion,mora_leve,bueno
1627,26.0,F,alta_calificacion,propia,alto,medio,618000.0,2271000.0,24.0,libre_inversion,al_dia,bueno
1628,30.0,M,informal,propia,bajo,bajo,156000.0,16518000.0,42.0,libre_inversion,al_dia,bueno
1629,29.0,F,informal,propia,bajo,sin_cuenta,0.0,6579000.0,18.0,vehiculo,mora_severa,malo
1630,24.0,F,formal_calificado,propia,bajo,sin_cuenta,0.0,2188000.0,9.0,negocio,al_dia,bueno
1631,20.0,M,formal_calificado,propia,muy_alto,sin_cuenta,0.0,8768000.0,21.0,libre_inversion,mora_severa,bueno
1632,29.0,F,formal_calificado,propia,muy_alto,alto,739000.0,4542000.0,21.0,libre_inversion,sin_creditos_previos,bueno
1633,43.0,F,informal,propia,bajo,sin_cuenta,0.0,5259000.0,30.0,libre_inversion,mora_severa,malo
1634,51.0,F,informal,propia,bajo,bajo,148000.0,3457000.0,18.0,otros,mora_severa,malo
1635,46.0,F,formal_no_calificado,arrendada,bajo,sin_cuenta,0.0,10428000.0,42.0,vehiculo,mora_severa,malo
1636,47.0,M,alta_calificacion,familiar,bajo,sin_cuenta,0.0,4748000.0,30.0,otros,al_dia,bueno
1637,25.0,F,informal,propia,bajo,medio,918000.0,5254000.0,21.0,libre_inversion,mora_severa,bueno
1638,36.0,M,formal_no_calificado,arrendada,bajo,medio,1265000.0,12896000.0,18.0,vehiculo,al_dia,bueno
1639,40.0,F,informal,arrendada,bajo,medio,227000.0,2390000.0,9.0,vehiculo,al_dia,bueno
1640,41.0,M,,arrendada,medio,sin_cuenta,0.0,3896000.0,15.0,libre_inversion,al_dia,bueno
1641,32.0,F,informal,arrendada,medio,medio,557000.0,500000.0,,electrodomesticos,mora_severa,bueno
1642,35.0,F,alta_calificacion,arrendada,medio,alto,965000.0,7582000.0,18.0,vehiculo,sin_creditos_previos,bueno
1643,46.0,F,informal,familiar,,alto,1327000.0,,6.0,libre_inversion,al_dia,bueno
1644,39.0,M,formal_calificado,propia,bajo,sin_cuenta,0.0,6998000.0,,vehiculo,al_dia,bueno
1645,42.0,F,formal_calificado,arrendada,bajo,bajo,124000.0,1581000.0,9.0,remodelacion,mora_severa,bueno
1646,29.0,F,informal,arrendada,bajo,alto,2482000.0,6120000.0,24.0,vehiculo,al_dia,bueno
1647,41.0,F,informal,familiar,muy_alto,medio,335000.0,7505000.0,18.0,vehiculo,al_dia,bueno
1648,35.0,F,formal_no_calificado,arrendada,bajo,sin_cuenta,0.0,3785000.0,12.0,negocio,al_dia,bueno
1649,44.0,F,formal_no_calificado,familiar,bajo,medio,530000.0,,9.0,remodelacion,al_dia,bueno
1650,27.0,F,formal_calificado,arrendada,bajo,medio,299000.0,5448000.0,18.0,remodelacion,al_dia,bueno
1651,44.0,M,,arrendada,bajo,medio,221000.0,2283000.0,18.0,libre_inversion,al_dia,bueno
1652,30.0,M,informal,familiar,bajo,bajo,262000.0,15394000.0,51.0,educacion,al_dia,bueno
1653,43.0,F,alta_calificacion,arrendada,bajo,bajo,70000.0,2501000.0,15.0,libre_inversion,al_dia,bueno
1654,36.0,F,informal,arrendada,bajo,medio,289000.0,6910000.0,27.0,libre_inversion,al_dia,bueno
1655,34.0,M,formal_no_calificado,arrendada,bajo,bajo,199000.0,6035000.0,,vehiculo,sin_creditos_previos,malo
1656,31.0,M,alta_calificacion,propia,bajo,medio,440000.0,1124000.0,9.0,negocio,al_dia,bueno
1657,33.0,M,alta_calificacion,familiar,bajo,sin_cuenta,0.0,,24.0,libre_inversion,mora_severa,malo
1658,29.0,F,informal,familiar,medio,sin_cuenta,0.0,2450000.0,15.0,vehiculo,al_dia,bueno
1659,30.0,F,informal,arrendada,bajo,medio,825000.0,1529000.0,18.0,libre_inversion,al_dia,bueno
1660,39.0,F,formal_no_calificado,propia,bajo,sin_cuenta,0.0,1088000.0,6.0,libre_inversion,mora_severa,bueno
1661,22.0,M,informal,propia,bajo,sin_cuenta,0.0,,12.0,vehiculo,al_dia,malo
1662,43.0,M,formal_calificado,propia,bajo,medio,382000.0,1135000.0,12.0,libre_inversion,sin_creditos_previos,malo
1663,43.0,F,formal_no_calificado,propia,bajo,medio,371000.0,2212000.0,9.0,educacion,al_dia,bueno
1664,31.0,M,informal,arrendada,bajo,medio,742000.0,1923000.0,15.0,libre_inversion,sin_creditos_previos,bueno
1665,35.0,M,informal,familiar,muy_alto,sin_cuenta,0.0,884000.0,6.0,electrodomesticos,mora_severa,bueno
1666,25.0,M,formal_calificado,arrendada,bajo,bajo,94000.0,13110000.0,21.0,libre_inversion,mora_severa,malo
1667,38.0,F,formal_calificado,arrendada,,sin_cuenta,0.0,2498000.0,15.0,libre_inversion,al_dia,bueno
1668,26.0,M,informal,familiar,medio,sin_cuenta,0.0,2944000.0,15.0,vehiculo,al_dia,bueno
1669,19.0,M,informal,familiar,bajo,sin_cuenta,0.0,7791000.0,24.0,vehiculo,sin_creditos_previos,malo
1670,51.0,M,informal,arrendada,bajo,bajo,98000.0,1633000.0,9.0,libre_inversion,al_dia,bueno
1671,25.0,F,formal_no_calificado,arrendada,bajo,bajo,103000.0,6557000.0,42.0,libre_inversion,sin_creditos_previos,bueno
1672,33.0,M,formal_calificado,arrendada,bajo,sin_cuenta,0.0,1814000.0,9.0,libre_inversion,sin_creditos_previos,bueno
1673,35.0,M,formal_calificado,arrendada,bajo,medio,699000.0,5677000.0,30.0,educacion,mora_leve,malo
1674,39.0,M,alta_calificacion,propia,muy_alto,alto,1873000.0,6302000.0,39.0,negocio,al_dia,bueno
1675,33.0,M,formal_no_calificado,arrendada,bajo,sin_cuenta,0.0,1789000.0,6.0,libre_inversion,mora_leve,malo
1676,36.0,F,formal_calificado,arrendada,bajo,medio,1523000.0,,12.0,libre_inversion,mora_severa,bueno
1677,,F,informal,propia,muy_alto,bajo,216000.0,2598000.0,9.0,vehiculo,mora_severa,bueno
1678,22.0,M,formal_no_calificado,familiar,bajo,bajo,42000.0,6210000.0,24.0,remodelacion,sin_creditos_previos,bueno
1679,33.0,F,formal_no_calificado,familiar,bajo,bajo,180000.0,897000.0,12.0,libre_inversion,al_dia,bueno
1680,,M,formal_calificado,arrendada,muy_alto,medio,999000.0,1770000.0,9.0,libre_inversion,mora_severa,bueno
1681,25.0,F,formal_calificado,propia,bajo,sin_cuenta,0.0,5047000.0,15.0,electrodomesticos,mora_severa,bueno
1682,36.0,M,informal,propia,medio,bajo,167000.0,5836000.0,18.0,remodelacion,mora_severa,bueno
1683,63.0,M,,arrendada,bajo,sin_cuenta,0.0,5048000.0,36.0,electrodomesticos,al_dia,bueno
1684,32.0,F,formal_calificado,familiar,bajo,sin_cuenta,0.0,7582000.0,36.0,remodelacion,al_dia,bueno
1685,33.0,F,alta_calificacion,arrendada,muy_alto,bajo,91000.0,2039000.0,12.0,libre_inversion,al_dia,bueno
1686,22.0,F,formal_no_calificado,propia,bajo,sin_cuenta,0.0,2564000.0,6.0,vehiculo,al_dia,bueno
1687,24.0,F,alta_calificacion,propia,alto,medio,340000.0,4562000.0,21.0,electrodomesticos,al_dia,bueno
1688,26.0,F,formal_calificado,propia,medio,bajo,,,15.0,remodelacion,mora_leve,bueno
1689,40.0,F,formal_no_calificado,arrendada,bajo,sin_cuenta,0.0,9484000.0,36.0,libre_inversion,mora_leve,malo
1690,25.0,M,informal,arrendada,alto,medio,413000.0,7897000.0,36.0,vehiculo,al_dia,bueno
1691,21.0,M,formal_calificado,propia,alto,sin_cuenta,0.0,3691000.0,24.0,libre_inversion,mora_severa,bueno
1692,38.0,F,formal_calificado,arrendada,medio,medio,900000.0,3208000.0,18.0,negocio,mora_severa,bueno
1693,27.0,F,formal_no_calificado,familiar,bajo,sin_cuenta,0.0,4305000.0,21.0,libre_inversion,al_dia,bueno
1694,22.0,F,alta_calificacion,arrendada,bajo,sin_cuenta,0.0,5625000.0,18.0,negocio,mora_severa,malo
1695,42.0,M,informal,propia,bajo,medio,367000.0,7545000.0,21.0,negocio,al_dia,bueno
1696,30.0,M,formal_no_calificado,arrendada,,medio,500000.0,1911000.0,12.0,electrodomesticos,al_dia,bueno
1697,39.0,M,informal,familiar,alto,sin_cuenta,0.0,5169000.0,12.0,negocio,sin_creditos_previos,bueno
1698,22.0,F,formal_no_calificado,propia,,sin_cuenta,0.0,7727000.0,15.0,libre_inversion,mora_severa,bueno
1699,20.0,M,informal,propia,bajo,medio,,12358000.0,48.0,libre_inversion,al_dia,bueno
1700,,F,informal,arrendada,bajo,sin_cuenta,0.0,833000.0,6.0,vehiculo,al_dia,bueno
1701,24.0,M,informal,propia,muy_alto,medio,291000.0,2426000.0,12.0,remodelacion,mora_severa,malo
1702,34.0,M,informal,familiar,bajo,sin_cuenta,0.0,2581000.0,15.0,otros,mora_severa,bueno
1703,35.0,F,informal,arrendada,bajo,sin_cuenta,0.0,3193000.0,21.0,vehiculo,mora_severa,bueno
1704,33.0,M,formal_calificado,propia,bajo,sin_cuenta,0.0,3466000.0,12.0,libre_inversion,al_dia,bueno
1705,47.0,F,informal,familiar,,sin_cuenta,0.0,16663000.0,39.0,libre_inversion,mora_severa,bueno
1706,75.0,M,informal,arrendada,alto,medio,,7120000.0,33.0,vehiculo,al_dia,bueno
1707,37.0,M,informal,arrendada,bajo,bajo,79000.0,15124000.0,39.0,remodelacion,al_dia,bueno
1708,63.0,F,informal,propia,bajo,sin_cuenta,0.0,4660000.0,21.0,electrodomesticos,al_dia,bueno
1709,30.0,F,informal,arrendada,medio,sin_cuenta,0.0,11887000.0,36.0,negocio,sin_creditos_previos,malo
1710,23.0,M,alta_calificacion,familiar,medio,sin_cuenta,0.0,3467000.0,12.0,libre_inversion,al_dia,bueno
1711,27.0,M,formal_no_calificado,propia,muy_alto,bajo,159000.0,1697000.0,18.0,electrodomesticos,mora_severa,bueno
1712,30.0,F,informal,propia,medio,bajo,77000.0,2086000.0,6.0,libre_inversion,al_dia,bueno
1713,65.0,F,formal_no_calificado,familiar,bajo,sin_cuenta,0.0,9548000.0,24.0,remodelacion,al_dia,bueno
1714,34.0,F,informal,arrendada,alto,medio,655000.0,,24.0,educacion,mora_leve,bueno
1715,48.0,F,formal_calificado,propia,bajo,bajo,557000.0,3248000.0,21.0,electrodomesticos,mora_severa,malo
1716,29.0,M,alta_calificacion,propia,bajo,alto,1030000.0,3462000.0,15.0,vehiculo,al_dia,bueno
1717,28.0,F,informal,arrendada,bajo,bajo,273000.0,7909000.0,27.0,libre_inversion,al_dia,bueno
1718,22.0,F,informal,arrendada,bajo,sin_cuenta,0.0,6069000.0,36.0,otros,mora_severa,malo
1719,64.0,F,formal_no_calificado,propia,bajo,sin_cuenta,0.0,5787000.0,48.0,electrodomesticos,al_dia,malo
1720,54.0,F,informal,propia,alto,medio,423000.0,7808000.0,24.0,educacion,sin_creditos_previos,bueno
1721,36.0,F,informal,arrendada,bajo,sin_cuenta,0.0,3011000.0,18.0,libre_inversion,al_dia,bueno
1722,31.0,F,formal_no_calificado,arrendada,bajo,sin_cuenta,0.0,1684000.0,12.0,libre_inversion,mora_leve,bueno
1723,34.0,M,formal_no_calificado,propia,,bajo,189000.0,5326000.0,24.0,electrodomesticos,sin_creditos_previos,bueno
1724,23.0,M,informal,arrendada,medio,bajo,92000.0,813000.0,12.0,electrodomesticos,al_dia,bueno
1725,39.0,F,formal_calificado,arrendada,medio,bajo,,11061000.0,24.0,vehiculo,al_dia,bueno
1726,52.0,F,informal,propia,bajo,medio,456000.0,2280000.0,12.0,vehiculo,al_dia,bueno
1727,53.0,M,informal,propia,bajo,sin_cuenta,0.0,2553000.0,18.0,vehiculo,mora_severa,bueno
1728,22.0,M,formal_calificado,familiar,bajo,medio,1534000.0,5538000.0,12.0,vehiculo,al_dia,bueno
1729,48.0,F,formal_no_calificado,familiar,medio,medio,416000.0,3378000.0,15.0,libre_inversion,mora_severa,bueno
1730,23.0,F,formal_no_calificado,propia,alto,sin_cuenta,0.0,3913000.0,24.0,remodelacion,al_dia,bueno
1731,20.0,F,formal_calificado,familiar,bajo,sin_cuenta,0.0,3597000.0,30.0,educacion,al_dia,bueno
1732,48.0,M,formal_no_calificado,arrendada,bajo,alto,6399000.0,5894000.0,15.0,vehiculo,al_dia,bueno
1733,28.0,M,formal_calificado,familiar,bajo,sin_cuenta,0.0,882000.0,6.0,otros,al_dia,bueno
1734,46.0,M,formal_no_calificado,familiar,bajo,bajo,141000.0,1594000.0,6.0,otros,sin_creditos_previos,bueno
1735,44.0,F,informal,arrendada,bajo,sin_cuenta,0.0,629000.0,6.0,electrodomesticos,al_dia,bueno
1736,42.0,M,formal_calificado,arrendada,bajo,bajo,,6030000.0,36.0,educacion,sin_creditos_previos,bueno
1737,35.0,F,informal,propia,bajo,medio,775000.0,14063000.0,66.0,electrodomesticos,mora_severa,malo
1738,24.0,F,formal_calificado,arrendada,bajo,medio,964000.0,2128000.0,18.0,libre_inversion,mora_severa,malo
1739,29.0,F,informal,arrendada,bajo,sin_cuenta,0.0,613000.0,6.0,libre_inversion,al_dia,bueno
1740,54.0,F,formal_no_calificado,arrendada,bajo,sin_cuenta,0.0,1994000.0,9.0,vehiculo,al_dia,bueno
1741,46.0,F,formal_calificado,propia,bajo,bajo,207000.0,2000000.0,9.0,libre_inversion,al_dia,bueno
1742,31.0,F,formal_no_calificado,familiar,bajo,sin_cuenta,0.0,25839000.0,36.0,negocio,al_dia,bueno
1743,31.0,M,informal,familiar,bajo,bajo,186000.0,2739000.0,15.0,otros,al_dia,bueno
1744,41.0,M,formal_no_calificado,propia,bajo,bajo,200000.0,6021000.0,72.0,electrodomesticos,mora_severa,malo
1745,35.0,F,formal_calificado,arrendada,alto,medio,1322000.0,,9.0,electrodomesticos,mora_severa,bueno
1746,31.0,M,alta_calificacion,familiar,bajo,sin_cuenta,0.0,1991000.0,9.0,otros,mora_severa,bueno
1747,40.0,F,formal_no_calificado,arrendada,medio,sin_cuenta,0.0,1419000.0,15.0,educacion,mora_leve,malo
1748,39.0,M,informal,familiar,bajo,medio,374000.0,969000.0,12.0,libre_inversion,mora_severa,bueno
1749,27.0,F,informal,arrendada,bajo,bajo,147000.0,6087000.0,33.0,otros,mora_severa,bueno
1750,37.0,M,formal_no_calificado,propia,bajo,sin_cuenta,0.0,3683000.0,18.0,electrodomesticos,al_dia,malo
1751,38.0,F,informal,arrendada,bajo,alto,3262000.0,7775000.0,27.0,libre_inversion,al_dia,bueno
1752,33.0,M,formal_calificado,arrendada,bajo,bajo,200000.0,4698000.0,21.0,libre_inversion,al_dia,bueno
1753,27.0,M,formal_no_calificado,propia,bajo,bajo,111000.0,7745000.0,21.0,educacion,al_dia,bueno
1754,30.0,M,informal,arrendada,bajo,medio,277000.0,2654000.0,15.0,libre_inversion,al_dia,bueno
1755,25.0,F,informal,arrendada,alto,bajo,,8052000.0,33.0,negocio,al_dia,bueno
1756,37.0,M,informal,propia,bajo,sin_cuenta,0.0,6044000.0,30.0,educacion,mora_severa,bueno
1757,22.0,F,formal_no_calificado,arrendada,bajo,sin_cuenta,0.0,2696000.0,12.0,libre_inversion,al_dia,bueno
1758,56.0,F,formal_no_calificado,propia,bajo,bajo,493000.0,31297000.0,15.0,vehiculo,al_dia,malo
1759,51.0,F,informal,arrendada,bajo,bajo,209000.0,1507000.0,12.0,electrodomesticos,mora_severa,bueno
1760,39.0,F,formal_no_calificado,arrendada,medio,medio,325000.0,3752000.0,18.0,libre_inversion,mora_severa,bueno
1761,45.0,F,informal,propia,bajo,bajo,481000.0,7228000.0,24.0,electrodomesticos,mora_severa,bueno
1762,44.0,F,formal_no_calificado,familiar,bajo,sin_cuenta,0.0,2755000.0,12.0,otros,mora_severa,bueno
1763,35.0,M,formal_calificado,familiar,bajo,medio,893000.0,928000.0,15.0,electrodomesticos,al_dia,bueno
1764,32.0,F,informal,arrendada,bajo,sin_cuenta,0.0,3709000.0,12.0,electrodomesticos,al_dia,bueno
1765,30.0,M,informal,arrendada,muy_alto,medio,1786000.0,3261000.0,9.0,negocio,al_dia,bueno
1766,57.0,F,formal_calificado,familiar,bajo,medio,910000.0,691000.0,15.0,otros,al_dia,bueno
1767,26.0,M,informal,propia,bajo,bajo,138000.0,3757000.0,15.0,negocio,mora_severa,malo
1768,26.0,M,,propia,bajo,bajo,691000.0,1672000.0,12.0,libre_inversion,mora_severa,bueno
1769,47.0,F,formal_calificado,propia,bajo,sin_cuenta,0.0,1428000.0,9.0,libre_inversion,mora_severa,bueno
1770,,M,formal_no_calificado,arrendada,bajo,bajo,171000.0,11782000.0,57.0,remodelacion,al_dia,bueno
1771,31.0,M,alta_calificacion,propia,bajo,sin_cuenta,0.0,4073000.0,15.0,libre_inversion,al_dia,bueno
1772,40.0,M,formal_no_calificado,arrendada,bajo,bajo,324000.0,5104000.0,21.0,electrodomesticos,al_dia,bueno
1773,42.0,F,formal_no_calificado,arrendada,bajo,sin_cuenta,0.0,13119000.0,24.0,negocio,al_dia,bueno
1774,23.0,M,informal,propia,medio,bajo,166000.0,7674000.0,21.0,otros,al_dia,bueno
1775,53.0,M,informal,arrendada,bajo,sin_cuenta,0.0,7998000.0,27.0,vehiculo,al_dia,bueno
1776,42.0,F,formal_no_calificado,propia,medio,sin_cuenta,0.0,2026000.0,18.0,negocio,al_dia,bueno
1777,39.0,F,informal,arrendada,bajo,bajo,180000.0,500000.0,9.0,electrodomesticos,sin_creditos_previos,bueno
1778,42.0,M,,propia,bajo,medio,416000.0,6675000.0,,remodelacion,mora_severa,malo
1779,37.0,M,informal,propia,muy_alto,sin_cuenta,0.0,2820000.0,15.0,libre_inversion,al_dia,bueno
1780,33.0,M,informal,propia,bajo,bajo,152000.0,4743000.0,12.0,libre_inversion,al_dia,bueno
1781,21.0,F,formal_no_calificado,arrendada,bajo,medio,1148000.0,12034000.0,48.0,educacion,mora_leve,bueno
1782,35.0,M,formal_no_calificado,propia,,bajo,121000.0,500000.0,,electrodomesticos,al_dia,bueno
1783,23.0,M,informal,arrendada,bajo,bajo,293000.0,3771000.0,24.0,educacion,mora_severa,bueno
1784,67.0,M,formal_calificado,familiar,bajo,sin_cuenta,0.0,5543000.0,24.0,libre_inversion,mora_severa,malo
1785,32.0,F,informal,arrendada,bajo,sin_cuenta,0.0,,39.0,libre_inversion,al_dia,malo
1786,66.0,M,informal,propia,bajo,sin_cuenta,0.0,8100000.0,21.0,libre_inversion,al_dia,bueno
1787,,F,alta_calificacion,arrendada,bajo,alto,6296000.0,2216000.0,12.0,remodelacion,al_dia,bueno
1788,28.0,M,alta_calificacion,propia,bajo,sin_cuenta,0.0,1213000.0,6.0,remodelacion,mora_severa,bueno
1789,52.0,F,informal,familiar,bajo,sin_cuenta,0.0,990000.0,6.0,vehiculo,sin_creditos_previos,bueno
1790,38.0,F,informal,arrendada,medio,sin_cuenta,0.0,7558000.0,15.0,libre_inversion,mora_severa,malo
1791,75.0,M,formal_calificado,arrendada,bajo,medio,461000.0,6078000.0,36.0,libre_inversion,mora_severa,bueno
1792,28.0,M,formal_no_calificado,propia,bajo,bajo,162000.0,1392000.0,6.0,libre_inversion,mora_severa,malo
1793,53.0,M,informal,arrendada,bajo,medio,378000.0,2777000.0,21.0,libre_inversion,mora_leve,bueno
1794,54.0,F,informal,arrendada,bajo,bajo,268000.0,4611000.0,33.0,otros,al_dia,bueno
1795,43.0,M,informal,propia,bajo,medio,498000.0,9517000.0,45.0,libre_inversion,al_dia,malo
1796,54.0,F,formal_calificado,arrendada,alto,medio,434000.0,3556000.0,15.0,libre_inversion,al_dia,bueno
1797,34.0,M,formal_no_calificado,propia,medio,bajo,280000.0,1760000.0,6.0,educacion,al_dia,bueno
1798,26.0,F,informal,familiar,bajo,alto,744000.0,8927000.0,33.0,otros,mora_severa,malo
1799,29.0,F,informal,familiar,medio,alto,4703000.0,4668000.0,15.0,remodelacion,al_dia,bueno
1800,35.0,M,informal,propia,bajo,sin_cuenta,0.0,5857000.0,24.0,libre_inversion,mora_severa,malo
1801,44.0,M,formal_calificado,propia,bajo,bajo,380000.0,5767000.0,24.0,vehiculo,al_dia,malo
1802,27.0,F,,arrendada,muy_alto,bajo,,2110000.0,12.0,libre_inversion,al_dia,bueno
1803,30.0,M,formal_no_calificado,familiar,medio,medio,406000.0,682000.0,6.0,libre_inversion,al_dia,bueno
1804,27.0,F,formal_calificado,propia,bajo,medio,1169000.0,3168000.0,18.0,remodelacion,sin_creditos_previos,bueno
1805,47.0,F,informal,propia,medio,medio,450000.0,6848000.0,27.0,educacion,mora_severa,bueno
1806,66.0,M,formal_no_calificado,arrendada,bajo,sin_cuenta,0.0,7407000.0,33.0,libre_inversion,al_dia,malo
1807,25.0,M,informal,propia,bajo,medio,,6025000.0,21.0,educacion,al_dia,bueno
1808,40.0,M,informal,propia,muy_alto,sin_cuenta,0.0,11760000.0,27.0,remodelacion,al_dia,bueno
1809,49.0,M,formal_no_calificado,arrendada,medio,bajo,66000.0,892000.0,12.0,electrodomesticos,al_dia,bueno
1810,32.0,F,formal_calificado,arrendada,bajo,sin_cuenta,0.0,2551000.0,33.0,libre_inversion,al_dia,malo
1811,23.0,F,informal,arrendada,bajo,medio,824000.0,4480000.0,30.0,otros,al_dia,malo
1812,52.0,M,formal_no_calificado,propia,alto,medio,353000.0,9065000.0,24.0,libre_inversion,mora_severa,bueno
1813,23.0,F,formal_calificado,arrendada,bajo,sin_cuenta,0.0,4621000.0,12.0,libre_inversion,mora_leve,malo
1814,58.0,M,formal_calificado,arrendada,alto,medio,360000.0,3786000.0,18.0,libre_inversion,al_dia,bueno
1815,27.0,F,,arrendada,bajo,medio,878000.0,2947000.0,15.0,remodelacion,mora_leve,bueno
1816,22.0,F,informal,familiar,bajo,sin_cuenta,0.0,5144000.0,15.0,negocio,mora_severa,bueno
1817,29.0,M,formal_calificado,propia,bajo,bajo,134000.0,8583000.0,27.0,libre_inversion,mora_severa,malo
1818,34.0,F,informal,arrendada,bajo,sin_cuenta,0.0,3143000.0,24.0,libre_inversion,al_dia,malo
1819,36.0,F,informal,familiar,bajo,sin_cuenta,0.0,1456000.0,6.0,negocio,mora_severa,bueno
1820,,M,informal,propia,bajo,medio,401000.0,2851000.0,12.0,remodelacion,sin_creditos_previos,bueno
1821,37.0,M,formal_no_calificado,familiar,,sin_cuenta,0.0,6941000.0,24.0,otros,sin_creditos_previos,bueno
1822,63.0,F,formal_no_calificado,arrendada,bajo,bajo,160000.0,4990000.0,15.0,remodelacion,mora_severa,malo
1823,33.0,M,formal_calificado,propia,bajo,sin_cuenta,0.0,782000.0,9.0,educacion,al_dia,bueno
1824,38.0,M,formal_no_calificado,propia,bajo,sin_cuenta,0.0,15097000.0,33.0,vehiculo,mora_severa,bueno
1825,37.0,M,alta_calificacion,propia,bajo,bajo,164000.0,12785000.0,72.0,libre_inversion,al_dia,bueno
1826,22.0,F,formal_no_calificado,familiar,bajo,sin_cuenta,0.0,1697000.0,9.0,electrodomesticos,al_dia,malo
1827,24.0,M,formal_no_calificado,familiar,,medio,457000.0,1902000.0,6.0,vehiculo,mora_leve,bueno
1828,35.0,M,informal,arrendada,bajo,sin_cuenta,0.0,16906000.0,42.0,vehiculo,al_dia,bueno
1829,,M,informal,propia,bajo,bajo,359000.0,1690000.0,12.0,electrodomesticos,al_dia,bueno
1830,21.0,M,formal_no_calificado,arrendada,bajo,medio,611000.0,3925000.0,27.0,libre_inversion,al_dia,bueno
1831,65.0,F,formal_calificado,arrendada,bajo,bajo,322000.0,1158000.0,12.0,electrodomesticos,al_dia,bueno
1832,40.0,M,informal,propia,bajo,medio,510000.0,13872000.0,48.0,vehiculo,al_dia,bueno
1833,34.0,F,formal_no_calificado,propia,bajo,sin_cuenta,0.0,3370000.0,30.0,educacion,mora_severa,malo
1834,40.0,M,informal,arrendada,bajo,medio,486000.0,1906000.0,12.0,libre_inversion,al_dia,bueno
1835,29.0,F,informal,propia,medio,bajo,149000.0,1082000.0,9.0,electrodomesticos,sin_creditos_previos,bueno
1836,36.0,M,informal,arrendada,bajo,medio,165000.0,6619000.0,12.0,vehiculo,al_dia,bueno
1837,38.0,F,informal,arrendada,bajo,sin_cuenta,0.0,3961000.0,15.0,libre_inversion,al_dia,malo
1838,52.0,M,informal,propia,bajo,sin_cuenta,0.0,27382000.0,33.0,vehiculo,mora_severa,malo
1839,,F,formal_calificado,propia,bajo,bajo,699000.0,957000.0,6.0,vehiculo,al_dia,bueno
1840,23.0,M,formal_calificado,arrendada,muy_alto,sin_cuenta,0.0,2298000.0,,educacion,al_dia,bueno
1841,26.0,M,informal,arrendada,bajo,sin_cuenta,0.0,10002000.0,30.0,libre_inversion,mora_leve,malo
1842,30.0,F,,propia,bajo,sin_cuenta,0.0,9997000.0,30.0,negocio,al_dia,malo
1843,24.0,M,formal_no_calificado,familiar,bajo,sin_cuenta,0.0,6014000.0,36.0,libre_inversion,mora_severa,malo
1844,26.0,M,informal,arrendada,bajo,sin_cuenta,0.0,812000.0,9.0,electrodomesticos,sin_creditos_previos,bueno
1845,26.0,F,formal_calificado,propia,bajo,sin_cuenta,0.0,4670000.0,15.0,remodelacion,al_dia,bueno
1846,31.0,F,formal_no_calificado,propia,bajo,medio,543000.0,2561000.0,12.0,libre_inversion,mora_severa,bueno
1847,40.0,F,formal_calificado,familiar,bajo,alto,2004000.0,7026000.0,45.0,libre_inversion,mora_severa,bueno
1848,30.0,F,informal,arrendada,alto,bajo,132000.0,5540000.0,18.0,libre_inversion,sin_creditos_previos,bueno
1849,41.0,M,alta_calificacion,propia,bajo,sin_cuenta,0.0,8861000.0,9.0,vehiculo,al_dia,bueno
1850,34.0,M,formal_calificado,arrendada,bajo,sin_cuenta,0.0,8806000.0,42.0,vehiculo,mora_severa,malo
1851,26.0,F,formal_calificado,propia,bajo,medio,1450000.0,3452000.0,15.0,otros,al_dia,bueno
1852,38.0,M,alta_calificacion,arrendada,bajo,medio,844000.0,,18.0,libre_inversion,mora_severa,bueno
1853,36.0,M,formal_no_calificado,arrendada,bajo,sin_cuenta,0.0,19741000.0,51.0,negocio,al_dia,bueno
1854,42.0,M,informal,familiar,medio,sin_cuenta,0.0,6720000.0,21.0,otros,mora_severa,bueno
1855,45.0,M,formal_no_calificado,arrendada,alto,sin_cuenta,0.0,13000000.0,36.0,libre_inversion,mora_leve,malo
1856,53.0,M,formal_calificado,arrendada,bajo,sin_cuenta,0.0,2536000.0,15.0,educacion,mora_severa,bueno
1857,41.0,M,formal_calificado,propia,bajo,sin_cuenta,0.0,2104000.0,27.0,otros,al_dia,bueno
1858,36.0,F,formal_no_calificado,familiar,bajo,medio,486000.0,3821000.0,21.0,libre_inversion,mora_severa,malo
1859,42.0,F,formal_calificado,propia,bajo,sin_cuenta,0.0,4148000.0,33.0,electrodomesticos,al_dia,bueno
1860,29.0,F,informal,propia,bajo,sin_cuenta,0.0,1045000.0,18.0,educacion,sin_creditos_previos,bueno
1861,29.0,M,informal,familiar,medio,medio,773000.0,6136000.0,18.0,educacion,mora_severa,bueno
1862,56.0,M,formal_no_calificado,familiar,medio,medio,843000.0,8164000.0,36.0,negocio,al_dia,bueno
1863,,F,informal,arrendada,bajo,sin_cuenta,0.0,3969000.0,12.0,vehiculo,al_dia,malo
1864,26.0,M,informal,arrendada,muy_alto,medio,376000.0,1794000.0,12.0,libre_inversion,mora_leve,bueno
1865,41.0,M,formal_calificado,propia,muy_alto,sin_cuenta,0.0,10321000.0,54.0,remodelacion,mora_severa,malo
1866,30.0,F,formal_no_calificado,arrendada,bajo,sin_cuenta,0.0,7409000.0,12.0,vehiculo,mora_leve,bueno
1867,45.0,F,formal_no_calificado,propia,bajo,sin_cuenta,0.0,3506000.0,15.0,remodelacion,al_dia,bueno
1868,51.0,M,informal,propia,medio,sin_cuenta,0.0,11023000.0,12.0,vehiculo,al_dia,malo
1869,27.0,F,,arrendada,bajo,sin_cuenta,0.0,5466000.0,12.0,vehiculo,al_dia,bueno
1870,43.0,F,formal_calificado,familiar,bajo,medio,1192000.0,3893000.0,9.0,negocio,mora_leve,bueno
1871,28.0,F,formal_calificado,familiar,bajo,medio,653000.0,4784000.0,24.0,remodelacion,sin_creditos_previos,malo
1872,32.0,M,informal,familiar,bajo,sin_cuenta,0.0,5726000.0,27.0,remodelacion,mora_severa,malo
1873,38.0,F,formal_calificado,arrendada,,sin_cuenta,0.0,1785000.0,6.0,otros,mora_severa,bueno
1874,29.0,F,formal_calificado,propia,medio,sin_cuenta,0.0,5067000.0,15.0,libre_inversion,mora_severa,bueno
1875,36.0,M,formal_calificado,propia,muy_alto,bajo,139000.0,3819000.0,15.0,remodelacion,al_dia,bueno
1876,32.0,F,formal_no_calificado,arrendada,bajo,medio,503000.0,4020000.0,9.0,vehiculo,al_dia,bueno
1877,45.0,F,informal,propia,medio,sin_cuenta,0.0,1178000.0,9.0,electrodomesticos,al_dia,bueno
1878,45.0,M,formal_calificado,arrendada,bajo,bajo,85000.0,3555000.0,15.0,educacion,al_dia,bueno
1879,29.0,M,formal_no_calificado,propia,bajo,bajo,64000.0,10887000.0,36.0,negocio,mora_severa,bueno
1880,38.0,M,informal,familiar,,medio,1432000.0,7050000.0,21.0,vehiculo,mora_severa,bueno
1881,48.0,F,informal,propia,medio,sin_cuenta,0.0,10028000.0,21.0,negocio,al_dia,bueno
1882,25.0,M,formal_no_calificado,propia,bajo,sin_cuenta,0.0,3972000.0,12.0,vehiculo,al_dia,bueno
1883,32.0,M,,arrendada,bajo,sin_cuenta,0.0,1543000.0,9.0,remodelacion,al_dia,malo
1884,37.0,M,formal_calificado,arrendada,bajo,bajo,80000.0,,51.0,negocio,sin_creditos_previos,malo
1885,25.0,F,informal,propia,bajo,bajo,299000.0,6766000.0,36.0,remodelacion,mora_leve,bueno
1886,,F,informal,arrendada,bajo,bajo,254000.0,8768000.0,33.0,remodelacion,mora_severa,malo
1887,61.0,M,alta_calificacion,arrendada,bajo,sin_cuenta,0.0,4817000.0,21.0,negocio,mora_leve,bueno
1888,29.0,F,informal,propia,medio,sin_cuenta,0.0,9509000.0,30.0,libre_inversion,al_dia,bueno
1889,29.0,M,informal,arrendada,bajo,bajo,96000.0,,27.0,educacion,mora_severa,malo
1890,41.0,M,formal_calificado,familiar,bajo,sin_cuenta,0.0,4336000.0,9.0,remodelacion,al_dia,bueno
1891,24.0,F,alta_calificacion,propia,bajo,medio,191000.0,6617000.0,51.0,electrodomesticos,al_dia,bueno
1892,33.0,M,formal_calificado,arrendada,bajo,medio,313000.0,7115000.0,33.0,otros,mora_leve,bueno
1893,27.0,F,informal,propia,bajo,sin_cuenta,0.0,9536000.0,18.0,vehiculo,al_dia,bueno
1894,36.0,F,formal_no_calificado,arrendada,bajo,bajo,173000.0,3173000.0,9.0,libre_inversion,mora_severa,bueno
1895,19.0,F,formal_calificado,familiar,bajo,sin_cuenta,0.0,3760000.0,9.0,negocio,al_dia,malo
1896,35.0,M,formal_calificado,propia,bajo,alto,1732000.0,13690000.0,21.0,libre_inversion,mora_severa,bueno
1897,,M,informal,familiar,bajo,bajo,264000.0,3818000.0,,educacion,mora_severa,bueno
1898,30.0,M,formal_calificado,familiar,,sin_cuenta,0.0,1810000.0,12.0,negocio,al_dia,bueno
1899,31.0,F,formal_no_calificado,propia,bajo,medio,850000.0,,21.0,educacion,sin_creditos_previos,bueno
1900,29.0,F,informal,arrendada,bajo,sin_cuenta,0.0,5822000.0,18.0,remodelacion,al_dia,bueno
1901,32.0,F,,familiar,bajo,sin_cuenta,0.0,5633000.0,15.0,negocio,mora_severa,bueno
1902,56.0,F,informal,familiar,bajo,sin_cuenta,0.0,780000.0,9.0,electrodomesticos,al_dia,bueno
1903,46.0,M,alta_calificacion,arrendada,bajo,sin_cuenta,0.0,2942000.0,18.0,libre_inversion,mora_severa,bueno
1904,32.0,F,informal,propia,alto,sin_cuenta,0.0,5430000.0,39.0,educacion,al_dia,bueno
1905,30.0,F,formal_calificado,propia,bajo,alto,2224000.0,1518000.0,9.0,remodelacion,mora_severa,bueno
1906,44.0,M,informal,propia,bajo,bajo,48000.0,10000000.0,36.0,negocio,mora_severa,bueno
1907,36.0,F,formal_calificado,arrendada,bajo,medio,865000.0,15517000.0,39.0,vehiculo,mora_severa,bueno
1908,25.0,F,formal_no_calificado,arrendada,,sin_cuenta,0.0,2835000.0,,libre_inversion,sin_creditos_previos,bueno
1909,31.0,F,alta_calificacion,arrendada,bajo,medio,1477000.0,2963000.0,21.0,libre_inversion,mora_severa,bueno
1910,54.0,F,formal_no_calificado,arrendada,bajo,bajo,471000.0,8349000.0,18.0,vehiculo,mora_leve,malo
1911,40.0,M,formal_calificado,propia,bajo,medio,173000.0,3350000.0,24.0,educacion,al_dia,bueno
1912,30.0,F,formal_no_calificado,familiar,medio,medio,958000.0,1338000.0,15.0,electrodomesticos,mora_severa,bueno
1913,23.0,M,formal_no_calificado,propia,bajo,bajo,306000.0,14246000.0,27.0,libre_inversion,al_dia,bueno
1914,36.0,F,alta_calificacion,propia,alto,bajo,265000.0,948000.0,6.0,libre_inversion,al_dia,bueno
1915,34.0,M,formal_no_calificado,familiar,medio,medio,301000.0,,60.0,vehiculo,al_dia,malo
1916,32.0,F,formal_calificado,propia,bajo,sin_cuenta,0.0,2205000.0,30.0,electrodomesticos,mora_severa,malo
1917,44.0,M,informal,propia,bajo,sin_cuenta,0.0,2454000.0,21.0,negocio,mora_severa,malo
1918,40.0,M,formal_no_calificado,familiar,alto,alto,1467000.0,9959000.0,27.0,otros,al_dia,bueno
1919,23.0,M,alta_calificacion,familiar,bajo,medio,752000.0,2349000.0,18.0,electrodomesticos,al_dia,bueno
1920,34.0,F,formal_calificado,familiar,bajo,bajo,335000.0,5387000.0,27.0,vehiculo,al_dia,bueno
1921,24.0,M,formal_no_calificado,propia,bajo,medio,576000.0,4490000.0,18.0,libre_inversion,mora_severa,bueno
1922,29.0,M,formal_no_calificado,propia,bajo,medio,927000.0,4570000.0,15.0,electrodomesticos,al_dia,bueno
1923,24.0,M,,propia,bajo,bajo,48000.0,4860000.0,24.0,remodelacion,mora_severa,malo
1924,24.0,M,informal,propia,medio,sin_cuenta,0.0,14910000.0,21.0,vehiculo,mora_severa,bueno
1925,38.0,F,alta_calificacion,familiar,bajo,bajo,143000.0,7502000.0,27.0,vehiculo,al_dia,bueno
1926,37.0,M,informal,propia,bajo,sin_cuenta,0.0,1844000.0,15.0,educacion,mora_severa,malo
1927,33.0,M,informal,arrendada,bajo,sin_cuenta,0.0,3304000.0,6.0,remodelacion,mora_severa,bueno
1928,29.0,M,formal_calificado,propia,bajo,alto,1960000.0,4931000.0,21.0,vehiculo,mora_severa,malo
1929,23.0,M,informal,arrendada,bajo,medio,525000.0,2739000.0,27.0,electrodomesticos,al_dia,bueno
1930,29.0,M,,propia,bajo,medio,1041000.0,10652000.0,51.0,electrodomesticos,mora_severa,bueno
1931,37.0,M,informal,propia,,bajo,,4609000.0,24.0,libre_inversion,al_dia,bueno
1932,36.0,M,alta_calificacion,propia,medio,sin_cuenta,0.0,3494000.0,12.0,negocio,al_dia,bueno
1933,53.0,M,formal_no_calificado,familiar,bajo,bajo,162000.0,5912000.0,36.0,libre_inversion,al_dia,malo
1934,50.0,M,alta_calificacion,arrendada,bajo,medio,379000.0,2920000.0,21.0,libre_inversion,al_dia,bueno
1935,34.0,F,informal,arrendada,bajo,bajo,254000.0,5015000.0,,electrodomesticos,sin_creditos_previos,bueno
1936,29.0,M,informal,propia,bajo,sin_cuenta,0.0,5114000.0,12.0,vehiculo,mora_severa,bueno
1937,27.0,F,informal,arrendada,medio,medio,571000.0,2188000.0,18.0,electrodomesticos,al_dia,bueno
1938,23.0,F,informal,arrendada,,sin_cuenta,0.0,11469000.0,30.0,negocio,mora_leve,malo
1939,24.0,F,informal,arrendada,muy_alto,bajo,388000.0,6801000.0,30.0,libre_inversion,mora_severa,malo
1940,37.0,M,informal,arrendada,bajo,bajo,248000.0,5438000.0,24.0,libre_inversion,al_dia,bueno
1941,41.0,F,formal_no_calificado,familiar,bajo,alto,3866000.0,3979000.0,24.0,libre_inversion,sin_creditos_previos,bueno
1942,31.0,F,formal_calificado,familiar,bajo,sin_cuenta,0.0,4706000.0,30.0,libre_inversion,al_dia,bueno
1943,,F,informal,familiar,bajo,sin_cuenta,0.0,4537000.0,18.0,educacion,mora_severa,malo
1944,25.0,F,formal_no_calificado,arrendada,bajo,alto,675000.0,3938000.0,21.0,vehiculo,mora_severa,bueno
1945,22.0,M,formal_no_calificado,propia,alto,alto,5381000.0,36243000.0,51.0,libre_inversion,mora_leve,bueno
1946,75.0,F,formal_no_calificado,propia,medio,sin_cuenta,0.0,1033000.0,15.0,remodelacion,mora_leve,bueno
1947,23.0,F,formal_calificado,propia,alto,medio,664000.0,1516000.0,9.0,educacion,al_dia,bueno
1948,31.0,M,formal_calificado,propia,bajo,medio,1502000.0,4600000.0,21.0,otros,al_dia,bueno
1949,27.0,M,formal_calificado,propia,bajo,sin_cuenta,0.0,9753000.0,21.0,vehiculo,al_dia,bueno
1950,38.0,F,informal,arrendada,bajo,medio,944000.0,1365000.0,9.0,remodelacion,al_dia,bueno
1951,30.0,M,formal_no_calificado,arrendada,bajo,sin_cuenta,0.0,2541000.0,18.0,libre_inversion,mora_severa,malo
1952,41.0,F,formal_calificado,arrendada,bajo,medio,668000.0,2866000.0,9.0,negocio,mora_severa,malo
1953,44.0,M,alta_calificacion,familiar,bajo,sin_cuenta,0.0,1944000.0,12.0,negocio,mora_severa,malo
1954,23.0,F,formal_no_calificado,propia,bajo,medio,849000.0,,24.0,remodelacion,al_dia,bueno
1955,26.0,M,formal_no_calificado,propia,bajo,medio,1085000.0,3132000.0,9.0,remodelacion,al_dia,bueno
1956,42.0,F,formal_calificado,arrendada,muy_alto,sin_cuenta,0.0,4947000.0,15.0,remodelacion,mora_severa,bueno
1957,48.0,M,alta_calificacion,arrendada,bajo,medio,734000.0,861000.0,6.0,electrodomesticos,al_dia,bueno
1958,35.0,F,informal,arrendada,bajo,sin_cuenta,0.0,7219000.0,15.0,vehiculo,al_dia,malo
1959,39.0,M,,familiar,bajo,sin_cuenta,0.0,7693000.0,36.0,educacion,sin_creditos_previos,malo
1960,55.0,M,formal_calificado,propia,bajo,medio,340000.0,7130000.0,63.0,otros,al_dia,bueno
1961,30.0,M,formal_calificado,arrendada,bajo,medio,844000.0,2211000.0,18.0,educacion,al_dia,bueno
1962,35.0,M,informal,familiar,bajo,medio,588000.0,10537000.0,24.0,vehiculo,sin_creditos_previos,malo
1963,50.0,F,informal,arrendada,bajo,medio,492000.0,916000.0,9.0,electrodomesticos,al_dia,bueno
1964,51.0,M,formal_no_calificado,arrendada,medio,sin_cuenta,0.0,4115000.0,21.0,electrodomesticos,al_dia,bueno
1965,33.0,M,formal_calificado,propia,bajo,bajo,,6228000.0,39.0,libre_inversion,al_dia,bueno
1966,27.0,F,formal_calificado,propia,bajo,medio,388000.0,4476000.0,18.0,electrodomesticos,mora_severa,bueno
1967,32.0,M,informal,propia,alto,medio,821000.0,3913000.0,33.0,libre_inversion,al_dia,bueno
1968,33.0,M,informal,arrendada,medio,sin_cuenta,0.0,968000.0,12.0,electrodomesticos,sin_creditos_previos,malo
1969,26.0,F,formal_calificado,arrendada,alto,sin_cuenta,0.0,1338000.0,6.0,libre_inversion,mora_leve,bueno
1970,,M,informal,familiar,medio,medio,791000.0,4268000.0,15.0,vehiculo,mora_leve,bueno
1971,51.0,F,formal_no_calificado,arrendada,bajo,sin_cuenta,0.0,2276000.0,12.0,otros,al_dia,malo
1972,39.0,F,formal_no_calificado,propia,bajo,medio,353000.0,5927000.0,33.0,libre_inversion,sin_creditos_previos,malo
1973,31.0,M,informal,familiar,bajo,sin_cuenta,0.0,4815000.0,33.0,libre_inversion,mora_severa,bueno
1974,25.0,F,,propia,bajo,bajo,230000.0,2727000.0,9.0,vehiculo,al_dia,bueno
1975,27.0,F,informal,arrendada,bajo,sin_cuenta,0.0,1141000.0,24.0,electrodomesticos,al_dia,bueno
1976,22.0,M,formal_calificado,propia,bajo,medio,325000.0,10212000.0,30.0,otros,al_dia,bueno
1977,,F,formal_no_calificado,arrendada,bajo,alto,2773000.0,2493000.0,15.0,remodelacion,mora_leve,bueno
1978,27.0,M,formal_no_calificado,familiar,medio,bajo,60000.0,7684000.0,21.0,negocio,al_dia,bueno
1979,37.0,F,formal_calificado,propia,bajo,alto,2051000.0,1907000.0,27.0,libre_inversion,mora_severa,bueno
1980,42.0,F,,arrendada,bajo,bajo,,4043000.0,33.0,libre_inversion,mora_leve,bueno
1981,37.0,M,formal_calificado,arrendada,bajo,sin_cuenta,0.0,7025000.0,21.0,negocio,al_dia,bueno
1982,,M,informal,propia,bajo,medio,1690000.0,10594000.0,24.0,libre_inversion,mora_severa,bueno
1983,26.0,M,alta_calificacion,propia,bajo,sin_cuenta,0.0,10813000.0,27.0,vehiculo,al_dia,bueno
1984,24.0,F,informal,arrendada,bajo,sin_cuenta,0.0,4005000.0,9.0,vehiculo,mora_severa,malo
1985,49.0,F,formal_no_calificado,propia,medio,medio,959000.0,869000.0,6.0,otros,al_dia,bueno
1986,36.0,M,informal,propia,bajo,sin_cuenta,0.0,8697000.0,27.0,vehiculo,al_dia,bueno
1987,30.0,M,informal,arrendada,bajo,medio,626000.0,5681000.0,21.0,negocio,mora_severa,bueno
1988,40.0,F,informal,arrendada,bajo,bajo,255000.0,1447000.0,9.0,electrodomesticos,mora_severa,bueno
1989,46.0,M,informal,propia,bajo,sin_cuenta,0.0,9039000.0,27.0,libre_inversion,al_dia,bueno
1990,27.0,M,informal,familiar,bajo,sin_cuenta,0.0,1507000.0,,libre_inversion,mora_severa,bueno
1991,36.0,M,informal,familiar,bajo,sin_cuenta,0.0,2834000.0,21.0,electrodomesticos,sin_creditos_previos,bueno
1992,36.0,F,formal_calificado,familiar,bajo,medio,834000.0,4192000.0,27.0,libre_inversion,sin_creditos_previos,bueno
1993,54.0,M,formal_no_calificado,arrendada,,sin_cuenta,0.0,9364000.0,33.0,vehiculo,al_dia,bueno
1994,30.0,F,informal,propia,bajo,medio,462000.0,3465000.0,15.0,electrodomesticos,mora_severa,bueno
1995,26.0,F,alta_calificacion,propia,bajo,sin_cuenta,0.0,4850000.0,30.0,electrodomesticos,al_dia,malo
1996,37.0,M,formal_no_calificado,familiar,bajo,sin_cuenta,0.0,6909000.0,18.0,vehiculo,al_dia,bueno
1997,42.0,F,informal,familiar,bajo,bajo,,1991000.0,12.0,otros,al_dia,bueno
1998,35.0,M,informal,arrendada,alto,sin_cuenta,0.0,1556000.0,12.0,libre_inversion,mora_severa,bueno
1999,55.0,M,formal_no_calificado,arrendada,bajo,bajo,327000.0,3624000.0,15.0,otros,al_dia,malo
2000,30.0,F,formal_no_calificado,arrendada,bajo,bajo,192000.0,2084000.0,6.0,remodelacion,al_dia,bueno
2001,35.0,M,formal_calificado,arrendada,,sin_cuenta,0.0,8441000.0,27.0,educacion,mora_severa,bueno
2002,23.0,F,formal_no_calificado,propia,bajo,bajo,178000.0,5207000.0,24.0,remodelacion,mora_severa,malo
2003,26.0,F,alta_calificacion,arrendada,muy_alto,alto,3841000.0,1659000.0,12.0,libre_inversion,al_dia,bueno
2004,27.0,M,formal_calificado,arrendada,bajo,sin_cuenta,0.0,6743000.0,24.0,educacion,mora_severa,bueno
2005,31.0,F,alta_calificacion,arrendada,medio,bajo,492000.0,4633000.0,9.0,negocio,al_dia,bueno
2006,24.0,F,formal_no_calificado,arrendada,bajo,sin_cuenta,0.0,7404000.0,24.0,educacion,al_dia,bueno
2007,40.0,M,formal_no_calificado,arrendada,bajo,medio,543000.0,5489000.0,27.0,negocio,al_dia,bueno
2008,27.0,M,formal_calificado,propia,medio,sin_cuenta,0.0,2123000.0,9.0,libre_inversion,mora_severa,malo
2009,70.0,F,formal_calificado,propia,medio,sin_cuenta,0.0,2024000.0,30.0,otros,mora_severa,bueno
2010,27.0,M,informal,propia,alto,bajo,92000.0,5837000.0,18.0,otros,mora_severa,bueno
2011,34.0,M,informal,propia,bajo,medio,604000.0,5841000.0,18.0,negocio,mora_severa,bueno
2012,33.0,M,informal,propia,,sin_cuenta,0.0,2270000.0,9.0,remodelacion,mora_severa,bueno
2013,25.0,M,informal,propia,bajo,medio,1015000.0,19857000.0,33.0,negocio,mora_severa,malo
2014,31.0,M,formal_calificado,arrendada,bajo,sin_cuenta,0.0,3271000.0,33.0,electrodomesticos,sin_creditos_previos,bueno
2015,31.0,F,formal_calificado,arrendada,bajo,medio,,5740000.0,42.0,electrodomesticos,mora_severa,malo
2016,44.0,F,,arrendada,bajo,medio,341000.0,4020000.0,36.0,otros,sin_creditos_previos,bueno
2017,38.0,F,informal,arrendada,bajo,medio,,1975000.0,21.0,libre_inversion,al_dia,bueno
2018,40.0,M,informal,propia,medio,medio,955000.0,7139000.0,21.0,negocio,al_dia,bueno
2019,44.0,M,formal_calificado,propia,muy_alto,bajo,,2349000.0,6.0,vehiculo,mora_severa,bueno
2020,40.0,M,alta_calificacion,propia,bajo,medio,565000.0,,6.0,libre_inversion,mora_severa,bueno
2021,36.0,M,informal,propia,bajo,sin_cuenta,0.0,3424000.0,18.0,electrodomesticos,al_dia,bueno
2022,27.0,F,informal,arrendada,bajo,medio,361000.0,3928000.0,18.0,remodelacion,mora_severa,malo
2023,35.0,M,alta_calificacion,familiar,bajo,bajo,358000.0,3342000.0,,libre_inversion,mora_leve,bueno
2024,26.0,F,formal_no_calificado,propia,bajo,medio,529000.0,4257000.0,18.0,educacion,al_dia,bueno
2025,32.0,M,formal_calificado,arrendada,alto,bajo,270000.0,6648000.0,12.0,vehiculo,mora_severa,bueno
2026,31.0,F,informal,propia,bajo,bajo,,12296000.0,33.0,remodelacion,al_dia,bueno
2027,31.0,F,informal,propia,bajo,sin_cuenta,0.0,4385000.0,21.0,libre_inversion,sin_creditos_previos,malo
2028,24.0,F,formal_calificado,familiar,bajo,bajo,200000.0,,12.0,libre_inversion,al_dia,bueno
2029,19.0,F,informal,arrendada,bajo,sin_cuenta,0.0,9287000.0,33.0,libre_inversion,al_dia,malo
2030,29.0,F,formal_calificado,arrendada,medio,medio,422000.0,1024000.0,9.0,libre_inversion,al_dia,bueno
2031,48.0,F,formal_calificado,familiar,medio,sin_cuenta,0.0,7148000.0,54.0,educacion,al_dia,bueno
2032,34.0,M,informal,arrendada,bajo,alto,2726000.0,1794000.0,21.0,electrodomesticos,mora_severa,malo
2033,47.0,M,formal_no_calificado,propia,bajo,medio,271000.0,5207000.0,18.0,educacion,al_dia,bueno
2034,26.0,F,formal_calificado,arrendada,alto,medio,1194000.0,963000.0,6.0,educacion,mora_leve,bueno
2035,29.0,M,alta_calificacion,arrendada,bajo,medio,550000.0,1327000.0,18.0,libre_inversion,sin_creditos_previos,bueno
2036,72.0,F,informal,arrendada,bajo,bajo,100000.0,2831000.0,15.0,negocio,al_dia,malo
2037,26.0,M,formal_calificado,arrendada,bajo,medio,1210000.0,4681000.0,27.0,educacion,mora_severa,bueno
2038,40.0,F,informal,arrendada,bajo,bajo,116000.0,4281000.0,18.0,libre_inversion,mora_severa,bueno
2039,40.0,M,formal_calificado,propia,bajo,sin_cuenta,0.0,2310000.0,9.0,electrodomesticos,mora_leve,malo
2040,38.0,F,formal_calificado,arrendada,,sin_cuenta,0.0,7865000.0,15.0,vehiculo,al_dia,bueno
2041,40.0,M,informal,propia,bajo,sin_cuenta,0.0,4297000.0,12.0,vehiculo,mora_severa,malo
2042,26.0,M,formal_calificado,propia,bajo,sin_cuenta,0.0,2098000.0,9.0,vehiculo,al_dia,bueno
2043,30.0,F,formal_calificado,arrendada,bajo,sin_cuenta,0.0,1830000.0,36.0,electrodomesticos,sin_creditos_previos,malo
2044,19.0,M,formal_calificado,arrendada,bajo,alto,1643000.0,1674000.0,6.0,vehiculo,mora_severa,bueno
2045,54.0,M,informal,familiar,,sin_cuenta,0.0,9293000.0,33.0,vehiculo,al_dia,bueno
2046,40.0,F,formal_calificado,arrendada,bajo,medio,269000.0,2547000.0,18.0,electrodomesticos,al_dia,bueno
2047,27.0,F,,arrendada,bajo,medio,788000.0,8532000.0,27.0,educacion,mora_severa,malo
2048,26.0,M,informal,propia,bajo,medio,,9856000.0,39.0,libre_inversion,sin_creditos_previos,bueno
2049,48.0,F,informal,arrendada,medio,medio,2292000.0,2452000.0,12.0,libre_inversion,mora_severa,bueno
2050,27.0,M,formal_calificado,propia,bajo,alto,1378000.0,2333000.0,21.0,electrodomesticos,al_dia,bueno
2051,27.0,M,formal_no_calificado,arrendada,alto,sin_cuenta,0.0,1988000.0,12.0,vehiculo,al_dia,malo
2052,25.0,F,formal_no_calificado,arrendada,muy_alto,bajo,176000.0,1403000.0,15.0,electrodomesticos,al_dia,bueno
2053,42.0,M,formal_calificado,propia,bajo,sin_cuenta,0.0,3743000.0,27.0,remodelacion,al_dia,bueno
2054,46.0,M,informal,familiar,bajo,sin_cuenta,0.0,11665000.0,,libre_inversion,al_dia,malo
2055,31.0,M,formal_calificado,arrendada,bajo,bajo,96000.0,10233000.0,18.0,remodelacion,mora_leve,bueno
2056,46.0,F,formal_no_calificado,arrendada,bajo,bajo,141000.0,,9.0,electrodomesticos,al_dia,bueno
2057,37.0,F,informal,arrendada,bajo,alto,5388000.0,2923000.0,,electrodomesticos,al_dia,bueno
2058,25.0,M,alta_calificacion,arrendada,,sin_cuenta,0.0,1083000.0,15.0,electrodomesticos,al_dia,bueno
2059,53.0,F,formal_calificado,arrendada,bajo,medio,231000.0,4451000.0,18.0,remodelacion,al_dia,bueno
2060,25.0,F,informal,propia,bajo,sin_cuenta,0.0,1647000.0,9.0,remodelacion,al_dia,bueno
2061,32.0,M,alta_calificacion,familiar,bajo,medio,1604000.0,3442000.0,12.0,negocio,al_dia,bueno
2062,31.0,F,,arrendada,bajo,sin_cuenta,0.0,4612000.0,21.0,electrodomesticos,mora_severa,bueno
2063,29.0,M,formal_calificado,arrendada,bajo,alto,902000.0,5465000.0,27.0,otros,mora_severa,bueno
2064,21.0,M,informal,arrendada,bajo,bajo,84000.0,5438000.0,21.0,otros,al_dia,malo
2065,65.0,M,informal,propia,bajo,sin_cuenta,0.0,6367000.0,15.0,vehiculo,al_dia,malo
2066,21.0,M,formal_calificado,arrendada,bajo,medio,591000.0,2608000.0,12.0,negocio,al_dia,bueno
2067,54.0,F,alta_calificacion,arrendada,bajo,sin_cuenta,0.0,1137000.0,6.0,vehiculo,mora_leve,bueno
2068,26.0,F,informal,familiar,bajo,medio,540000.0,5291000.0,36.0,otros,al_dia,bueno
2069,28.0,F,formal_no_calificado,propia,medio,sin_cuenta,0.0,8350000.0,33.0,negocio,al_dia,bueno
2070,52.0,M,informal,arrendada,bajo,sin_cuenta,0.0,9746000.0,39.0,vehiculo,mora_severa,bueno
2071,38.0,M,formal_no_calificado,familiar,medio,sin_cuenta,0.0,8948000.0,39.0,vehiculo,al_dia,bueno
2072,23.0,M,formal_no_calificado,familiar,bajo,medio,826000.0,4786000.0,21.0,remodelacion,al_dia,bueno
2073,23.0,M,informal,arrendada,bajo,medio,356000.0,34911000.0,60.0,vehiculo,al_dia,malo
2074,37.0,F,formal_no_calificado,arrendada,bajo,bajo,241000.0,1493000.0,18.0,remodelacion,al_dia,bueno
2075,25.0,F,formal_no_calificado,arrendada,bajo,sin_cuenta,0.0,3859000.0,21.0,vehiculo,al_dia,bueno
2076,39.0,F,formal_no_calificado,propia,bajo,bajo,434000.0,1870000.0,12.0,electrodomesticos,al_dia,bueno
2077,40.0,F,formal_calificado,arrendada,medio,bajo,608000.0,1292000.0,9.0,vehiculo,al_dia,bueno
2078,27.0,M,informal,arrendada,,sin_cuenta,0.0,1627000.0,15.0,educacion,al_dia,malo
2079,28.0,M,informal,propia,bajo,bajo,85000.0,5524000.0,15.0,electrodomesticos,al_dia,bueno
2080,37.0,M,formal_no_calificado,arrendada,bajo,bajo,97000.0,7672000.0,27.0,remodelacion,mora_severa,bueno
2081,,F,formal_no_calificado,propia,bajo,bajo,158000.0,15473000.0,21.0,educacion,al_dia,bueno
2082,34.0,M,informal,arrendada,bajo,bajo,267000.0,2245000.0,24.0,educacion,mora_severa,malo
2083,74.0,M,alta_calificacion,arrendada,bajo,sin_cuenta,0.0,7496000.0,21.0,electrodomesticos,mora_severa,malo
2084,37.0,F,informal,familiar,bajo,medio,920000.0,2156000.0,21.0,libre_inversion,mora_leve,malo
2085,30.0,M,informal,propia,bajo,medio,,6194000.0,12.0,vehiculo,mora_severa,bueno
2086,68.0,F,formal_calificado,propia,bajo,medio,601000.0,1012000.0,21.0,electrodomesticos,mora_severa,bueno
2087,43.0,M,alta_calificacion,arrendada,bajo,medio,685000.0,6423000.0,30.0,libre_inversion,mora_severa,bueno
2088,25.0,M,formal_no_calificado,arrendada,bajo,bajo,154000.0,8725000.0,36.0,educacion,al_dia,malo
2089,26.0,M,informal,propia,bajo,alto,1947000.0,4969000.0,33.0,libre_inversion,al_dia,bueno
2090,22.0,F,informal,arrendada,medio,sin_cuenta,0.0,4567000.0,27.0,vehiculo,al_dia,bueno
2091,37.0,F,informal,familiar,,bajo,311000.0,4066000.0,21.0,remodelacion,al_dia,bueno
2092,20.0,M,formal_no_calificado,arrendada,bajo,medio,1726000.0,3772000.0,15.0,remodelacion,al_dia,bueno
2093,68.0,F,formal_calificado,propia,,medio,854000.0,4029000.0,21.0,vehiculo,mora_severa,bueno
2094,31.0,F,informal,propia,bajo,bajo,240000.0,7736000.0,42.0,educacion,mora_severa,bueno
2095,44.0,F,formal_no_calificado,arrendada,medio,medio,388000.0,4415000.0,15.0,negocio,al_dia,bueno
2096,30.0,F,formal_calificado,arrendada,bajo,bajo,60000.0,,45.0,libre_inversion,al_dia,malo
2097,36.0,F,informal,familiar,bajo,sin_cuenta,0.0,3363000.0,24.0,negocio,mora_leve,bueno
2098,32.0,M,informal,propia,bajo,medio,902000.0,3550000.0,36.0,electrodomesticos,al_dia,bueno
2099,34.0,M,formal_calificado,arrendada,,bajo,180000.0,4418000.0,12.0,vehiculo,al_dia,bueno
2100,50.0,M,informal,familiar,muy_alto,medio,444000.0,2151000.0,12.0,educacion,mora_severa,bueno
2101,,M,informal,propia,bajo,medio,399000.0,1177000.0,9.0,educacion,mora_severa,bueno
2102,57.0,F,informal,familiar,bajo,sin_cuenta,0.0,13913000.0,42.0,remodelacion,al_dia,malo
2103,75.0,F,,arrendada,bajo,medio,792000.0,12387000.0,24.0,vehiculo,mora_leve,bueno
2104,27.0,M,formal_no_calificado,arrendada,bajo,sin_cuenta,0.0,7984000.0,30.0,libre_inversion,al_dia,bueno
2105,38.0,F,formal_no_calificado,arrendada,bajo,medio,343000.0,5827000.0,21.0,vehiculo,mora_severa,malo
2106,27.0,F,informal,familiar,,medio,613000.0,2554000.0,21.0,electrodomesticos,al_dia,bueno
2107,49.0,M,formal_no_calificado,familiar,bajo,medio,865000.0,2262000.0,,electrodomesticos,al_dia,bueno
2108,,F,informal,propia,muy_alto,medio,1707000.0,10362000.0,24.0,negocio,al_dia,bueno
2109,50.0,M,formal_calificado,arrendada,bajo,bajo,83000.0,17592000.0,30.0,vehiculo,al_dia,bueno
2110,35.0,M,alta_calificacion,propia,,sin_cuenta,0.0,1468000.0,6.0,remodelacion,al_dia,bueno
2111,32.0,M,formal_no_calificado,propia,bajo,bajo,124000.0,4487000.0,15.0,remodelacion,al_dia,bueno
2112,33.0,F,informal,arrendada,bajo,medio,848000.0,3543000.0,12.0,educacion,al_dia,bueno
2113,24.0,M,,arrendada,bajo,sin_cuenta,0.0,9037000.0,27.0,otros,mora_severa,malo
2114,,M,informal,propia,bajo,sin_cuenta,0.0,1716000.0,24.0,educacion,al_dia,malo
2115,36.0,F,informal,propia,medio,bajo,136000.0,5371000.0,27.0,libre_inversion,al_dia,bueno
2116,35.0,F,alta_calificacion,propia,bajo,medio,266000.0,1088000.0,3.0,educacion,al_dia,bueno
2117,27.0,M,informal,propia,bajo,bajo,272000.0,6281000.0,21.0,otros,al_dia,bueno
2118,30.0,M,informal,propia,bajo,medio,290000.0,982000.0,,libre_inversion,al_dia,bueno
2119,39.0,F,formal_no_calificado,propia,bajo,bajo,171000.0,3379000.0,21.0,electrodomesticos,al_dia,malo
2120,26.0,F,formal_no_calificado,familiar,bajo,alto,940000.0,1778000.0,9.0,electrodomesticos,mora_leve,bueno
2121,21.0,M,formal_no_calificado,propia,bajo,medio,1543000.0,5760000.0,24.0,electrodomesticos,mora_severa,bueno
2122,55.0,M,informal,familiar,bajo,sin_cuenta,0.0,3309000.0,9.0,negocio,mora_severa,bueno
2123,36.0,M,formal_calificado,propia,bajo,bajo,132000.0,2227000.0,9.0,educacion,al_dia,malo
2124,29.0,F,informal,arrendada,bajo,alto,2936000.0,5401000.0,33.0,libre_inversion,mora_leve,bueno
2125,27.0,F,alta_calificacion,propia,muy_alto,alto,2067000.0,5842000.0,18.0,libre_inversion,mora_severa,bueno
2126,26.0,F,informal,propia,medio,bajo,613000.0,6188000.0,18.0,libre_inversion,mora_severa,malo
2127,49.0,M,informal,arrendada,bajo,medio,421000.0,4572000.0,9.0,negocio,sin_creditos_previos,bueno
2128,23.0,F,formal_no_calificado,propia,medio,medio,259000.0,,33.0,libre_inversion,al_dia,bueno
2129,38.0,M,informal,propia,,sin_cuenta,0.0,5909000.0,24.0,remodelacion,al_dia,bueno
2130,38.0,F,formal_no_calificado,arrendada,alto,bajo,102000.0,3520000.0,21.0,remodelacion,al_dia,bueno
2131,43.0,M,informal,arrendada,bajo,medio,,1261000.0,9.0,libre_inversion,mora_severa,bueno
2132,29.0,M,informal,arrendada,bajo,sin_cuenta,0.0,6479000.0,21.0,libre_inversion,mora_severa,malo
2133,53.0,M,,propia,bajo,medio,924000.0,31648000.0,66.0,negocio,al_dia,malo
2134,43.0,M,informal,propia,muy_alto,sin_cuenta,0.0,4564000.0,12.0,vehiculo,al_dia,bueno
2135,29.0,M,informal,arrendada,alto,bajo,207000.0,4849000.0,33.0,electrodomesticos,al_dia,malo
2136,27.0,F,informal,familiar,bajo,sin_cuenta,0.0,2327000.0,6.0,vehiculo,sin_creditos_previos,bueno
2137,32.0,F,informal,propia,bajo,medio,635000.0,8905000.0,27.0,libre_inversion,al_dia,bueno
2138,30.0,M,formal_calificado,propia,bajo,sin_cuenta,0.0,11211000.0,24.0,vehiculo,al_dia,bueno
2139,26.0,M,formal_calificado,arrendada,medio,bajo,260000.0,2817000.0,18.0,libre_inversion,al_dia,bueno
2140,34.0,M,informal,familiar,bajo,sin_cuenta,0.0,9980000.0,24.0,vehiculo,mora_leve,bueno
2141,31.0,F,informal,propia,bajo,sin_cuenta,0.0,2154000.0,24.0,libre_inversion,al_dia,bueno
2142,58.0,M,informal,arrendada,bajo,medio,853000.0,3940000.0,24.0,remodelacion,al_dia,bueno
2143,29.0,M,informal,arrendada,bajo,sin_cuenta,0.0,1275000.0,15.0,libre_inversion,mora_severa,bueno
2144,27.0,M,formal_no_calificado,propia,bajo,sin_cuenta,0.0,1939000.0,15.0,libre_inversion,al_dia,bueno
2145,33.0,M,informal,arrendada,medio,sin_cuenta,0.0,1811000.0,12.0,educacion,al_dia,bueno
2146,36.0,F,alta_calificacion,arrendada,muy_alto,bajo,193000.0,500000.0,9.0,electrodomesticos,mora_leve,bueno
2147,37.0,M,formal_calificado,propia,bajo,sin_cuenta,0.0,9385000.0,18.0,negocio,al_dia,bueno
2148,37.0,M,,propia,alto,bajo,102000.0,4875000.0,30.0,educacion,al_dia,bueno
2149,,F,informal,propia,bajo,medio,586000.0,4319000.0,15.0,vehiculo,mora_severa,bueno
2150,33.0,M,informal,propia,,sin_cuenta,0.0,,9.0,electrodomesticos,mora_severa,bueno
2151,40.0,F,informal,arrendada,bajo,sin_cuenta,0.0,2769000.0,12.0,otros,al_dia,bueno
2152,25.0,M,formal_no_calificado,arrendada,bajo,bajo,98000.0,11439000.0,18.0,vehiculo,al_dia,bueno
2153,27.0,F,informal,familiar,muy_alto,medio,326000.0,4409000.0,18.0,libre_inversion,al_dia,bueno
2154,22.0,F,informal,arrendada,bajo,sin_cuenta,0.0,2763000.0,12.0,libre_inversion,al_dia,bueno
2155,25.0,M,informal,propia,bajo,medio,,1234000.0,18.0,otros,al_dia,bueno
2156,47.0,F,formal_no_calificado,propia,bajo,alto,1035000.0,2765000.0,15.0,libre_inversion,al_dia,bueno
2157,40.0,M,informal,arrendada,bajo,sin_cuenta,0.0,9636000.0,24.0,negocio,al_dia,malo
2158,62.0,M,alta_calificacion,propia,bajo,sin_cuenta,0.0,8901000.0,39.0,electrodomesticos,mora_severa,malo
2159,55.0,F,informal,propia,bajo,medio,,2199000.0,12.0,electrodomesticos,al_dia,bueno
2160,,F,informal,arrendada,medio,alto,1301000.0,10850000.0,12.0,vehiculo,mora_severa,bueno
2161,35.0,M,formal_no_calificado,arrendada,bajo,sin_cuenta,0.0,4245000.0,18.0,vehiculo,al_dia,bueno
2162,33.0,M,formal_no_calificado,propia,bajo,bajo,252000.0,4914000.0,21.0,vehiculo,al_dia,bueno
2163,20.0,M,informal,arrendada,bajo,medio,639000.0,6306000.0,24.0,remodelacion,mora_severa,malo
2164,32.0,F,formal_no_calificado,propia,bajo,bajo,326000.0,2499000.0,6.0,educacion,al_dia,bueno
2165,28.0,F,informal,arrendada,bajo,medio,311000.0,12854000.0,51.0,electrodomesticos,mora_severa,malo
2166,26.0,M,informal,arrendada,,bajo,169000.0,1931000.0,,vehiculo,al_dia,malo
2167,38.0,F,informal,arrendada,medio,alto,2250000.0,2871000.0,12.0,remodelacion,sin_creditos_previos,bueno
2168,31.0,M,formal_no_calificado,propia,bajo,bajo,79000.0,1997000.0,9.0,electrodomesticos,mora_leve,bueno
2169,34.0,F,formal_no_calificado,arrendada,medio,bajo,175000.0,4950000.0,15.0,educacion,al_dia,bueno
2170,25.0,F,formal_no_calificado,propia,muy_alto,medio,1025000.0,2328000.0,9.0,libre_inversion,mora_severa,bueno
2171,44.0,F,alta_calificacion,arrendada,,sin_cuenta,0.0,9243000.0,33.0,negocio,al_dia,bueno
2172,29.0,M,formal_no_calificado,familiar,bajo,bajo,432000.0,584000.0,18.0,electrodomesticos,mora_severa,malo
2173,37.0,M,formal_calificado,propia,bajo,sin_cuenta,0.0,4346000.0,12.0,electrodomesticos,sin_creditos_previos,bueno
2174,30.0,M,formal_no_calificado,arrendada,bajo,bajo,95000.0,13250000.0,30.0,vehiculo,al_dia,malo
2175,20.0,F,formal_no_calificado,propia,bajo,bajo,144000.0,1350000.0,15.0,electrodomesticos,al_dia,bueno
2176,38.0,F,formal_no_calificado,arrendada,bajo,medio,345000.0,2015000.0,12.0,libre_inversion,mora_severa,bueno
2177,32.0,M,informal,arrendada,bajo,medio,241000.0,6144000.0,42.0,electrodomesticos,mora_severa,malo
2178,22.0,M,informal,arrendada,bajo,bajo,180000.0,6285000.0,15.0,vehiculo,al_dia,bueno
2179,24.0,M,formal_no_calificado,arrendada,bajo,bajo,,634000.0,6.0,libre_inversion,al_dia,bueno
2180,44.0,F,informal,familiar,bajo,sin_cuenta,0.0,2165000.0,18.0,libre_inversion,al_dia,bueno
2181,22.0,F,informal,familiar,medio,sin_cuenta,0.0,6843000.0,18.0,negocio,mora_severa,bueno
2182,29.0,M,formal_calificado,familiar,medio,sin_cuenta,0.0,2806000.0,12.0,negocio,sin_creditos_previos,bueno
2183,64.0,F,formal_no_calificado,propia,alto,sin_cuenta,0.0,717000.0,12.0,electrodomesticos,mora_severa,bueno
2184,,M,informal,familiar,bajo,medio,597000.0,2378000.0,18.0,libre_inversion,mora_leve,malo
2185,42.0,F,informal,propia,bajo,alto,2600000.0,4998000.0,15.0,vehiculo,al_dia,bueno
2186,,M,alta_calificacion,propia,,bajo,127000.0,2105000.0,15.0,negocio,al_dia,bueno
2187,22.0,M,alta_calificacion,arrendada,bajo,sin_cuenta,0.0,9515000.0,21.0,educacion,mora_severa,malo
2188,35.0,F,formal_no_calificado,propia,bajo,sin_cuenta,0.0,5603000.0,15.0,educacion,al_dia,bueno
2189,24.0,F,informal,arrendada,medio,sin_cuenta,0.0,4194000.0,12.0,remodelacion,al_dia,bueno
2190,24.0,M,informal,propia,alto,medio,907000.0,6147000.0,27.0,remodelacion,mora_leve,bueno
2191,34.0,F,informal,arrendada,muy_alto,bajo,233000.0,1623000.0,15.0,libre_inversion,sin_creditos_previos,bueno
2192,25.0,M,,propia,bajo,medio,1357000.0,2741000.0,12.0,vehiculo,al_dia,bueno
2193,33.0,M,formal_no_calificado,propia,bajo,sin_cuenta,0.0,5214000.0,9.0,negocio,al_dia,bueno
2194,27.0,F,formal_calificado,familiar,bajo,bajo,401000.0,1616000.0,12.0,libre_inversion,mora_severa,bueno
2195,32.0,F,informal,arrendada,medio,medio,241000.0,1758000.0,9.0,libre_inversion,mora_severa,malo
2196,28.0,M,formal_calificado,propia,bajo,sin_cuenta,0.0,2444000.0,9.0,negocio,mora_severa,bueno
2197,33.0,F,informal,arrendada,medio,medio,1307000.0,2409000.0,12.0,educacion,al_dia,bueno
2198,54.0,F,informal,familiar,alto,medio,661000.0,3763000.0,21.0,libre_inversion,al_dia,malo
2199,42.0,M,formal_no_calificado,arrendada,bajo,sin_cuenta,0.0,2172000.0,18.0,electrodomesticos,mora_severa,bueno
2200,31.0,M,formal_no_calificado,propia,bajo,sin_cuenta,0.0,2346000.0,15.0,libre_inversion,mora_leve,bueno
2201,50.0,M,formal_calificado,familiar,medio,bajo,71000.0,,24.0,libre_inversion,al_dia,bueno
2202,37.0,F,formal_no_calificado,propia,bajo,alto,685000.0,2127000.0,12.0,libre_inversion,al_dia,bueno
2203,49.0,F,alta_calificacion,propia,bajo,alto,1435000.0,2976000.0,21.0,remodelacion,mora_severa,bueno
2204,23.0,M,informal,propia,bajo,sin_cuenta,0.0,4067000.0,24.0,vehiculo,mora_leve,malo
2205,25.0,M,informal,propia,bajo,medio,424000.0,1128000.0,6.0,educacion,al_dia,bueno
2206,35.0,M,informal,familiar,muy_alto,medio,868000.0,2261000.0,18.0,libre_inversion,al_dia,bueno
2207,31.0,F,informal,familiar,,medio,1259000.0,3871000.0,21.0,libre_inversion,sin_creditos_previos,bueno
2208,33.0,F,formal_calificado,arrendada,bajo,sin_cuenta,0.0,2418000.0,21.0,libre_inversion,mora_severa,malo
2209,39.0,M,informal,arrendada,muy_alto,alto,2413000.0,1566000.0,18.0,educacion,mora_severa,bueno
2210,35.0,F,informal,familiar,bajo,medio,237000.0,4206000.0,,otros,mora_severa,bueno
2211,44.0,M,informal,arrendada,medio,bajo,79000.0,3734000.0,15.0,vehiculo,al_dia,bueno
2212,43.0,F,formal_calificado,arrendada,alto,sin_cuenta,0.0,,36.0,electrodomesticos,al_dia,bueno
2213,25.0,F,alta_calificacion,familiar,bajo,sin_cuenta,0.0,1722000.0,6.0,libre_inversion,al_dia,bueno
2214,,F,formal_calificado,propia,bajo,sin_cuenta,0.0,1862000.0,12.0,libre_inversion,al_dia,bueno
2215,25.0,M,informal,propia,bajo,medio,471000.0,3340000.0,18.0,libre_inversion,al_dia,bueno
2216,24.0,F,formal_no_calificado,arrendada,bajo,medio,443000.0,1886000.0,9.0,libre_inversion,mora_severa,malo
2217,33.0,F,informal,arrendada,bajo,alto,,7010000.0,15.0,negocio,sin_creditos_previos,bueno
2218,32.0,F,alta_calificacion,propia,bajo,bajo,166000.0,6514000.0,27.0,remodelacion,sin_creditos_previos,bueno
2219,31.0,F,informal,propia,bajo,medio,843000.0,3526000.0,24.0,negocio,mora_severa,bueno
2220,38.0,F,alta_calificacion,arrendada,medio,medio,1333000.0,2953000.0,18.0,negocio,al_dia,bueno
2221,75.0,M,formal_calificado,arrendada,bajo,sin_cuenta,0.0,1900000.0,18.0,educacion,mora_severa,bueno
2222,30.0,M,formal_calificado,familiar,bajo,sin_cuenta,0.0,1596000.0,6.0,vehiculo,al_dia,bueno
2223,35.0,F,formal_calificado,familiar,bajo,medio,622000.0,2054000.0,9.0,libre_inversion,al_dia,bueno
2224,33.0,M,informal,arrendada,bajo,medio,509000.0,1535000.0,12.0,libre_inversion,sin_creditos_previos,bueno
2225,27.0,F,informal,arrendada,,sin_cuenta,0.0,2020000.0,15.0,libre_inversion,al_dia,bueno
2226,39.0,F,informal,arrendada,bajo,medio,763000.0,3463000.0,27.0,libre_inversion,mora_severa,bueno
2227,30.0,F,informal,propia,muy_alto,sin_cuenta,0.0,5997000.0,45.0,libre_inversion,mora_severa,malo
2228,26.0,F,formal_calificado,arrendada,medio,bajo,313000.0,4447000.0,15.0,remodelacion,al_dia,bueno
2229,27.0,F,formal_no_calificado,arrendada,bajo,alto,3626000.0,4215000.0,15.0,vehiculo,sin_creditos_previos,bueno
2230,44.0,F,formal_calificado,familiar,bajo,sin_cuenta,0.0,3932000.0,18.0,electrodomesticos,al_dia,bueno
2231,39.0,M,formal_calificado,familiar,bajo,sin_cuenta,0.0,3048000.0,12.0,vehiculo,mora_severa,bueno
2232,28.0,M,informal,propia,bajo,medio,525000.0,6508000.0,36.0,libre_inversion,al_dia,bueno
2233,,M,informal,familiar,bajo,medio,181000.0,2065000.0,12.0,libre_inversion,al_dia,bueno
2234,33.0,M,informal,arrendada,medio,sin_cuenta,0.0,1827000.0,12.0,electrodomesticos,mora_severa,malo
2235,36.0,F,informal,propia,muy_alto,bajo,,4569000.0,12.0,negocio,al_dia,malo
2236,27.0,M,formal_calificado,arrendada,bajo,bajo,,7779000.0,39.0,educacion,al_dia,bueno
2237,25.0,F,formal_calificado,familiar,bajo,medio,794000.0,12404000.0,21.0,otros,sin_creditos_previos,bueno
2238,30.0,M,formal_calificado,propia,bajo,medio,1027000.0,11871000.0,18.0,vehiculo,mora_severa,malo
2239,25.0,M,,arrendada,bajo,sin_cuenta,0.0,3424000.0,15.0,negocio,al_dia,malo
2240,25.0,F,,arrendada,bajo,sin_cuenta,0.0,7341000.0,18.0,remodelacion,mora_severa,malo
2241,23.0,M,formal_no_calificado,arrendada,bajo,sin_cuenta,0.0,2812000.0,9.0,otros,al_dia,bueno
2242,20.0,F,alta_calificacion,arrendada,bajo,sin_cuenta,0.0,646000.0,6.0,libre_inversion,al_dia,bueno
2243,28.0,M,formal_calificado,arrendada,bajo,sin_cuenta,0.0,2045000.0,27.0,educacion,sin_creditos_previos,bueno
2244,48.0,M,formal_calificado,familiar,medio,medio,1078000.0,1374000.0,9.0,electrodomesticos,mora_leve,bueno
2245,43.0,M,,arrendada,bajo,medio,316000.0,10709000.0,36.0,vehiculo,al_dia,bueno
2246,57.0,F,formal_calificado,propia,bajo,sin_cuenta,0.0,2131000.0,21.0,vehiculo,al_dia,bueno
2247,25.0,M,informal,arrendada,bajo,medio,834000.0,5272000.0,15.0,vehiculo,al_dia,bueno
2248,40.0,F,,arrendada,bajo,bajo,63000.0,6322000.0,21.0,negocio,al_dia,malo
2249,31.0,F,formal_no_calificado,arrendada,medio,medio,1388000.0,2316000.0,18.0,otros,al_dia,bueno
2250,27.0,M,informal,arrendada,bajo,medio,2402000.0,8310000.0,18.0,remodelacion,al_dia,malo
2251,45.0,M,informal,propia,medio,sin_cuenta,0.0,3067000.0,18.0,libre_inversion,al_dia,bueno
2252,31.0,M,informal,arrendada,bajo,medio,777000.0,7211000.0,27.0,vehiculo,mora_severa,malo
2253,21.0,F,formal_calificado,familiar,medio,sin_cuenta,0.0,,21.0,vehiculo,al_dia,bueno
2254,43.0,M,formal_no_calificado,arrendada,bajo,medio,1026000.0,1754000.0,15.0,remodelacion,mora_severa,bueno
2255,37.0,M,alta_calificacion,arrendada,bajo,sin_cuenta,0.0,2911000.0,24.0,libre_inversion,al_dia,bueno
2256,34.0,F,formal_calificado,arrendada,bajo,bajo,,,39.0,remodelacion,al_dia,malo
2257,24.0,M,informal,arrendada,medio,sin_cuenta,0.0,5955000.0,15.0,vehiculo,mora_severa,bueno
2258,35.0,F,formal_calificado,propia,bajo,sin_cuenta,0.0,3565000.0,12.0,libre_inversion,al_dia,bueno
2259,54.0,M,formal_no_calificado,arrendada,bajo,sin_cuenta,0.0,5718000.0,27.0,libre_inversion,mora_severa,malo
2260,36.0,M,informal,arrendada,,medio,346000.0,3209000.0,15.0,libre_inversion,mora_severa,malo
2261,22.0,M,alta_calificacion,arrendada,medio,sin_cuenta,0.0,8318000.0,30.0,negocio,al_dia,malo
2262,37.0,F,alta_calificacion,arrendada,bajo,sin_cuenta,0.0,2515000.0,9.0,electrodomesticos,al_dia,bueno
2263,36.0,F,informal,arrendada,bajo,sin_cuenta,0.0,1874000.0,15.0,electrodomesticos,al_dia,bueno
2264,42.0,M,formal_calificado,propia,medio,sin_cuenta,0.0,12318000.0,45.0,libre_inversion,al_dia,malo
2265,36.0,M,informal,arrendada,bajo,sin_cuenta,0.0,3697000.0,12.0,educacion,al_dia,bueno
2266,25.0,F,alta_calificacion,arrendada,,bajo,32000.0,3150000.0,33.0,libre_inversion,mora_severa,bueno
2267,33.0,M,formal_no_calificado,propia,alto,bajo,386000.0,5426000.0,12.0,vehiculo,mora_severa,bueno
2268,30.0,F,informal,propia,bajo,alto,1668000.0,3056000.0,24.0,remodelacion,al_dia,bueno
2269,35.0,M,formal_calificado,arrendada,bajo,bajo,355000.0,1766000.0,12.0,libre_inversion,sin_creditos_previos,bueno
2270,46.0,M,formal_no_calificado,arrendada,bajo,sin_cuenta,0.0,5273000.0,27.0,educacion,mora_severa,malo
2271,27.0,M,informal,arrendada,bajo,medio,322000.0,8031000.0,15.0,negocio,al_dia,bueno
2272,61.0,M,,arrendada,medio,sin_cuenta,0.0,1157000.0,12.0,electrodomesticos,al_dia,bueno
2273,37.0,F,formal_calificado,familiar,bajo,medio,1028000.0,5757000.0,15.0,vehiculo,mora_leve,bueno
2274,43.0,M,formal_no_calificado,propia,bajo,bajo,143000.0,1624000.0,18.0,libre_inversion,mora_severa,bueno
2275,41.0,M,formal_calificado,arrendada,bajo,sin_cuenta,0.0,3452000.0,18.0,remodelacion,al_dia,malo
2276,,M,informal,propia,bajo,alto,,2423000.0,9.0,vehiculo,sin_creditos_previos,bueno
2277,,M,informal,propia,bajo,bajo,44000.0,7827000.0,21.0,educacion,mora_leve,bueno
2278,18.0,F,formal_no_calificado,familiar,bajo,medio,195000.0,1360000.0,9.0,educacion,al_dia,bueno
2279,41.0,F,informal,familiar,muy_alto,bajo,153000.0,4568000.0,30.0,vehiculo,al_dia,bueno
2280,25.0,F,formal_no_calificado,propia,bajo,bajo,340000.0,3197000.0,21.0,libre_inversion,al_dia,bueno
2281,32.0,M,alta_calificacion,propia,bajo,sin_cuenta,0.0,5083000.0,21.0,vehiculo,sin_creditos_previos,bueno
2282,37.0,M,formal_calificado,familiar,medio,sin_cuenta,0.0,9671000.0,27.0,vehiculo,al_dia,bueno
2283,47.0,M,formal_no_calificado,propia,bajo,medio,,,21.0,otros,al_dia,bueno
2284,25.0,F,formal_no_calificado,familiar,bajo,sin_cuenta,0.0,7008000.0,39.0,remodelacion,mora_leve,malo
2285,,M,formal_calificado,propia,alto,bajo,223000.0,3182000.0,12.0,remodelacion,al_dia,bueno
2286,30.0,M,formal_calificado,arrendada,medio,sin_cuenta,0.0,1675000.0,9.0,libre_inversion,al_dia,bueno
2287,35.0,F,informal,propia,bajo,bajo,527000.0,16635000.0,42.0,vehiculo,mora_leve,malo
2288,30.0,M,formal_no_calificado,arrendada,bajo,sin_cuenta,0.0,4300000.0,21.0,vehiculo,al_dia,malo
2289,39.0,F,informal,propia,bajo,sin_cuenta,0.0,3992000.0,24.0,otros,mora_leve,malo
2290,21.0,M,informal,arrendada,bajo,bajo,,3181000.0,9.0,remodelacion,mora_severa,bueno
2291,31.0,F,informal,familiar,,medio,1312000.0,2747000.0,21.0,libre_inversion,al_dia,bueno
2292,56.0,F,formal_no_calificado,propia,bajo,alto,1814000.0,2891000.0,18.0,otros,mora_severa,malo
2293,30.0,M,formal_calificado,arrendada,medio,sin_cuenta,0.0,4317000.0,24.0,libre_inversion,al_dia,bueno
2294,37.0,F,alta_calificacion,propia,bajo,bajo,588000.0,1963000.0,18.0,remodelacion,al_dia,bueno
2295,44.0,M,informal,arrendada,medio,sin_cuenta,0.0,6280000.0,15.0,negocio,mora_severa,malo
2296,37.0,M,informal,propia,,bajo,52000.0,3015000.0,18.0,remodelacion,mora_severa,bueno
2297,,F,informal,arrendada,bajo,sin_cuenta,0.0,3541000.0,12.0,negocio,al_dia,bueno
2298,34.0,F,,arrendada,bajo,sin_cuenta,0.0,5971000.0,15.0,negocio,mora_severa,malo
2299,40.0,F,informal,familiar,bajo,bajo,110000.0,8444000.0,33.0,libre_inversion,al_dia,malo
2300,35.0,F,alta_calificacion,familiar,bajo,sin_cuenta,0.0,2963000.0,24.0,remodelacion,mora_leve,bueno
2301,51.0,M,informal,propia,bajo,sin_cuenta,0.0,4027000.0,15.0,remodelacion,al_dia,bueno
2302,29.0,M,formal_calificado,propia,medio,medio,884000.0,12275000.0,24.0,vehiculo,al_dia,bueno
2303,65.0,M,informal,propia,medio,medio,881000.0,4525000.0,21.0,negocio,sin_creditos_previos,bueno
2304,27.0,M,formal_no_calificado,arrendada,bajo,bajo,80000.0,4581000.0,15.0,educacion,mora_severa,malo
2305,58.0,M,formal_calificado,propia,bajo,sin_cuenta,0.0,4859000.0,12.0,vehiculo,al_dia,bueno
2306,25.0,M,alta_calificacion,familiar,alto,sin_cuenta,0.0,3600000.0,15.0,libre_inversion,al_dia,bueno
2307,40.0,M,informal,familiar,bajo,sin_cuenta,0.0,8281000.0,30.0,libre_inversion,al_dia,bueno
2308,33.0,F,alta_calificacion,propia,bajo,medio,581000.0,1886000.0,15.0,libre_inversion,sin_creditos_previos,bueno
2309,44.0,M,informal,propia,medio,medio,477000.0,2734000.0,33.0,electrodomesticos,sin_creditos_previos,malo
2310,38.0,M,formal_calificado,arrendada,bajo,sin_cuenta,0.0,4580000.0,12.0,remodelacion,al_dia,bueno
2311,43.0,F,informal,arrendada,bajo,bajo,270000.0,2004000.0,12.0,libre_inversion,al_dia,bueno
2312,25.0,F,formal_no_calificado,arrendada,bajo,sin_cuenta,0.0,1022000.0,15.0,electrodomesticos,mora_severa,bueno
2313,22.0,M,formal_calificado,propia,bajo,medio,1953000.0,3668000.0,21.0,libre_inversion,al_dia,bueno
2314,24.0,F,formal_calificado,familiar,bajo,sin_cuenta,0.0,5103000.0,18.0,negocio,mora_severa,malo
2315,24.0,F,formal_calificado,arrendada,bajo,medio,1177000.0,6976000.0,21.0,negocio,mora_leve,bueno
2316,25.0,F,informal,propia,alto,medio,951000.0,3309000.0,21.0,libre_inversion,al_dia,malo
2317,28.0,M,formal_calificado,propia,bajo,sin_cuenta,0.0,10189000.0,24.0,libre_inversion,sin_creditos_previos,bueno
2318,28.0,M,informal,arrendada,bajo,medio,606000.0,1053000.0,9.0,otros,mora_severa,bueno
2319,33.0,F,informal,propia,bajo,medio,433000.0,936000.0,12.0,libre_inversion,al_dia,bueno
2320,26.0,M,informal,familiar,bajo,bajo,84000.0,1900000.0,18.0,educacion,al_dia,bueno
2321,26.0,F,informal,arrendada,bajo,sin_cuenta,0.0,2038000.0,15.0,libre_inversion,al_dia,bueno
2322,30.0,F,informal,familiar,bajo,sin_cuenta,0.0,,15.0,vehiculo,mora_severa,malo
2323,46.0,F,formal_no_calificado,arrendada,muy_alto,sin_cuenta,0.0,3613000.0,18.0,remodelacion,mora_severa,bueno
2324,29.0,F,informal,familiar,bajo,bajo,318000.0,5873000.0,15.0,vehiculo,mora_severa,malo
2325,32.0,F,formal_no_calificado,arrendada,medio,sin_cuenta,0.0,2321000.0,15.0,educacion,al_dia,bueno
2326,34.0,F,informal,arrendada,bajo,medio,1081000.0,2556000.0,12.0,otros,sin_creditos_previos,malo
2327,25.0,F,formal_calificado,propia,bajo,bajo,262000.0,963000.0,15.0,electrodomesticos,al_dia,bueno
2328,,M,informal,arrendada,bajo,bajo,194000.0,5372000.0,15.0,vehiculo,al_dia,bueno
2329,27.0,F,informal,arrendada,bajo,medio,504000.0,,27.0,remodelacion,al_dia,bueno
2330,44.0,F,formal_no_calificado,arrendada,medio,bajo,162000.0,3217000.0,24.0,educacion,al_dia,bueno
2331,43.0,F,alta_calificacion,arrendada,bajo,sin_cuenta,0.0,3897000.0,,libre_inversion,mora_leve,malo
2332,26.0,M,alta_calificacion,propia,bajo,alto,337000.0,4737000.0,36.0,vehiculo,al_dia,bueno
2333,32.0,M,informal,arrendada,bajo,bajo,92000.0,2814000.0,15.0,electrodomesticos,al_dia,bueno
2334,40.0,F,alta_calificacion,propia,bajo,bajo,249000.0,4537000.0,9.0,vehiculo,sin_creditos_previos,malo
2335,36.0,M,formal_no_calificado,arrendada,bajo,sin_cuenta,0.0,1709000.0,12.0,educacion,al_dia,bueno
2336,37.0,F,formal_calificado,arrendada,alto,medio,624000.0,3216000.0,9.0,negocio,al_dia,bueno
2337,25.0,M,informal,familiar,medio,medio,838000.0,1851000.0,9.0,negocio,al_dia,bueno
2338,57.0,M,informal,arrendada,medio,bajo,128000.0,14285000.0,60.0,remodelacion,al_dia,malo
2339,27.0,M,informal,familiar,bajo,sin_cuenta,0.0,4465000.0,24.0,educacion,al_dia,bueno
2340,27.0,F,formal_calificado,familiar,bajo,alto,5202000.0,1767000.0,9.0,libre_inversion,al_dia,bueno
2341,23.0,M,informal,propia,medio,bajo,274000.0,913000.0,6.0,libre_inversion,al_dia,bueno
2342,31.0,F,,arrendada,bajo,medio,670000.0,1540000.0,15.0,electrodomesticos,al_dia,bueno
2343,48.0,F,formal_no_calificado,propia,bajo,sin_cuenta,0.0,,6.0,vehiculo,al_dia,bueno
2344,36.0,F,alta_calificacion,familiar,bajo,bajo,425000.0,6086000.0,15.0,negocio,mora_leve,bueno
2345,32.0,M,formal_no_calificado,arrendada,alto,alto,2884000.0,9561000.0,21.0,educacion,al_dia,bueno
2346,42.0,M,,propia,medio,medio,1401000.0,19965000.0,21.0,vehiculo,mora_severa,bueno
2347,47.0,F,informal,propia,bajo,sin_cuenta,0.0,2742000.0,9.0,libre_inversion,al_dia,bueno
2348,43.0,M,alta_calificacion,arrendada,alto,medio,289000.0,3405000.0,18.0,libre_inversion,al_dia,bueno
2349,21.0,M,informal,propia,medio,sin_cuenta,0.0,15359000.0,30.0,vehiculo,mora_severa,bueno
2350,42.0,F,informal,propia,bajo,sin_cuenta,0.0,3935000.0,15.0,remodelacion,al_dia,bueno
2351,38.0,M,,familiar,bajo,sin_cuenta,0.0,2360000.0,9.0,negocio,al_dia,malo
2352,26.0,M,informal,propia,bajo,sin_cuenta,0.0,7261000.0,15.0,libre_inversion,al_dia,bueno
2353,38.0,F,formal_no_calificado,arrendada,bajo,sin_cuenta,0.0,3096000.0,,educacion,al_dia,bueno
2354,48.0,M,formal_no_calificado,arrendada,bajo,bajo,144000.0,10460000.0,72.0,remodelacion,mora_severa,bueno
2355,28.0,M,informal,propia,bajo,medio,620000.0,13708000.0,27.0,vehiculo,mora_severa,malo
2356,44.0,M,informal,propia,bajo,sin_cuenta,0.0,5900000.0,24.0,libre_inversion,mora_severa,malo
2357,36.0,F,informal,propia,bajo,bajo,382000.0,776000.0,6.0,libre_inversion,al_dia,bueno
2358,19.0,F,informal,familiar,bajo,bajo,,3467000.0,15.0,remodelacion,al_dia,bueno
2359,33.0,F,formal_calificado,arrendada,medio,alto,2453000.0,4400000.0,15.0,negocio,al_dia,bueno
2360,36.0,F,formal_no_calificado,propia,bajo,medio,1936000.0,800000.0,12.0,remodelacion,mora_leve,bueno
2361,30.0,M,informal,familiar,bajo,alto,2202000.0,3175000.0,30.0,educacion,al_dia,bueno
2362,37.0,F,informal,propia,muy_alto,medio,978000.0,11464000.0,54.0,electrodomesticos,al_dia,bueno
2363,32.0,M,formal_calificado,propia,medio,bajo,248000.0,1667000.0,12.0,libre_inversion,sin_creditos_previos,bueno
2364,71.0,F,formal_calificado,propia,bajo,sin_cuenta,0.0,1597000.0,6.0,libre_inversion,mora_severa,bueno
2365,29.0,F,alta_calificacion,arrendada,bajo,medio,536000.0,4695000.0,12.0,educacion,mora_severa,bueno
2366,26.0,M,informal,arrendada,medio,medio,927000.0,3665000.0,,vehiculo,mora_severa,bueno
2367,44.0,F,formal_no_calificado,arrendada,medio,sin_cuenta,0.0,16937000.0,27.0,negocio,mora_severa,bueno
2368,30.0,F,informal,propia,bajo,sin_cuenta,0.0,5510000.0,18.0,vehiculo,mora_severa,bueno
2369,32.0,M,formal_calificado,arrendada,bajo,bajo,78000.0,5434000.0,24.0,libre_inversion,al_dia,bueno
2370,31.0,F,informal,familiar,bajo,sin_cuenta,0.0,8375000.0,15.0,remodelacion,al_dia,bueno
2371,42.0,F,formal_calificado,arrendada,bajo,alto,2628000.0,2600000.0,12.0,electrodomesticos,al_dia,bueno
2372,25.0,M,informal,propia,bajo,sin_cuenta,0.0,2507000.0,12.0,remodelacion,sin_creditos_previos,malo
2373,44.0,M,formal_calificado,arrendada,bajo,sin_cuenta,0.0,2683000.0,18.0,libre_inversion,al_dia,bueno
2374,39.0,F,informal,propia,bajo,sin_cuenta,0.0,1899000.0,12.0,libre_inversion,al_dia,bueno
2375,61.0,M,formal_calificado,propia,bajo,bajo,117000.0,964000.0,9.0,electrodomesticos,al_dia,bueno
2376,35.0,M,informal,arrendada,,medio,582000.0,4399000.0,18.0,electrodomesticos,mora_severa,bueno
2377,25.0,F,formal_calificado,arrendada,bajo,bajo,114000.0,3024000.0,12.0,libre_inversion,al_dia,bueno
2378,35.0,F,informal,arrendada,bajo,sin_cuenta,0.0,10716000.0,30.0,vehiculo,al_dia,bueno
2379,36.0,M,formal_no_calificado,propia,bajo,medio,1338000.0,4185000.0,21.0,remodelacion,mora_severa,bueno
2380,50.0,M,formal_calificado,propia,alto,sin_cuenta,0.0,8172000.0,45.0,electrodomesticos,mora_severa,bueno
2381,25.0,F,informal,arrendada,bajo,sin_cuenta,0.0,1647000.0,21.0,libre_inversion,mora_severa,malo
2382,22.0,M,informal,arrendada,bajo,sin_cuenta,0.0,10916000.0,15.0,negocio,al_dia,malo
2383,35.0,F,informal,arrendada,bajo,bajo,388000.0,4470000.0,27.0,libre_inversion,mora_leve,malo
2384,62.0,F,,arrendada,bajo,bajo,140000.0,4930000.0,42.0,libre_inversion,al_dia,bueno
2385,41.0,M,formal_no_calificado,propia,bajo,bajo,,2082000.0,6.0,libre_inversion,al_dia,bueno
2386,42.0,F,informal,arrendada,muy_alto,sin_cuenta,0.0,8595000.0,27.0,libre_inversion,sin_creditos_previos,bueno
2387,23.0,F,informal,familiar,bajo,medio,938000.0,3870000.0,18.0,remodelacion,al_dia,bueno
2388,33.0,F,informal,propia,bajo,sin_cuenta,0.0,7451000.0,21.0,libre_inversion,mora_severa,malo
2389,50.0,M,informal,arrendada,medio,sin_cuenta,0.0,12359000.0,42.0,libre_inversion,mora_leve,malo
2390,37.0,M,informal,propia,bajo,medio,371000.0,4123000.0,18.0,libre_inversion,sin_creditos_previos,malo
2391,22.0,F,formal_calificado,propia,bajo,bajo,165000.0,839000.0,9.0,libre_inversion,mora_severa,bueno
2392,33.0,F,informal,arrendada,alto,alto,2201000.0,3284000.0,9.0,vehiculo,al_dia,bueno
2393,40.0,F,alta_calificacion,arrendada,bajo,bajo,140000.0,7746000.0,42.0,libre_inversion,al_dia,bueno
2394,32.0,M,formal_calificado,propia,bajo,sin_cuenta,0.0,6157000.0,21.0,vehiculo,al_dia,malo
2395,26.0,M,informal,arrendada,muy_alto,alto,1842000.0,4544000.0,,negocio,al_dia,bueno
2396,44.0,M,formal_calificado,propia,bajo,bajo,72000.0,17740000.0,39.0,vehiculo,al_dia,bueno
2397,29.0,F,formal_no_calificado,propia,bajo,medio,681000.0,1307000.0,12.0,libre_inversion,mora_severa,bueno
2398,38.0,F,formal_no_calificado,arrendada,bajo,sin_cuenta,0.0,2898000.0,12.0,electrodomesticos,mora_leve,malo
2399,33.0,F,informal,propia,bajo,sin_cuenta,0.0,8552000.0,48.0,libre_inversion,mora_severa,malo
2400,29.0,M,formal_no_calificado,arrendada,bajo,alto,1481000.0,1579000.0,12.0,libre_inversion,sin_creditos_previos,bueno
2401,65.0,F,informal,arrendada,medio,alto,2295000.0,2700000.0,9.0,vehiculo,sin_creditos_previos,bueno
2402,28.0,M,formal_no_calificado,familiar,muy_alto,alto,1291000.0,9616000.0,48.0,libre_inversion,mora_leve,bueno
2403,34.0,M,informal,propia,bajo,medio,736000.0,9985000.0,27.0,libre_inversion,al_dia,bueno
2404,,F,formal_no_calificado,arrendada,alto,bajo,,4815000.0,18.0,libre_inversion,mora_severa,bueno
2405,35.0,M,formal_no_calificado,propia,,bajo,141000.0,13290000.0,,electrodomesticos,al_dia,malo
2406,,F,informal,propia,bajo,sin_cuenta,0.0,2278000.0,12.0,libre_inversion,sin_creditos_previos,malo
2407,40.0,F,informal,propia,bajo,medio,773000.0,4103000.0,24.0,libre_inversion,mora_leve,bueno
2408,29.0,M,formal_calificado,arrendada,bajo,medio,712000.0,17015000.0,24.0,negocio,mora_severa,malo
2409,54.0,M,informal,propia,bajo,medio,815000.0,7829000.0,39.0,remodelacion,mora_leve,bueno
2410,43.0,M,,familiar,bajo,sin_cuenta,0.0,2107000.0,12.0,remodelacion,mora_severa,malo
2411,29.0,F,informal,arrendada,alto,sin_cuenta,0.0,11183000.0,48.0,vehiculo,al_dia,malo
2412,51.0,M,alta_calificacion,familiar,bajo,medio,755000.0,8345000.0,57.0,electrodomesticos,al_dia,malo
2413,23.0,M,formal_calificado,propia,bajo,alto,1104000.0,4651000.0,36.0,remodelacion,mora_severa,bueno
2414,24.0,M,formal_no_calificado,propia,bajo,bajo,146000.0,4432000.0,12.0,vehiculo,mora_severa,bueno
2415,22.0,F,formal_calificado,arrendada,bajo,sin_cuenta,0.0,6763000.0,21.0,negocio,al_dia,bueno
2416,20.0,M,,propia,bajo,medio,402000.0,6614000.0,24.0,educacion,al_dia,bueno
2417,50.0,M,,arrendada,bajo,medio,465000.0,1754000.0,21.0,libre_inversion,al_dia,bueno
2418,35.0,M,formal_no_calificado,familiar,bajo,medio,519000.0,1210000.0,9.0,vehiculo,al_dia,bueno
2419,22.0,M,formal_calificado,arrendada,bajo,alto,2576000.0,4127000.0,27.0,libre_inversion,al_dia,bueno
2420,33.0,M,formal_no_calificado,familiar,bajo,medio,629000.0,2635000.0,21.0,electrodomesticos,mora_severa,bueno
2421,45.0,M,informal,propia,bajo,bajo,102000.0,1896000.0,15.0,educacion,al_dia,bueno
2422,27.0,F,informal,arrendada,bajo,medio,520000.0,1277000.0,18.0,electrodomesticos,al_dia,bueno
2423,30.0,M,informal,arrendada,bajo,bajo,189000.0,24080000.0,,vehiculo,al_dia,bueno
2424,66.0,M,formal_no_calificado,arrendada,bajo,sin_cuenta,0.0,9974000.0,36.0,vehiculo,al_dia,malo
2425,31.0,F,alta_calificacion,arrendada,alto,sin_cuenta,0.0,2064000.0,6.0,remodelacion,al_dia,bueno
2426,22.0,M,formal_calificado,arrendada,bajo,medio,1095000.0,1273000.0,18.0,electrodomesticos,al_dia,bueno
2427,28.0,M,formal_calificado,familiar,bajo,sin_cuenta,0.0,4108000.0,33.0,electrodomesticos,mora_severa,malo
2428,22.0,M,formal_no_calificado,propia,bajo,alto,3945000.0,10305000.0,36.0,electrodomesticos,al_dia,bueno
2429,41.0,M,formal_calificado,propia,medio,bajo,562000.0,3837000.0,21.0,educacion,mora_severa,bueno
2430,26.0,M,,propia,bajo,bajo,424000.0,1577000.0,9.0,remodelacion,al_dia,bueno
2431,25.0,F,informal,propia,bajo,sin_cuenta,0.0,3184000.0,9.0,remodelacion,mora_severa,bueno
2432,69.0,M,formal_no_calificado,arrendada,bajo,bajo,171000.0,10308000.0,27.0,remodelacion,mora_leve,malo
2433,24.0,F,informal,arrendada,bajo,bajo,175000.0,3375000.0,15.0,negocio,mora_severa,malo
2434,23.0,F,informal,propia,bajo,medio,352000.0,1991000.0,12.0,educacion,mora_severa,bueno
2435,25.0,M,informal,familiar,,sin_cuenta,0.0,1285000.0,6.0,electrodomesticos,al_dia,bueno
2436,45.0,F,informal,familiar,bajo,bajo,248000.0,3224000.0,9.0,negocio,al_dia,bueno
2437,39.0,M,informal,arrendada,bajo,medio,230000.0,7287000.0,21.0,negocio,al_dia,malo
2438,28.0,M,informal,arrendada,bajo,medio,1762000.0,5619000.0,15.0,vehiculo,al_dia,bueno
2439,27.0,F,alta_calificacion,propia,bajo,medio,381000.0,7758000.0,39.0,educacion,al_dia,bueno
2440,38.0,M,informal,arrendada,bajo,medio,1094000.0,2588000.0,9.0,otros,al_dia,bueno
2441,36.0,F,formal_calificado,arrendada,bajo,medio,835000.0,4506000.0,12.0,libre_inversion,al_dia,bueno
2442,,F,informal,propia,bajo,bajo,196000.0,2506000.0,12.0,vehiculo,al_dia,bueno
2443,40.0,M,alta_calificacion,arrendada,bajo,bajo,,10501000.0,21.0,vehiculo,mora_severa,bueno
2444,24.0,M,formal_calificado,arrendada,bajo,sin_cuenta,0.0,3301000.0,15.0,remodelacion,mora_severa,bueno
2445,26.0,F,formal_calificado,propia,bajo,sin_cuenta,0.0,1160000.0,12.0,otros,mora_severa,malo
2446,40.0,M,,arrendada,bajo,bajo,199000.0,4482000.0,21.0,vehiculo,al_dia,bueno
2447,37.0,M,formal_no_calificado,arrendada,bajo,medio,388000.0,3144000.0,18.0,educacion,mora_severa,bueno
2448,33.0,M,informal,propia,bajo,bajo,179000.0,9213000.0,27.0,educacion,al_dia,bueno
2449,68.0,M,informal,propia,bajo,sin_cuenta,0.0,2073000.0,15.0,remodelacion,al_dia,bueno
2450,43.0,F,formal_calificado,propia,bajo,medio,555000.0,2014000.0,36.0,electrodomesticos,al_dia,bueno
2451,28.0,M,informal,arrendada,muy_alto,bajo,114000.0,1460000.0,12.0,electrodomesticos,al_dia,bueno
2452,25.0,M,informal,propia,bajo,sin_cuenta,0.0,4051000.0,27.0,libre_inversion,al_dia,bueno
2453,37.0,F,formal_calificado,propia,bajo,sin_cuenta,0.0,9268000.0,30.0,libre_inversion,mora_severa,bueno
2454,49.0,F,informal,familiar,bajo,medio,511000.0,2375000.0,6.0,vehiculo,mora_severa,bueno
2455,21.0,F,formal_calificado,familiar,medio,bajo,208000.0,7086000.0,27.0,libre_inversion,al_dia,bueno
2456,36.0,F,informal,arrendada,alto,bajo,,3331000.0,18.0,remodelacion,al_dia,bueno
2457,30.0,M,informal,familiar,bajo,medio,727000.0,3533000.0,21.0,negocio,al_dia,bueno
2458,35.0,M,informal,arrendada,muy_alto,bajo,196000.0,13320000.0,39.0,libre_inversion,al_dia,bueno
2459,23.0,F,formal_no_calificado,propia,bajo,sin_cuenta,0.0,3037000.0,18.0,remodelacion,mora_severa,bueno
2460,49.0,M,formal_calificado,arrendada,medio,bajo,48000.0,2420000.0,9.0,libre_inversion,al_dia,bueno
2461,55.0,F,formal_calificado,propia,bajo,sin_cuenta,0.0,6609000.0,24.0,vehiculo,al_dia,bueno
2462,41.0,M,informal,arrendada,alto,sin_cuenta,0.0,3951000.0,15.0,libre_inversion,al_dia,bueno
2463,60.0,F,informal,familiar,medio,bajo,196000.0,3975000.0,18.0,libre_inversion,mora_severa,malo
2464,29.0,F,formal_calificado,propia,medio,sin_cuenta,0.0,5745000.0,18.0,negocio,al_dia,bueno
2465,36.0,F,informal,propia,bajo,medio,392000.0,10670000.0,27.0,vehiculo,mora_severa,bueno
2466,42.0,M,,propia,bajo,sin_cuenta,0.0,3565000.0,21.0,libre_inversion,al_dia,malo
2467,37.0,F,formal_no_calificado,familiar,bajo,sin_cuenta,0.0,1548000.0,18.0,libre_inversion,al_dia,bueno
2468,30.0,F,formal_calificado,propia,bajo,bajo,93000.0,7173000.0,21.0,negocio,al_dia,bueno
2469,31.0,F,informal,familiar,bajo,medio,542000.0,6967000.0,12.0,vehiculo,mora_severa,bueno
2470,53.0,F,informal,propia,bajo,sin_cuenta,0.0,4492000.0,27.0,otros,al_dia,bueno
2471,33.0,M,alta_calificacion,arrendada,bajo,medio,585000.0,2757000.0,24.0,electrodomesticos,sin_creditos_previos,bueno
2472,48.0,M,alta_calificacion,propia,bajo,bajo,,6145000.0,42.0,electrodomesticos,al_dia,bueno
2473,32.0,M,formal_no_calificado,propia,medio,sin_cuenta,0.0,6444000.0,12.0,vehiculo,al_dia,bueno
2474,48.0,F,formal_calificado,propia,bajo,sin_cuenta,0.0,2272000.0,12.0,educacion,al_dia,bueno
2475,34.0,F,alta_calificacion,propia,bajo,medio,1095000.0,3102000.0,21.0,negocio,al_dia,bueno
2476,,M,formal_no_calificado,propia,bajo,bajo,177000.0,3715000.0,18.0,libre_inversion,al_dia,bueno
2477,27.0,F,,propia,bajo,sin_cuenta,0.0,3673000.0,9.0,vehiculo,al_dia,bueno
2478,36.0,M,,arrendada,bajo,sin_cuenta,0.0,1937000.0,9.0,libre_inversion,al_dia,bueno
2479,27.0,F,informal,arrendada,bajo,bajo,,7625000.0,33.0,negocio,al_dia,bueno
2480,29.0,M,formal_calificado,propia,bajo,sin_cuenta,0.0,3035000.0,12.0,educacion,al_dia,malo
2481,30.0,M,formal_calificado,arrendada,bajo,sin_cuenta,0.0,2602000.0,15.0,libre_inversion,mora_leve,bueno
2482,31.0,M,informal,arrendada,muy_alto,medio,,2520000.0,9.0,vehiculo,sin_creditos_previos,bueno
2483,46.0,F,formal_no_calificado,familiar,,medio,349000.0,15624000.0,57.0,vehiculo,sin_creditos_previos,bueno
2484,29.0,F,formal_calificado,arrendada,bajo,sin_cuenta,0.0,2303000.0,12.0,otros,al_dia,bueno
2485,35.0,M,informal,propia,alto,sin_cuenta,0.0,6821000.0,18.0,vehiculo,al_dia,bueno
2486,48.0,M,formal_calificado,familiar,alto,sin_cuenta,0.0,1402000.0,9.0,libre_inversion,al_dia,bueno
2487,40.0,F,informal,familiar,bajo,medio,443000.0,4845000.0,21.0,educacion,al_dia,bueno
2488,21.0,M,formal_no_calificado,familiar,bajo,bajo,214000.0,10478000.0,48.0,libre_inversion,al_dia,bueno
2489,22.0,F,alta_calificacion,arrendada,bajo,sin_cuenta,0.0,2695000.0,9.0,remodelacion,mora_leve,malo
2490,38.0,M,formal_calificado,arrendada,bajo,bajo,,3529000.0,21.0,electrodomesticos,al_dia,bueno
2491,28.0,F,formal_calificado,familiar,bajo,bajo,328000.0,5913000.0,15.0,educacion,al_dia,malo
2492,22.0,F,formal_calificado,arrendada,bajo,sin_cuenta,0.0,3355000.0,18.0,electrodomesticos,mora_severa,malo
2493,28.0,M,formal_no_calificado,propia,bajo,alto,1359000.0,7439000.0,15.0,libre_inversion,mora_severa,bueno
2494,38.0,F,formal_no_calificado,familiar,bajo,sin_cuenta,0.0,4547000.0,9.0,negocio,al_dia,bueno
2495,30.0,M,informal,familiar,,bajo,254000.0,10018000.0,21.0,negocio,sin_creditos_previos,malo
2496,34.0,F,formal_no_calificado,propia,bajo,bajo,120000.0,5457000.0,30.0,vehiculo,mora_severa,bueno
2497,31.0,F,formal_no_calificado,propia,muy_alto,bajo,89000.0,2916000.0,15.0,electrodomesticos,al_dia,bueno
2498,27.0,M,formal_no_calificado,familiar,bajo,sin_cuenta,0.0,6449000.0,33.0,electrodomesticos,mora_leve,malo
2499,36.0,F,informal,propia,muy_alto,bajo,130000.0,4234000.0,33.0,electrodomesticos,al_dia,bueno
2500,22.0,M,informal,arrendada,medio,medio,731000.0,2140000.0,30.0,libre_inversion,al_dia,bueno
2501,26.0,F,informal,propia,bajo,medio,225000.0,500000.0,9.0,electrodomesticos,al_dia,bueno
2502,43.0,F,informal,propia,bajo,sin_cuenta,0.0,3975000.0,24.0,libre_inversion,al_dia,bueno
2503,23.0,F,informal,arrendada,bajo,sin_cuenta,0.0,3890000.0,24.0,educacion,al_dia,bueno
2504,33.0,M,informal,familiar,bajo,alto,1509000.0,1826000.0,12.0,negocio,al_dia,bueno
2505,29.0,F,formal_calificado,arrendada,,medio,1154000.0,3479000.0,15.0,libre_inversion,mora_leve,bueno
2506,28.0,M,informal,propia,bajo,bajo,153000.0,,,educacion,sin_creditos_previos,bueno
2507,44.0,M,formal_calificado,propia,medio,medio,604000.0,1072000.0,12.0,libre_inversion,mora_severa,bueno
2508,48.0,F,informal,propia,bajo,sin_cuenta,0.0,9196000.0,18.0,libre_inversion,mora_severa,malo
2509,25.0,M,formal_calificado,familiar,bajo,alto,792000.0,9778000.0,42.0,libre_inversion,al_dia,bueno
2510,31.0,M,formal_calificado,arrendada,alto,bajo,85000.0,3329000.0,12.0,vehiculo,mora_severa,bueno
2511,21.0,M,alta_calificacion,familiar,medio,medio,758000.0,1335000.0,12.0,educacion,al_dia,bueno
2512,43.0,F,formal_calificado,familiar,bajo,bajo,,7012000.0,33.0,vehiculo,al_dia,bueno
2513,33.0,F,formal_calificado,arrendada,bajo,medio,674000.0,4037000.0,18.0,negocio,al_dia,bueno
2514,22.0,M,informal,propia,bajo,sin_cuenta,0.0,5360000.0,21.0,vehiculo,mora_leve,malo
2515,,M,formal_no_calificado,familiar,bajo,sin_cuenta,0.0,2492000.0,15.0,libre_inversion,al_dia,bueno
2516,24.0,F,informal,propia,bajo,sin_cuenta,0.0,2886000.0,15.0,vehiculo,sin_creditos_previos,bueno
2517,26.0,M,formal_calificado,familiar,muy_alto,medio,414000.0,2658000.0,18.0,remodelacion,al_dia,bueno
2518,21.0,F,formal_calificado,arrendada,bajo,medio,329000.0,1259000.0,21.0,electrodomesticos,sin_creditos_previos,malo
2519,53.0,F,informal,propia,bajo,bajo,114000.0,3830000.0,30.0,vehiculo,al_dia,bueno
2520,25.0,F,formal_no_calificado,arrendada,bajo,sin_cuenta,0.0,1140000.0,12.0,libre_inversion,sin_creditos_previos,bueno
2521,33.0,M,informal,propia,alto,bajo,144000.0,2047000.0,12.0,remodelacion,al_dia,bueno
2522,38.0,F,formal_no_calificado,arrendada,bajo,bajo,,9199000.0,33.0,vehiculo,al_dia,bueno
2523,48.0,F,formal_no_calificado,arrendada,bajo,bajo,218000.0,3884000.0,18.0,otros,al_dia,bueno
2524,33.0,M,formal_no_calificado,propia,bajo,medio,406000.0,6110000.0,15.0,vehiculo,al_dia,bueno
2525,30.0,F,formal_calificado,arrendada,bajo,sin_cuenta,0.0,5353000.0,21.0,libre_inversion,mora_severa,bueno
2526,34.0,M,informal,arrendada,bajo,bajo,166000.0,3941000.0,,negocio,mora_severa,malo
2527,25.0,F,formal_calificado,familiar,bajo,sin_cuenta,0.0,8347000.0,33.0,libre_inversion,al_dia,bueno
2528,25.0,F,formal_calificado,familiar,bajo,sin_cuenta,0.0,857000.0,12.0,libre_inversion,mora_severa,malo
2529,30.0,M,informal,arrendada,bajo,sin_cuenta,0.0,3621000.0,,remodelacion,al_dia,bueno
2530,,M,informal,familiar,bajo,medio,261000.0,2847000.0,15.0,libre_inversion,al_dia,bueno
2531,27.0,M,informal,propia,bajo,sin_cuenta,0.0,12346000.0,24.0,vehiculo,al_dia,bueno
2532,29.0,M,formal_no_calificado,propia,,sin_cuenta,0.0,3017000.0,33.0,vehiculo,al_dia,bueno
2533,63.0,F,,propia,muy_alto,bajo,207000.0,7691000.0,24.0,educacion,al_dia,bueno
2534,51.0,M,informal,familiar,bajo,bajo,189000.0,1839000.0,30.0,electrodomesticos,mora_leve,bueno
2535,38.0,F,informal,arrendada,bajo,medio,723000.0,3339000.0,9.0,educacion,mora_leve,bueno
2536,44.0,M,formal_no_calificado,familiar,bajo,medio,539000.0,1087000.0,9.0,otros,al_dia,bueno
2537,25.0,F,informal,arrendada,bajo,medio,257000.0,2521000.0,9.0,remodelacion,al_dia,bueno
2538,34.0,F,informal,propia,bajo,sin_cuenta,0.0,3312000.0,18.0,libre_inversion,mora_severa,malo
2539,42.0,F,formal_no_calificado,arrendada,bajo,sin_cuenta,0.0,5165000.0,15.0,educacion,mora_leve,bueno
2540,25.0,F,informal,arrendada,muy_alto,sin_cuenta,0.0,3006000.0,9.0,negocio,mora_leve,bueno
2541,22.0,F,formal_calificado,arrendada,bajo,bajo,145000.0,4404000.0,6.0,vehiculo,mora_severa,malo
2542,37.0,F,informal,familiar,bajo,sin_cuenta,0.0,3754000.0,24.0,remodelacion,mora_severa,malo
2543,23.0,F,formal_no_calificado,arrendada,,medio,425000.0,2887000.0,36.0,electrodomesticos,sin_creditos_previos,bueno
2544,39.0,M,informal,propia,bajo,alto,995000.0,4121000.0,30.0,libre_inversion,al_dia,bueno
2545,47.0,M,informal,arrendada,bajo,medio,855000.0,5396000.0,18.0,remodelacion,mora_severa,bueno
2546,25.0,M,formal_no_calificado,propia,medio,bajo,245000.0,9503000.0,21.0,vehiculo,al_dia,bueno
2547,,F,formal_calificado,familiar,muy_alto,medio,1175000.0,2221000.0,12.0,vehiculo,sin_creditos_previos,bueno
2548,47.0,F,alta_calificacion,propia,muy_alto,sin_cuenta,0.0,4013000.0,18.0,vehiculo,al_dia,bueno
2549,33.0,F,informal,arrendada,bajo,alto,1018000.0,2783000.0,18.0,electrodomesticos,mora_severa,bueno
2550,,F,formal_no_calificado,arrendada,bajo,sin_cuenta,0.0,8995000.0,24.0,educacion,al_dia,bueno
2551,,M,formal_no_calificado,propia,bajo,medio,295000.0,2645000.0,12.0,negocio,al_dia,bueno
2552,31.0,F,informal,arrendada,bajo,sin_cuenta,0.0,6126000.0,57.0,remodelacion,al_dia,bueno
2553,33.0,M,formal_calificado,arrendada,bajo,bajo,31000.0,2588000.0,,otros,al_dia,bueno
2554,58.0,M,informal,arrendada,bajo,sin_cuenta,0.0,1756000.0,21.0,libre_inversion,al_dia,bueno
2555,43.0,F,formal_calificado,arrendada,bajo,sin_cuenta,0.0,,27.0,libre_inversion,mora_leve,bueno
2556,27.0,M,formal_no_calificado,propia,medio,bajo,131000.0,,9.0,educacion,mora_severa,bueno
2557,35.0,F,informal,propia,medio,sin_cuenta,0.0,1333000.0,6.0,remodelacion,sin_creditos_previos,bueno
2558,30.0,F,formal_calificado,arrendada,,sin_cuenta,0.0,6734000.0,27.0,negocio,al_dia,bueno
2559,28.0,F,informal,arrendada,bajo,medio,1961000.0,8292000.0,57.0,remodelacion,al_dia,malo
2560,,M,formal_calificado,arrendada,alto,sin_cuenta,0.0,2389000.0,6.0,libre_inversion,mora_leve,malo
2561,36.0,M,formal_calificado,propia,bajo,bajo,116000.0,11518000.0,57.0,remodelacion,al_dia,malo
2562,25.0,M,formal_no_calificado,propia,bajo,sin_cuenta,0.0,4684000.0,27.0,libre_inversion,al_dia,bueno
2563,33.0,M,informal,arrendada,bajo,medio,352000.0,5298000.0,18.0,vehiculo,al_dia,bueno
2564,28.0,M,informal,familiar,bajo,alto,3932000.0,4537000.0,30.0,remodelacion,al_dia,bueno
2565,38.0,M,formal_no_calificado,arrendada,bajo,bajo,175000.0,,33.0,remodelacion,mora_severa,bueno
2566,28.0,F,formal_no_calificado,arrendada,medio,alto,773000.0,4211000.0,15.0,vehiculo,al_dia,bueno
2567,31.0,F,,arrendada,bajo,bajo,111000.0,32921000.0,66.0,remodelacion,al_dia,bueno
2568,29.0,F,informal,arrendada,alto,bajo,226000.0,6181000.0,57.0,otros,al_dia,bueno
2569,21.0,M,formal_calificado,arrendada,bajo,sin_cuenta,0.0,2367000.0,12.0,libre_inversion,mora_severa,malo
2570,58.0,F,formal_calificado,propia,bajo,alto,2886000.0,3189000.0,21.0,libre_inversion,al_dia,bueno
2571,33.0,M,formal_calificado,arrendada,alto,medio,234000.0,1224000.0,9.0,libre_inversion,al_dia,bueno
2572,57.0,M,informal,propia,bajo,sin_cuenta,0.0,2831000.0,9.0,vehiculo,al_dia,bueno
2573,34.0,M,formal_no_calificado,propia,alto,sin_cuenta,0.0,6342000.0,15.0,libre_inversion,mora_severa,bueno
2574,41.0,F,informal,propia,bajo,sin_cuenta,0.0,12675000.0,21.0,vehiculo,mora_severa,malo
2575,27.0,F,formal_calificado,propia,bajo,sin_cuenta,0.0,2374000.0,12.0,libre_inversion,mora_severa,malo
2576,27.0,M,formal_calificado,propia,bajo,sin_cuenta,0.0,2948000.0,,libre_inversion,al_dia,bueno
2577,,F,formal_calificado,propia,bajo,alto,1869000.0,8051000.0,21.0,vehiculo,mora_leve,bueno
2578,57.0,F,informal,propia,bajo,medio,1570000.0,2434000.0,18.0,otros,al_dia,bueno
2579,25.0,M,formal_calificado,propia,bajo,bajo,247000.0,1491000.0,12.0,libre_inversion,al_dia,bueno
2580,21.0,F,formal_calificado,propia,bajo,sin_cuenta,0.0,3168000.0,12.0,libre_inversion,mora_severa,bueno
2581,46.0,M,informal,propia,bajo,bajo,71000.0,2754000.0,15.0,vehiculo,mora_severa,malo
2582,42.0,M,informal,familiar,muy_alto,alto,3151000.0,2229000.0,12.0,otros,al_dia,bueno
2583,29.0,F,informal,arrendada,muy_alto,medio,,,15.0,vehiculo,sin_creditos_previos,bueno
2584,67.0,M,formal_no_calificado,propia,bajo,medio,1381000.0,3534000.0,12.0,educacion,al_dia,bueno
2585,68.0,F,informal,propia,bajo,medio,414000.0,2481000.0,24.0,libre_inversion,mora_severa,bueno
2586,21.0,M,,arrendada,,bajo,186000.0,3917000.0,9.0,libre_inversion,mora_severa,bueno
2587,27.0,F,formal_no_calificado,propia,bajo,sin_cuenta,0.0,4476000.0,30.0,electrodomesticos,mora_leve,bueno
2588,32.0,F,formal_calificado,propia,bajo,medio,508000.0,3327000.0,15.0,remodelacion,sin_creditos_previos,bueno
2589,38.0,F,formal_calificado,propia,medio,bajo,75000.0,3764000.0,24.0,negocio,al_dia,bueno
2590,36.0,F,formal_calificado,arrendada,bajo,medio,291000.0,2311000.0,18.0,libre_inversion,al_dia,bueno
2591,33.0,F,formal_calificado,arrendada,bajo,medio,1206000.0,1347000.0,9.0,otros,mora_severa,bueno
2592,25.0,M,formal_no_calificado,arrendada,bajo,sin_cuenta,0.0,3884000.0,30.0,electrodomesticos,mora_severa,malo
2593,39.0,M,formal_calificado,propia,alto,sin_cuenta,0.0,6727000.0,,electrodomesticos,al_dia,bueno
2594,40.0,F,informal,propia,bajo,medio,1118000.0,4518000.0,18.0,negocio,al_dia,bueno
2595,45.0,M,,familiar,bajo,bajo,217000.0,4099000.0,6.0,vehiculo,al_dia,bueno
2596,23.0,M,formal_calificado,arrendada,bajo,sin_cuenta,0.0,4134000.0,24.0,educacion,al_dia,bueno
2597,31.0,F,formal_calificado,arrendada,bajo,bajo,123000.0,2624000.0,18.0,electrodomesticos,sin_creditos_previos,malo
2598,29.0,M,,familiar,bajo,sin_cuenta,0.0,3947000.0,12.0,libre_inversion,al_dia,bueno
2599,24.0,M,informal,arrendada,bajo,bajo,100000.0,2627000.0,18.0,libre_inversion,al_dia,malo
2600,31.0,F,informal,propia,bajo,bajo,58000.0,3373000.0,39.0,otros,al_dia,bueno
2601,25.0,F,informal,arrendada,bajo,medio,415000.0,7806000.0,33.0,negocio,mora_severa,bueno
2602,23.0,F,informal,propia,,alto,4411000.0,3973000.0,15.0,otros,al_dia,bueno
2603,42.0,M,informal,arrendada,,sin_cuenta,0.0,3431000.0,15.0,remodelacion,mora_severa,malo
2604,29.0,M,informal,arrendada,alto,alto,2152000.0,3693000.0,12.0,remodelacion,mora_severa,bueno
2605,27.0,F,formal_calificado,propia,bajo,medio,573000.0,,15.0,libre_inversion,al_dia,bueno
2606,49.0,M,formal_no_calificado,propia,alto,medio,860000.0,2142000.0,,remodelacion,sin_creditos_previos,bueno
2607,40.0,F,formal_calificado,arrendada,bajo,medio,461000.0,3645000.0,21.0,electrodomesticos,al_dia,bueno
2608,20.0,M,formal_no_calificado,arrendada,bajo,sin_cuenta,0.0,8046000.0,21.0,vehiculo,mora_severa,malo
2609,38.0,M,informal,propia,bajo,bajo,154000.0,2976000.0,21.0,remodelacion,mora_leve,bueno
2610,38.0,M,informal,propia,bajo,sin_cuenta,0.0,1351000.0,12.0,libre_inversion,al_dia,bueno
2611,30.0,M,formal_calificado,propia,medio,medio,1265000.0,3605000.0,30.0,electrodomesticos,mora_leve,bueno
2612,,M,informal,familiar,bajo,sin_cuenta,0.0,6548000.0,33.0,educacion,al_dia,bueno
2613,22.0,F,formal_calificado,arrendada,bajo,sin_cuenta,0.0,2120000.0,18.0,educacion,al_dia,bueno
2614,66.0,F,informal,arrendada,bajo,medio,563000.0,8319000.0,69.0,electrodomesticos,al_dia,malo
2615,31.0,M,informal,arrendada,medio,medio,464000.0,3921000.0,24.0,vehiculo,mora_severa,bueno
2616,37.0,F,informal,arrendada,bajo,bajo,81000.0,920000.0,9.0,electrodomesticos,al_dia,malo
2617,31.0,M,,propia,alto,bajo,67000.0,1543000.0,,libre_inversion,al_dia,bueno
2618,27.0,M,informal,propia,bajo,medio,250000.0,2720000.0,15.0,libre_inversion,mora_severa,bueno
2619,43.0,F,formal_calificado,propia,medio,alto,4326000.0,981000.0,6.0,educacion,mora_severa,bueno
2620,35.0,F,informal,familiar,,sin_cuenta,0.0,5400000.0,15.0,libre_inversion,al_dia,bueno
2621,31.0,F,informal,arrendada,bajo,sin_cuenta,0.0,11066000.0,30.0,vehiculo,al_dia,bueno
2622,37.0,M,informal,propia,bajo,medio,293000.0,5665000.0,33.0,vehiculo,mora_severa,bueno
2623,32.0,M,alta_calificacion,arrendada,medio,sin_cuenta,0.0,12004000.0,48.0,otros,al_dia,bueno
2624,58.0,F,formal_no_calificado,propia,bajo,medio,825000.0,4738000.0,24.0,remodelacion,mora_severa,malo
2625,43.0,F,formal_no_calificado,arrendada,bajo,bajo,182000.0,7891000.0,27.0,educacion,mora_severa,malo
2626,39.0,F,formal_no_calificado,arrendada,bajo,bajo,291000.0,1465000.0,12.0,remodelacion,sin_creditos_previos,bueno
2627,22.0,F,formal_calificado,familiar,bajo,sin_cuenta,0.0,6638000.0,27.0,libre_inversion,mora_leve,malo
2628,39.0,M,informal,arrendada,bajo,medio,680000.0,20325000.0,24.0,vehiculo,mora_severa,malo
2629,39.0,F,formal_calificado,familiar,bajo,bajo,206000.0,3768000.0,15.0,libre_inversion,al_dia,bueno
2630,25.0,F,formal_calificado,propia,medio,medio,935000.0,,48.0,electrodomesticos,al_dia,bueno
2631,22.0,M,informal,arrendada,bajo,bajo,69000.0,3026000.0,9.0,libre_inversion,al_dia,bueno
2632,42.0,M,informal,familiar,bajo,medio,438000.0,3872000.0,18.0,negocio,mora_severa,malo
2633,44.0,F,formal_no_calificado,propia,bajo,sin_cuenta,0.0,,39.0,libre_inversion,mora_leve,malo
2634,27.0,M,informal,arrendada,bajo,sin_cuenta,0.0,,12.0,libre_inversion,al_dia,bueno
2635,27.0,F,informal,familiar,bajo,alto,5553000.0,1538000.0,15.0,electrodomesticos,al_dia,bueno
2636,34.0,F,informal,arrendada,,sin_cuenta,0.0,11041000.0,27.0,vehiculo,al_dia,bueno
2637,29.0,M,informal,propia,bajo,sin_cuenta,0.0,12853000.0,27.0,libre_inversion,al_dia,malo
2638,22.0,M,formal_calificado,propia,bajo,sin_cuenta,0.0,4896000.0,18.0,otros,sin_creditos_previos,bueno
2639,25.0,F,formal_no_calificado,arrendada,,medio,242000.0,5517000.0,21.0,libre_inversion,sin_creditos_previos,bueno
2640,36.0,M,formal_no_calificado,familiar,bajo,medio,455000.0,1496000.0,18.0,educacion,al_dia,bueno
2641,25.0,F,formal_no_calificado,propia,bajo,medio,1832000.0,4091000.0,30.0,remodelacion,mora_leve,bueno
2642,45.0,M,informal,propia,bajo,sin_cuenta,0.0,8321000.0,30.0,libre_inversion,mora_severa,malo
2643,39.0,F,formal_no_calificado,propia,bajo,sin_cuenta,0.0,6141000.0,39.0,libre_inversion,mora_severa,malo
2644,37.0,M,formal_calificado,arrendada,muy_alto,sin_cuenta,0.0,3968000.0,39.0,electrodomesticos,al_dia,bueno
2645,34.0,M,informal,arrendada,muy_alto,alto,4915000.0,10757000.0,21.0,negocio,al_dia,bueno
2646,27.0,F,,arrendada,bajo,bajo,150000.0,2661000.0,9.0,educacion,al_dia,bueno
2647,41.0,M,formal_calificado,arrendada,bajo,sin_cuenta,0.0,2731000.0,12.0,vehiculo,al_dia,bueno
2648,26.0,M,formal_no_calificado,arrendada,bajo,sin_cuenta,0.0,3316000.0,,libre_inversion,al_dia,malo
2649,46.0,M,informal,arrendada,bajo,sin_cuenta,0.0,1488000.0,18.0,electrodomesticos,mora_severa,malo
2650,55.0,F,informal,arrendada,bajo,medio,351000.0,3237000.0,21.0,vehiculo,al_dia,bueno
2651,35.0,F,formal_no_calificado,propia,muy_alto,bajo,245000.0,4657000.0,12.0,vehiculo,sin_creditos_previos,bueno
2652,52.0,M,formal_calificado,propia,bajo,bajo,150000.0,777000.0,6.0,remodelacion,al_dia,bueno
2653,25.0,M,formal_calificado,familiar,bajo,bajo,198000.0,2240000.0,24.0,otros,al_dia,bueno
2654,39.0,M,formal_calificado,arrendada,bajo,sin_cuenta,0.0,3297000.0,18.0,negocio,sin_creditos_previos,malo
2655,33.0,F,informal,propia,bajo,medio,585000.0,,51.0,remodelacion,al_dia,bueno
2656,43.0,M,formal_calificado,arrendada,bajo,medio,158000.0,3020000.0,12.0,otros,mora_severa,bueno
2657,,F,formal_no_calificado,arrendada,alto,sin_cuenta,0.0,12219000.0,45.0,vehiculo,al_dia,bueno
2658,42.0,M,alta_calificacion,propia,bajo,bajo,125000.0,1308000.0,12.0,libre_inversion,al_dia,bueno
2659,27.0,F,formal_calificado,arrendada,bajo,medio,449000.0,3456000.0,18.0,vehiculo,mora_severa,bueno
2660,33.0,F,informal,propia,bajo,bajo,129000.0,1894000.0,18.0,remodelacion,mora_leve,bueno
2661,66.0,M,formal_no_calificado,familiar,medio,medio,476000.0,,9.0,educacion,mora_leve,bueno
2662,39.0,F,formal_no_calificado,arrendada,bajo,medio,717000.0,2318000.0,21.0,otros,mora_severa,bueno
2663,38.0,M,informal,familiar,bajo,sin_cuenta,0.0,1803000.0,12.0,electrodomesticos,al_dia,bueno
2664,37.0,F,formal_no_calificado,arrendada,medio,sin_cuenta,0.0,4842000.0,36.0,vehiculo,mora_severa,bueno
2665,48.0,M,informal,familiar,muy_alto,bajo,110000.0,9023000.0,27.0,libre_inversion,al_dia,bueno
2666,43.0,M,informal,propia,bajo,sin_cuenta,0.0,3110000.0,24.0,electrodomesticos,sin_creditos_previos,malo
2667,36.0,M,formal_calificado,propia,medio,medio,501000.0,1578000.0,15.0,remodelacion,al_dia,bueno
2668,35.0,M,informal,familiar,bajo,medio,259000.0,1528000.0,9.0,remodelacion,mora_severa,bueno
2669,34.0,F,formal_calificado,familiar,,sin_cuenta,0.0,8783000.0,45.0,libre_inversion,al_dia,bueno
2670,32.0,F,formal_no_calificado,familiar,bajo,alto,1464000.0,8630000.0,42.0,vehiculo,al_dia,bueno
2671,24.0,M,formal_calificado,familiar,bajo,medio,415000.0,3367000.0,15.0,libre_inversion,sin_creditos_previos,bueno
2672,39.0,M,formal_calificado,arrendada,alto,sin_cuenta,0.0,7045000.0,30.0,electrodomesticos,al_dia,bueno
2673,28.0,F,formal_calificado,arrendada,bajo,bajo,235000.0,3527000.0,12.0,libre_inversion,mora_severa,bueno
2674,31.0,M,,arrendada,bajo,sin_cuenta,0.0,3558000.0,12.0,negocio,mora_leve,bueno
2675,44.0,M,alta_calificacion,propia,bajo,alto,672000.0,7295000.0,18.0,educacion,al_dia,bueno
2676,32.0,F,informal,arrendada,bajo,bajo,244000.0,5369000.0,24.0,educacion,al_dia,bueno
2677,32.0,M,formal_calificado,familiar,alto,medio,534000.0,1644000.0,9.0,libre_inversion,mora_severa,bueno
2678,,M,formal_no_calificado,arrendada,medio,alto,2033000.0,1963000.0,6.0,vehiculo,sin_creditos_previos,bueno
2679,30.0,M,informal,arrendada,bajo,medio,345000.0,2390000.0,12.0,libre_inversion,sin_creditos_previos,bueno
2680,65.0,M,formal_no_calificado,arrendada,bajo,medio,374000.0,4135000.0,18.0,libre_inversion,al_dia,bueno
2681,61.0,F,formal_no_calificado,familiar,,sin_cuenta,0.0,1986000.0,9.0,vehiculo,al_dia,bueno
2682,61.0,F,informal,propia,muy_alto,sin_cuenta,0.0,8366000.0,15.0,vehiculo,mora_severa,bueno
2683,37.0,F,informal,propia,bajo,bajo,117000.0,8176000.0,15.0,negocio,mora_severa,bueno
2684,27.0,M,informal,arrendada,bajo,medio,1038000.0,50463000.0,57.0,negocio,al_dia,malo
2685,45.0,F,alta_calificacion,familiar,,sin_cuenta,0.0,1789000.0,24.0,otros,mora_leve,bueno
2686,30.0,F,formal_no_calificado,arrendada,alto,bajo,256000.0,3965000.0,21.0,libre_inversion,mora_severa,bueno
2687,46.0,F,informal,arrendada,bajo,medio,424000.0,1371000.0,15.0,electrodomesticos,al_dia,bueno
2688,27.0,F,formal_calificado,propia,medio,sin_cuenta,0.0,,39.0,libre_inversion,al_dia,bueno
2689,37.0,F,formal_no_calificado,arrendada,bajo,bajo,69000.0,2186000.0,9.0,electrodomesticos,al_dia,bueno
2690,49.0,F,formal_calificado,familiar,bajo,sin_cuenta,0.0,3562000.0,,electrodomesticos,mora_severa,bueno
2691,30.0,F,formal_no_calificado,propia,bajo,sin_cuenta,0.0,11336000.0,42.0,vehiculo,mora_severa,malo
2692,30.0,F,informal,arrendada,,sin_cuenta,0.0,4379000.0,,libre_inversion,mora_severa,malo
2693,23.0,M,informal,propia,bajo,medio,761000.0,2103000.0,12.0,libre_inversion,al_dia,bueno
2694,27.0,F,formal_calificado,propia,muy_alto,sin_cuenta,0.0,3626000.0,9.0,vehiculo,al_dia,bueno
2695,36.0,F,formal_calificado,arrendada,,sin_cuenta,0.0,6547000.0,30.0,libre_inversion,al_dia,bueno
2696,38.0,M,formal_calificado,arrendada,alto,medio,542000.0,10066000.0,27.0,libre_inversion,mora_severa,bueno
2697,40.0,M,informal,arrendada,bajo,sin_cuenta,0.0,8776000.0,33.0,negocio,mora_leve,malo
2698,21.0,M,formal_calificado,arrendada,bajo,bajo,147000.0,7667000.0,27.0,libre_inversion,mora_severa,malo
2699,30.0,F,informal,arrendada,bajo,bajo,72000.0,4329000.0,36.0,libre_inversion,sin_creditos_previos,bueno
2700,23.0,M,formal_calificado,familiar,,medio,304000.0,2478000.0,15.0,negocio,al_dia,bueno
2701,36.0,M,informal,propia,bajo,medio,497000.0,8545000.0,18.0,negocio,mora_severa,bueno
2702,22.0,M,formal_calificado,propia,bajo,sin_cuenta,0.0,3722000.0,9.0,vehiculo,al_dia,bueno
2703,24.0,M,alta_calificacion,arrendada,bajo,medio,701000.0,1531000.0,9.0,educacion,al_dia,bueno
2704,43.0,F,informal,familiar,medio,bajo,83000.0,2925000.0,24.0,libre_inversion,al_dia,bueno
2705,28.0,M,formal_calificado,arrendada,bajo,sin_cuenta,0.0,2682000.0,15.0,remodelacion,sin_creditos_previos,bueno
2706,52.0,M,formal_no_calificado,arrendada,bajo,bajo,72000.0,13340000.0,42.0,negocio,mora_severa,malo
2707,40.0,M,informal,arrendada,bajo,medio,1552000.0,9420000.0,27.0,vehiculo,mora_leve,malo
2708,31.0,F,informal,propia,bajo,medio,391000.0,2015000.0,,libre_inversion,mora_severa,bueno
2709,46.0,F,formal_calificado,familiar,bajo,bajo,110000.0,690000.0,9.0,electrodomesticos,al_dia,bueno
2710,31.0,M,informal,arrendada,medio,sin_cuenta,0.0,2757000.0,12.0,educacion,al_dia,bueno
2711,42.0,M,informal,arrendada,medio,bajo,236000.0,4831000.0,12.0,negocio,al_dia,bueno
2712,27.0,F,formal_calificado,familiar,bajo,bajo,,3462000.0,15.0,vehiculo,al_dia,bueno
2713,46.0,F,formal_no_calificado,arrendada,bajo,bajo,115000.0,3139000.0,33.0,libre_inversion,mora_leve,bueno
2714,22.0,F,formal_calificado,propia,bajo,alto,2439000.0,2103000.0,9.0,remodelacion,al_dia,bueno
2715,24.0,M,formal_no_calificado,propia,,alto,679000.0,3470000.0,54.0,libre_inversion,al_dia,bueno
2716,25.0,F,formal_no_calificado,propia,alto,alto,2273000.0,4664000.0,30.0,libre_inversion,al_dia,bueno
2717,28.0,F,formal_calificado,familiar,bajo,medio,570000.0,2360000.0,9.0,libre_inversion,mora_severa,malo
2718,37.0,M,informal,familiar,muy_alto,bajo,,11097000.0,39.0,vehiculo,al_dia,malo
2719,33.0,F,informal,arrendada,bajo,sin_cuenta,0.0,4205000.0,27.0,vehiculo,mora_leve,malo
2720,,F,formal_no_calificado,familiar,alto,alto,468000.0,5533000.0,12.0,remodelacion,mora_severa,bueno
2721,49.0,F,alta_calificacion,propia,alto,bajo,47000.0,5618000.0,30.0,libre_inversion,mora_severa,bueno
2722,22.0,F,informal,propia,bajo,sin_cuenta,0.0,4485000.0,12.0,vehiculo,al_dia,bueno
2723,51.0,M,alta_calificacion,propia,muy_alto,sin_cuenta,0.0,7009000.0,21.0,remodelacion,al_dia,bueno
2724,31.0,M,formal_calificado,familiar,bajo,medio,985000.0,2933000.0,24.0,electrodomesticos,al_dia,malo
2725,60.0,M,formal_no_calificado,propia,bajo,sin_cuenta,0.0,2278000.0,12.0,educacion,mora_severa,bueno
2726,27.0,F,informal,propia,medio,medio,1195000.0,11147000.0,21.0,negocio,al_dia,bueno
2727,21.0,M,informal,propia,bajo,bajo,229000.0,3086000.0,24.0,libre_inversion,al_dia,bueno
2728,41.0,M,formal_no_calificado,arrendada,bajo,sin_cuenta,0.0,6992000.0,15.0,negocio,mora_severa,malo
2729,40.0,F,informal,arrendada,bajo,medio,418000.0,2163000.0,,negocio,mora_leve,malo
2730,24.0,M,informal,propia,bajo,medio,548000.0,4914000.0,21.0,vehiculo,al_dia,bueno
2731,25.0,F,informal,familiar,bajo,sin_cuenta,0.0,3763000.0,15.0,educacion,mora_leve,bueno
2732,43.0,M,alta_calificacion,familiar,medio,sin_cuenta,0.0,11357000.0,45.0,electrodomesticos,al_dia,malo
2733,37.0,M,informal,propia,alto,bajo,42000.0,5369000.0,24.0,educacion,mora_severa,malo
2734,30.0,M,formal_no_calificado,familiar,,sin_cuenta,0.0,2011000.0,18.0,educacion,al_dia,bueno
2735,39.0,M,informal,familiar,bajo,sin_cuenta,0.0,4359000.0,18.0,otros,al_dia,bueno
2736,36.0,M,informal,familiar,alto,alto,5540000.0,1615000.0,12.0,libre_inversion,al_dia,bueno
2737,26.0,M,informal,propia,bajo,sin_cuenta,0.0,9129000.0,33.0,educacion,mora_severa,bueno
2738,44.0,F,formal_calificado,familiar,bajo,bajo,106000.0,5803000.0,27.0,libre_inversion,al_dia,bueno
2739,41.0,M,formal_no_calificado,arrendada,bajo,sin_cuenta,0.0,6379000.0,45.0,negocio,sin_creditos_previos,malo
2740,33.0,M,,propia,bajo,sin_cuenta,0.0,4729000.0,21.0,libre_inversion,mora_severa,malo
2741,43.0,M,formal_calificado,arrendada,bajo,sin_cuenta,0.0,3346000.0,18.0,vehiculo,al_dia,bueno
2742,63.0,M,,propia,bajo,sin_cuenta,0.0,11822000.0,21.0,negocio,al_dia,malo
2743,25.0,M,formal_calificado,arrendada,muy_alto,medio,1101000.0,6817000.0,45.0,vehiculo,al_dia,bueno
2744,31.0,M,informal,arrendada,bajo,medio,791000.0,3126000.0,15.0,remodelacion,sin_creditos_previos,bueno
2745,31.0,F,formal_calificado,arrendada,,bajo,155000.0,3222000.0,15.0,vehiculo,al_dia,bueno
2746,43.0,F,alta_calificacion,propia,bajo,medio,1054000.0,3967000.0,15.0,electrodomesticos,al_dia,bueno
2747,28.0,F,formal_calificado,familiar,,sin_cuenta,0.0,1777000.0,12.0,negocio,mora_severa,malo
2748,42.0,F,informal,propia,bajo,bajo,213000.0,18724000.0,21.0,negocio,mora_severa,malo
2749,28.0,M,formal_no_calificado,familiar,muy_alto,medio,1137000.0,4242000.0,15.0,vehiculo,al_dia,bueno
2750,24.0,M,formal_calificado,arrendada,bajo,bajo,,6407000.0,39.0,remodelacion,mora_leve,malo
2751,34.0,M,formal_no_calificado,propia,bajo,alto,2918000.0,4449000.0,9.0,vehiculo,mora_severa,bueno
2752,28.0,F,informal,arrendada,muy_alto,bajo,158000.0,4514000.0,27.0,otros,al_dia,bueno
2753,35.0,M,,familiar,medio,alto,1378000.0,5191000.0,36.0,remodelacion,mora_severa,bueno
2754,38.0,M,informal,familiar,medio,sin_cuenta,0.0,2161000.0,9.0,vehiculo,al_dia,bueno
2755,22.0,F,formal_no_calificado,propia,bajo,sin_cuenta,0.0,2529000.0,24.0,electrodomesticos,al_dia,bueno
2756,29.0,M,informal,propia,bajo,sin_cuenta,0.0,4429000.0,33.0,libre_inversion,mora_severa,malo
2757,34.0,M,formal_no_calificado,propia,bajo,medio,810000.0,2364000.0,9.0,otros,al_dia,bueno
2758,43.0,F,informal,arrendada,bajo,sin_cuenta,0.0,2443000.0,12.0,libre_inversion,al_dia,bueno
2759,41.0,M,informal,propia,bajo,sin_cuenta,0.0,7624000.0,33.0,libre_inversion,al_dia,bueno
2760,26.0,M,informal,propia,medio,alto,2364000.0,9485000.0,36.0,vehiculo,al_dia,bueno
2761,31.0,M,alta_calificacion,arrendada,muy_alto,bajo,390000.0,5424000.0,18.0,remodelacion,al_dia,bueno
2762,38.0,M,formal_no_calificado,familiar,bajo,bajo,545000.0,3348000.0,21.0,remodelacion,mora_leve,bueno
2763,31.0,F,formal_no_calificado,propia,medio,sin_cuenta,0.0,3288000.0,27.0,libre_inversion,al_dia,bueno
2764,27.0,F,formal_calificado,arrendada,bajo,medio,646000.0,4410000.0,30.0,libre_inversion,mora_severa,bueno
2765,33.0,M,formal_no_calificado,propia,bajo,medio,413000.0,7799000.0,21.0,libre_inversion,mora_severa,bueno
2766,37.0,M,informal,arrendada,bajo,medio,522000.0,3012000.0,30.0,electrodomesticos,mora_severa,malo
2767,26.0,M,formal_no_calificado,arrendada,bajo,sin_cuenta,0.0,856000.0,6.0,otros,al_dia,bueno
2768,40.0,F,informal,familiar,bajo,bajo,163000.0,5994000.0,18.0,negocio,mora_leve,bueno
2769,35.0,M,formal_no_calificado,arrendada,alto,bajo,153000.0,3360000.0,27.0,electrodomesticos,mora_severa,malo
2770,40.0,M,informal,propia,bajo,medio,542000.0,,24.0,vehiculo,al_dia,bueno
2771,32.0,F,alta_calificacion,arrendada,bajo,medio,1155000.0,7673000.0,42.0,vehiculo,mora_leve,bueno
2772,59.0,F,formal_no_calificado,propia,bajo,medio,658000.0,,12.0,educacion,al_dia,bueno
2773,37.0,F,informal,propia,bajo,bajo,,1559000.0,12.0,remodelacion,mora_severa,malo
2774,42.0,F,formal_no_calificado,familiar,bajo,sin_cuenta,0.0,12480000.0,45.0,libre_inversion,al_dia,bueno
2775,40.0,M,informal,arrendada,bajo,medio,661000.0,1433000.0,9.0,libre_inversion,al_dia,bueno
2776,31.0,F,informal,familiar,bajo,bajo,113000.0,1325000.0,30.0,electrodomesticos,mora_severa,malo
2777,36.0,F,,propia,medio,sin_cuenta,0.0,4842000.0,,electrodomesticos,al_dia,bueno
2778,28.0,M,formal_calificado,familiar,alto,medio,346000.0,3825000.0,15.0,otros,mora_severa,bueno
2779,57.0,M,formal_calificado,familiar,bajo,sin_cuenta,0.0,10141000.0,42.0,libre_inversion,mora_severa,bueno
2780,38.0,M,formal_no_calificado,arrendada,medio,medio,1158000.0,3062000.0,18.0,educacion,al_dia,bueno
2781,26.0,F,formal_no_calificado,propia,bajo,medio,392000.0,5298000.0,21.0,negocio,mora_leve,bueno
2782,52.0,F,informal,familiar,bajo,sin_cuenta,0.0,3284000.0,12.0,vehiculo,mora_severa,bueno
2783,32.0,F,formal_no_calificado,familiar,bajo,medio,511000.0,1672000.0,12.0,libre_inversion,al_dia,bueno
2784,44.0,M,formal_no_calificado,propia,bajo,bajo,,2677000.0,12.0,libre_inversion,mora_leve,bueno
2785,22.0,F,informal,familiar,muy_alto,bajo,349000.0,4782000.0,24.0,remodelacion,mora_severa,malo
2786,48.0,M,informal,familiar,medio,alto,2546000.0,3644000.0,24.0,libre_inversion,al_dia,bueno
2787,38.0,M,informal,propia,alto,medio,1227000.0,1363000.0,6.0,negocio,mora_severa,bueno
2788,26.0,F,informal,arrendada,bajo,sin_cuenta,0.0,7267000.0,33.0,educacion,al_dia,bueno
2789,38.0,F,informal,propia,bajo,medio,973000.0,6916000.0,18.0,educacion,mora_severa,malo
2790,55.0,F,informal,arrendada,bajo,bajo,37000.0,2086000.0,9.0,educacion,sin_creditos_previos,malo
2791,28.0,M,formal_no_calificado,familiar,bajo,medio,374000.0,4080000.0,42.0,libre_inversion,al_dia,bueno
2792,,M,informal,familiar,medio,sin_cuenta,0.0,3169000.0,15.0,educacion,sin_creditos_previos,malo
2793,31.0,M,informal,propia,medio,bajo,147000.0,2563000.0,15.0,electrodomesticos,mora_severa,malo
2794,34.0,M,,arrendada,alto,sin_cuenta,0.0,4815000.0,18.0,libre_inversion,mora_severa,bueno
2795,45.0,F,formal_calificado,arrendada,alto,medio,330000.0,7817000.0,33.0,libre_inversion,mora_severa,malo
2796,38.0,M,informal,arrendada,bajo,medio,534000.0,5353000.0,15.0,vehiculo,mora_severa,bueno
2797,31.0,M,informal,arrendada,alto,sin_cuenta,0.0,16788000.0,36.0,electrodomesticos,mora_severa,malo
2798,36.0,M,formal_no_calificado,arrendada,muy_alto,bajo,398000.0,1341000.0,12.0,libre_inversion,al_dia,bueno
2799,59.0,F,informal,propia,bajo,sin_cuenta,0.0,4117000.0,15.0,electrodomesticos,mora_severa,malo
2800,41.0,F,,propia,bajo,sin_cuenta,0.0,1426000.0,6.0,otros,al_dia,bueno
2801,32.0,M,formal_no_calificado,familiar,bajo,sin_cuenta,0.0,14776000.0,15.0,vehiculo,mora_severa,bueno
2802,31.0,M,informal,propia,bajo,medio,435000.0,904000.0,9.0,libre_inversion,mora_severa,bueno
2803,36.0,F,formal_calificado,arrendada,bajo,sin_cuenta,0.0,6372000.0,9.0,vehiculo,mora_leve,bueno
2804,45.0,F,formal_calificado,familiar,alto,bajo,206000.0,6682000.0,9.0,vehiculo,mora_leve,malo
2805,27.0,M,informal,familiar,muy_alto,medio,266000.0,5024000.0,18.0,negocio,sin_creditos_previos,bueno
2806,43.0,M,formal_no_calificado,arrendada,alto,sin_cuenta,0.0,4008000.0,18.0,vehiculo,al_dia,bueno
2807,32.0,F,alta_calificacion,propia,bajo,bajo,209000.0,13750000.0,27.0,libre_inversion,al_dia,bueno
2808,33.0,F,formal_no_calificado,arrendada,bajo,alto,2928000.0,1969000.0,15.0,libre_inversion,mora_severa,bueno
2809,75.0,M,alta_calificacion,arrendada,bajo,medio,395000.0,7413000.0,24.0,libre_inversion,al_dia,malo
2810,,M,formal_calificado,arrendada,,sin_cuenta,0.0,8911000.0,21.0,educacion,mora_severa,malo
2811,,M,informal,propia,bajo,sin_cuenta,0.0,2689000.0,,libre_inversion,mora_severa,bueno
2812,38.0,M,informal,propia,muy_alto,medio,132000.0,6266000.0,,educacion,mora_leve,bueno
2813,,M,informal,arrendada,medio,sin_cuenta,0.0,3791000.0,12.0,electrodomesticos,al_dia,malo
2814,41.0,M,formal_calificado,familiar,medio,bajo,62000.0,1795000.0,9.0,remodelacion,al_dia,bueno
2815,20.0,M,informal,arrendada,bajo,sin_cuenta,0.0,935000.0,6.0,libre_inversion,mora_severa,bueno
2816,33.0,M,formal_no_calificado,propia,bajo,medio,982000.0,816000.0,15.0,libre_inversion,al_dia,bueno
2817,38.0,M,formal_no_calificado,propia,bajo,sin_cuenta,0.0,10127000.0,18.0,vehiculo,mora_severa,bueno
2818,37.0,M,formal_calificado,arrendada,bajo,bajo,248000.0,,18.0,vehiculo,al_dia,bueno
2819,29.0,F,formal_calificado,arrendada,alto,medio,948000.0,1237000.0,6.0,electrodomesticos,mora_severa,bueno
2820,42.0,M,informal,propia,bajo,sin_cuenta,0.0,4675000.0,24.0,educacion,mora_severa,malo
2821,48.0,F,informal,familiar,bajo,bajo,298000.0,8521000.0,15.0,negocio,mora_severa,malo
2822,22.0,F,formal_no_calificado,familiar,alto,alto,2284000.0,6818000.0,27.0,electrodomesticos,al_dia,bueno
2823,22.0,F,formal_calificado,familiar,bajo,bajo,183000.0,2160000.0,18.0,libre_inversion,mora_leve,bueno
2824,38.0,M,formal_calificado,arrendada,bajo,sin_cuenta,0.0,3645000.0,24.0,libre_inversion,al_dia,bueno
2825,43.0,M,formal_no_calificado,familiar,alto,medio,1297000.0,3679000.0,9.0,negocio,al_dia,bueno
2826,28.0,F,,arrendada,medio,sin_cuenta,0.0,9920000.0,27.0,libre_inversion,al_dia,malo
2827,20.0,M,informal,arrendada,bajo,sin_cuenta,0.0,4211000.0,21.0,libre_inversion,al_dia,malo
2828,33.0,M,informal,propia,bajo,sin_cuenta,0.0,4070000.0,12.0,negocio,al_dia,malo
2829,37.0,M,formal_calificado,propia,bajo,medio,725000.0,,42.0,libre_inversion,sin_creditos_previos,bueno
2830,30.0,F,formal_no_calificado,propia,bajo,sin_cuenta,0.0,7783000.0,57.0,educacion,mora_leve,bueno
2831,46.0,F,formal_calificado,familiar,bajo,sin_cuenta,0.0,1896000.0,12.0,libre_inversion,mora_severa,bueno
2832,37.0,M,informal,arrendada,bajo,bajo,110000.0,5967000.0,30.0,remodelacion,al_dia,malo
2833,28.0,F,formal_no_calificado,familiar,bajo,sin_cuenta,0.0,5545000.0,18.0,libre_inversion,mora_severa,bueno
2834,28.0,F,informal,arrendada,bajo,medio,467000.0,16526000.0,24.0,negocio,al_dia,malo
2835,33.0,M,informal,propia,bajo,bajo,212000.0,2603000.0,21.0,libre_inversion,al_dia,bueno
2836,30.0,M,,arrendada,bajo,bajo,87000.0,12334000.0,27.0,vehiculo,mora_severa,malo
2837,22.0,M,formal_calificado,propia,bajo,sin_cuenta,0.0,1487000.0,6.0,educacion,mora_severa,bueno
2838,36.0,F,informal,familiar,alto,medio,1049000.0,2523000.0,24.0,electrodomesticos,al_dia,bueno
2839,28.0,F,informal,propia,bajo,sin_cuenta,0.0,4408000.0,21.0,vehiculo,mora_severa,bueno
2840,29.0,F,informal,propia,,sin_cuenta,0.0,6656000.0,18.0,vehiculo,mora_severa,bueno
2841,25.0,F,informal,arrendada,bajo,sin_cuenta,0.0,3567000.0,36.0,electrodomesticos,al_dia,bueno
2842,56.0,M,formal_no_calificado,familiar,bajo,alto,3863000.0,1925000.0,9.0,otros,mora_severa,bueno
2843,40.0,F,formal_calificado,arrendada,bajo,bajo,,3677000.0,27.0,remodelacion,al_dia,bueno
2844,61.0,F,,propia,bajo,sin_cuenta,0.0,984000.0,12.0,electrodomesticos,al_dia,bueno
2845,30.0,F,,arrendada,bajo,sin_cuenta,0.0,8333000.0,15.0,vehiculo,al_dia,bueno
2846,41.0,M,formal_no_calificado,propia,bajo,bajo,263000.0,1812000.0,12.0,electrodomesticos,al_dia,bueno
2847,36.0,M,informal,arrendada,bajo,sin_cuenta,0.0,5865000.0,18.0,negocio,sin_creditos_previos,bueno
2848,28.0,M,formal_no_calificado,arrendada,bajo,bajo,314000.0,3996000.0,27.0,libre_inversion,al_dia,bueno
2849,30.0,M,formal_calificado,propia,bajo,sin_cuenta,0.0,8537000.0,18.0,vehiculo,mora_leve,bueno
2850,40.0,F,formal_no_calificado,arrendada,bajo,sin_cuenta,0.0,5142000.0,30.0,libre_inversion,al_dia,bueno
2851,25.0,F,alta_calificacion,propia,bajo,medio,406000.0,,15.0,remodelacion,mora_leve,bueno
2852,46.0,F,informal,propia,bajo,bajo,104000.0,1594000.0,9.0,educacion,mora_leve,bueno
2853,35.0,M,formal_calificado,arrendada,alto,sin_cuenta,0.0,2816000.0,21.0,remodelacion,mora_severa,bueno
2854,44.0,M,formal_calificado,propia,bajo,sin_cuenta,0.0,2278000.0,15.0,educacion,al_dia,bueno
2855,37.0,M,formal_calificado,propia,bajo,medio,288000.0,9694000.0,39.0,educacion,al_dia,bueno
2856,22.0,F,formal_no_calificado,arrendada,bajo,medio,551000.0,1368000.0,12.0,otros,mora_severa,malo
2857,33.0,F,informal,arrendada,bajo,medio,749000.0,18409000.0,24.0,vehiculo,mora_leve,bueno
2858,47.0,M,formal_calificado,familiar,bajo,medio,382000.0,,18.0,libre_inversion,al_dia,bueno
2859,35.0,F,formal_no_calificado,familiar,muy_alto,sin_cuenta,0.0,1173000.0,9.0,electrodomesticos,mora_severa,bueno
2860,33.0,F,formal_no_calificado,arrendada,bajo,sin_cuenta,0.0,,6.0,educacion,mora_leve,bueno
2861,35.0,M,informal,arrendada,bajo,sin_cuenta,0.0,2407000.0,,vehiculo,mora_leve,bueno
2862,21.0,M,informal,arrendada,medio,sin_cuenta,0.0,7444000.0,27.0,vehiculo,al_dia,bueno
2863,49.0,M,alta_calificacion,arrendada,,medio,339000.0,6546000.0,18.0,educacion,mora_severa,malo
2864,20.0,M,informal,arrendada,bajo,sin_cuenta,0.0,2930000.0,24.0,libre_inversion,al_dia,bueno
2865,53.0,F,informal,familiar,alto,bajo,81000.0,4599000.0,24.0,remodelacion,mora_severa,malo
2866,30.0,M,informal,arrendada,bajo,sin_cuenta,0.0,4474000.0,45.0,remodelacion,al_dia,bueno
2867,38.0,F,formal_no_calificado,propia,bajo,medio,475000.0,7681000.0,30.0,otros,al_dia,bueno
2868,21.0,F,formal_calificado,arrendada,alto,medio,749000.0,5214000.0,18.0,remodelacion,mora_leve,bueno
2869,43.0,M,,propia,bajo,medio,551000.0,5905000.0,24.0,libre_inversion,mora_severa,bueno
2870,40.0,F,formal_no_calificado,familiar,medio,sin_cuenta,0.0,1337000.0,9.0,electrodomesticos,mora_severa,malo
2871,39.0,M,informal,propia,bajo,medio,2546000.0,3215000.0,9.0,vehiculo,al_dia,bueno
2872,21.0,F,informal,arrendada,bajo,medio,554000.0,5289000.0,15.0,vehiculo,mora_severa,bueno
2873,27.0,M,informal,arrendada,bajo,bajo,96000.0,,12.0,educacion,al_dia,bueno
2874,38.0,F,formal_no_calificado,propia,,bajo,,2584000.0,18.0,electrodomesticos,al_dia,bueno
2875,48.0,M,alta_calificacion,arrendada,bajo,sin_cuenta,0.0,2069000.0,15.0,educacion,al_dia,bueno
2876,26.0,M,informal,propia,,medio,910000.0,2142000.0,30.0,educacion,mora_severa,malo
2877,26.0,M,informal,arrendada,bajo,alto,1024000.0,14051000.0,24.0,remodelacion,al_dia,bueno
2878,37.0,F,formal_no_calificado,propia,bajo,sin_cuenta,0.0,1912000.0,12.0,educacion,al_dia,bueno
2879,75.0,F,formal_no_calificado,familiar,bajo,sin_cuenta,0.0,4174000.0,24.0,libre_inversion,mora_severa,malo
2880,28.0,F,formal_no_calificado,familiar,alto,sin_cuenta,0.0,3013000.0,9.0,libre_inversion,al_dia,bueno
2881,30.0,M,formal_no_calificado,propia,bajo,alto,2028000.0,4041000.0,18.0,libre_inversion,sin_creditos_previos,bueno
2882,29.0,F,informal,familiar,bajo,bajo,81000.0,3161000.0,30.0,educacion,mora_leve,bueno
2883,32.0,F,formal_no_calificado,familiar,bajo,alto,6401000.0,636000.0,6.0,otros,al_dia,bueno
2884,50.0,M,informal,propia,bajo,bajo,352000.0,9199000.0,36.0,otros,mora_leve,bueno
2885,33.0,M,formal_calificado,familiar,bajo,sin_cuenta,0.0,3840000.0,15.0,libre_inversion,al_dia,bueno
2886,75.0,M,informal,propia,bajo,bajo,,3978000.0,,otros,al_dia,bueno
2887,34.0,F,formal_no_calificado,familiar,alto,sin_cuenta,0.0,4461000.0,15.0,negocio,mora_severa,bueno
2888,51.0,M,alta_calificacion,arrendada,bajo,bajo,203000.0,1818000.0,9.0,libre_inversion,al_dia,bueno
2889,30.0,M,formal_no_calificado,familiar,bajo,bajo,104000.0,1857000.0,12.0,electrodomesticos,mora_leve,bueno
2890,24.0,F,informal,propia,bajo,bajo,231000.0,6764000.0,33.0,otros,mora_severa,malo
2891,33.0,F,alta_calificacion,propia,bajo,sin_cuenta,0.0,5765000.0,21.0,vehiculo,al_dia,bueno
2892,39.0,M,informal,familiar,medio,bajo,243000.0,7048000.0,30.0,otros,sin_creditos_previos,bueno
2893,27.0,F,formal_calificado,arrendada,bajo,medio,269000.0,2702000.0,15.0,electrodomesticos,mora_leve,bueno
2894,48.0,M,informal,arrendada,bajo,sin_cuenta,0.0,6126000.0,12.0,vehiculo,mora_leve,bueno
2895,29.0,F,formal_calificado,arrendada,medio,medio,825000.0,8049000.0,30.0,libre_inversion,al_dia,bueno
2896,25.0,M,informal,arrendada,bajo,bajo,59000.0,4896000.0,18.0,libre_inversion,mora_severa,malo
2897,72.0,M,informal,propia,bajo,bajo,108000.0,3805000.0,21.0,remodelacion,mora_severa,malo
2898,26.0,F,alta_calificacion,propia,bajo,sin_cuenta,0.0,7412000.0,24.0,vehiculo,al_dia,bueno
2899,29.0,M,,propia,medio,sin_cuenta,0.0,1411000.0,6.0,vehiculo,al_dia,bueno
2900,42.0,F,informal,propia,bajo,medio,463000.0,5042000.0,27.0,otros,mora_leve,malo
2901,30.0,M,informal,familiar,bajo,medio,594000.0,1225000.0,9.0,libre_inversion,al_dia,bueno
2902,25.0,M,informal,arrendada,alto,bajo,148000.0,2625000.0,6.0,vehiculo,al_dia,bueno
2903,28.0,F,informal,arrendada,bajo,sin_cuenta,0.0,6466000.0,12.0,negocio,al_dia,bueno
2904,63.0,F,formal_no_calificado,propia,bajo,medio,1510000.0,2624000.0,15.0,otros,sin_creditos_previos,bueno
2905,40.0,F,formal_no_calificado,familiar,bajo,medio,487000.0,6160000.0,39.0,educacion,sin_creditos_previos,bueno
2906,43.0,F,,propia,bajo,medio,,11083000.0,27.0,vehiculo,mora_leve,bueno
2907,36.0,M,formal_calificado,propia,bajo,sin_cuenta,0.0,1973000.0,6.0,libre_inversion,mora_severa,bueno
2908,38.0,M,alta_calificacion,familiar,bajo,bajo,119000.0,3105000.0,,educacion,mora_severa,bueno
2909,29.0,M,formal_no_calificado,propia,bajo,alto,1774000.0,5711000.0,18.0,negocio,al_dia,bueno
2910,35.0,M,formal_no_calificado,arrendada,bajo,sin_cuenta,0.0,2404000.0,9.0,remodelacion,mora_leve,bueno
2911,21.0,M,formal_no_calificado,propia,,sin_cuenta,0.0,6894000.0,24.0,vehiculo,al_dia,bueno
2912,46.0,M,informal,arrendada,medio,medio,317000.0,10630000.0,39.0,remodelacion,al_dia,malo
2913,29.0,F,informal,propia,bajo,bajo,264000.0,1856000.0,18.0,remodelacion,al_dia,bueno
2914,24.0,M,formal_calificado,propia,bajo,sin_cuenta,0.0,5347000.0,,negocio,al_dia,malo
2915,35.0,F,formal_calificado,arrendada,bajo,bajo,114000.0,8013000.0,18.0,libre_inversion,al_dia,malo
2916,31.0,M,informal,arrendada,medio,alto,2533000.0,5196000.0,21.0,libre_inversion,mora_severa,malo
2917,45.0,M,formal_no_calificado,familiar,alto,medio,657000.0,16370000.0,51.0,vehiculo,al_dia,bueno
2918,33.0,M,informal,propia,medio,sin_cuenta,0.0,1464000.0,12.0,educacion,mora_leve,malo
2919,28.0,M,formal_no_calificado,arrendada,alto,medio,637000.0,3132000.0,12.0,negocio,al_dia,bueno
2920,33.0,F,informal,propia,alto,bajo,250000.0,6479000.0,30.0,libre_inversion,al_dia,bueno
2921,54.0,M,formal_calificado,arrendada,bajo,sin_cuenta,0.0,2136000.0,15.0,electrodomesticos,mora_leve,bueno
2922,46.0,F,formal_no_calificado,familiar,bajo,sin_cuenta,0.0,500000.0,6.0,electrodomesticos,mora_severa,bueno
2923,40.0,F,informal,propia,bajo,alto,1206000.0,8083000.0,39.0,libre_inversion,al_dia,bueno
2924,46.0,M,formal_calificado,propia,bajo,sin_cuenta,0.0,4921000.0,36.0,educacion,al_dia,bueno
2925,41.0,F,formal_calificado,arrendada,medio,sin_cuenta,0.0,2362000.0,9.0,vehiculo,mora_leve,bueno
2926,26.0,F,formal_calificado,familiar,bajo,medio,623000.0,8245000.0,18.0,negocio,sin_creditos_previos,bueno
2927,43.0,M,formal_no_calificado,arrendada,bajo,medio,294000.0,765000.0,6.0,electrodomesticos,mora_severa,bueno
2928,48.0,F,informal,arrendada,bajo,sin_cuenta,0.0,5868000.0,27.0,negocio,mora_leve,malo
2929,49.0,M,formal_no_calificado,arrendada,,medio,1820000.0,3191000.0,27.0,libre_inversion,mora_leve,bueno
2930,25.0,F,formal_calificado,propia,bajo,medio,1336000.0,4271000.0,18.0,vehiculo,al_dia,bueno
2931,29.0,M,alta_calificacion,familiar,bajo,medio,642000.0,8251000.0,33.0,vehiculo,al_dia,bueno
2932,28.0,F,formal_no_calificado,familiar,,medio,,1818000.0,6.0,libre_inversion,al_dia,bueno
2933,30.0,F,formal_no_calificado,familiar,bajo,sin_cuenta,0.0,2772000.0,21.0,electrodomesticos,al_dia,bueno
2934,38.0,F,informal,familiar,bajo,medio,1428000.0,2364000.0,6.0,educacion,mora_leve,bueno
2935,35.0,F,informal,familiar,bajo,bajo,218000.0,726000.0,9.0,electrodomesticos,sin_creditos_previos,bueno
2936,34.0,M,informal,propia,bajo,bajo,153000.0,3494000.0,6.0,negocio,al_dia,malo
2937,23.0,F,informal,familiar,muy_alto,sin_cuenta,0.0,7190000.0,42.0,libre_inversion,sin_creditos_previos,malo
2938,28.0,M,formal_no_calificado,propia,bajo,bajo,256000.0,5038000.0,30.0,libre_inversion,al_dia,bueno
2939,51.0,M,informal,propia,bajo,sin_cuenta,0.0,1086000.0,6.0,libre_inversion,mora_severa,bueno
2940,,M,formal_no_calificado,propia,alto,bajo,65000.0,12762000.0,21.0,educacion,al_dia,bueno
2941,33.0,F,formal_no_calificado,propia,alto,sin_cuenta,0.0,971000.0,6.0,libre_inversion,mora_severa,bueno
2942,43.0,F,informal,arrendada,bajo,medio,1116000.0,,27.0,libre_inversion,mora_severa,bueno
2943,37.0,M,formal_no_calificado,arrendada,bajo,sin_cuenta,0.0,8408000.0,30.0,libre_inversion,mora_severa,malo
2944,45.0,F,informal,propia,,bajo,157000.0,5227000.0,27.0,vehiculo,mora_severa,malo
2945,44.0,F,informal,propia,,bajo,102000.0,4404000.0,,vehiculo,mora_severa,bueno
2946,33.0,M,alta_calificacion,propia,medio,bajo,153000.0,5502000.0,15.0,vehiculo,al_dia,bueno
2947,40.0,M,informal,arrendada,bajo,medio,632000.0,4633000.0,21.0,educacion,mora_severa,bueno
2948,38.0,F,informal,arrendada,alto,bajo,123000.0,3372000.0,12.0,vehiculo,al_dia,bueno
2949,34.0,F,formal_no_calificado,arrendada,alto,medio,1155000.0,3105000.0,21.0,libre_inversion,mora_severa,bueno
2950,31.0,M,informal,arrendada,bajo,bajo,,4232000.0,15.0,electrodomesticos,al_dia,bueno
2951,59.0,M,informal,arrendada,muy_alto,medio,455000.0,1306000.0,6.0,libre_inversion,sin_creditos_previos,bueno
2952,34.0,M,formal_calificado,propia,bajo,medio,352000.0,2227000.0,9.0,libre_inversion,mora_severa,bueno
2953,42.0,M,formal_no_calificado,arrendada,bajo,bajo,164000.0,6544000.0,30.0,educacion,mora_leve,bueno
2954,57.0,M,formal_no_calificado,arrendada,bajo,alto,7993000.0,1240000.0,6.0,libre_inversion,mora_leve,bueno
2955,40.0,M,formal_calificado,propia,bajo,sin_cuenta,0.0,10493000.0,18.0,educacion,mora_severa,malo
2956,39.0,M,informal,familiar,bajo,medio,651000.0,4411000.0,15.0,remodelacion,mora_severa,bueno
2957,34.0,F,formal_no_calificado,propia,,bajo,177000.0,9639000.0,9.0,negocio,mora_severa,malo
2958,38.0,M,informal,familiar,bajo,sin_cuenta,0.0,15328000.0,33.0,vehiculo,al_dia,bueno
2959,31.0,M,informal,propia,bajo,bajo,181000.0,5697000.0,36.0,remodelacion,al_dia,bueno
2960,75.0,M,alta_calificacion,arrendada,medio,sin_cuenta,0.0,2257000.0,9.0,electrodomesticos,mora_severa,malo
2961,23.0,F,formal_calificado,propia,alto,medio,254000.0,4256000.0,21.0,educacion,al_dia,bueno
2962,,M,informal,familiar,bajo,medio,,10293000.0,15.0,vehiculo,al_dia,bueno
2963,40.0,M,informal,familiar,medio,bajo,230000.0,1769000.0,18.0,electrodomesticos,mora_leve,bueno
2964,39.0,M,informal,propia,bajo,sin_cuenta,0.0,4136000.0,69.0,electrodomesticos,mora_severa,malo
2965,31.0,F,formal_calificado,propia,bajo,alto,2600000.0,3043000.0,15.0,libre_inversion,al_dia,bueno
2966,22.0,M,informal,arrendada,alto,medio,805000.0,4822000.0,12.0,libre_inversion,al_dia,bueno
2967,24.0,M,alta_calificacion,propia,bajo,medio,681000.0,4022000.0,18.0,negocio,al_dia,bueno
2968,36.0,F,informal,propia,bajo,sin_cuenta,0.0,6092000.0,21.0,remodelacion,mora_severa,malo
2969,21.0,F,informal,familiar,muy_alto,bajo,76000.0,2455000.0,,remodelacion,al_dia,malo
2970,41.0,M,alta_calificacion,arrendada,bajo,sin_cuenta,0.0,19530000.0,63.0,educacion,al_dia,malo
2971,50.0,M,formal_calificado,propia,bajo,medio,279000.0,1976000.0,12.0,libre_inversion,al_dia,bueno
2972,44.0,F,informal,arrendada,bajo,sin_cuenta,0.0,5751000.0,27.0,libre_inversion,mora_severa,malo
2973,47.0,F,formal_no_calificado,propia,bajo,sin_cuenta,0.0,7142000.0,39.0,remodelacion,al_dia,malo
2974,21.0,F,formal_calificado,familiar,bajo,sin_cuenta,0.0,992000.0,6.0,remodelacion,mora_severa,bueno
2975,31.0,F,formal_no_calificado,propia,medio,bajo,221000.0,2138000.0,24.0,remodelacion,al_dia,bueno
2976,25.0,F,formal_no_calificado,propia,bajo,bajo,66000.0,2208000.0,12.0,vehiculo,al_dia,bueno
2977,22.0,F,formal_no_calificado,propia,bajo,medio,477000.0,1104000.0,9.0,electrodomesticos,sin_creditos_previos,bueno
2978,29.0,M,alta_calificacion,familiar,bajo,medio,286000.0,4161000.0,15.0,remodelacion,al_dia,bueno
2979,57.0,F,formal_no_calificado,propia,bajo,sin_cuenta,0.0,29784000.0,39.0,vehiculo,al_dia,bueno
2980,63.0,F,,arrendada,bajo,sin_cuenta,0.0,3093000.0,30.0,electrodomesticos,al_dia,malo
2981,26.0,F,formal_no_calificado,arrendada,muy_alto,sin_cuenta,0.0,900000.0,6.0,libre_inversion,al_dia,bueno
2982,34.0,M,formal_calificado,familiar,medio,medio,456000.0,,30.0,libre_inversion,al_dia,bueno
2983,38.0,M,formal_no_calificado,propia,bajo,medio,430000.0,3877000.0,12.0,educacion,mora_severa,bueno
2984,31.0,F,informal,familiar,bajo,sin_cuenta,0.0,15107000.0,36.0,vehiculo,al_dia,malo
2985,51.0,F,formal_no_calificado,familiar,medio,sin_cuenta,0.0,1656000.0,6.0,educacion,mora_severa,bueno
2986,29.0,M,formal_no_calificado,propia,bajo,medio,1031000.0,6192000.0,24.0,remodelacion,mora_severa,bueno
2987,28.0,F,alta_calificacion,propia,bajo,bajo,30000.0,2596000.0,9.0,vehiculo,al_dia,bueno
2988,27.0,M,informal,familiar,bajo,bajo,532000.0,11726000.0,30.0,educacion,al_dia,malo
2989,31.0,M,,arrendada,bajo,sin_cuenta,0.0,5717000.0,45.0,libre_inversion,mora_severa,malo
2990,19.0,F,formal_no_calificado,familiar,muy_alto,sin_cuenta,0.0,2321000.0,15.0,libre_inversion,al_dia,bueno
2991,31.0,F,informal,familiar,bajo,sin_cuenta,0.0,2522000.0,12.0,vehiculo,sin_creditos_previos,malo
2992,35.0,M,formal_no_calificado,propia,bajo,medio,548000.0,3172000.0,15.0,remodelacion,al_dia,bueno
2993,36.0,M,informal,propia,bajo,medio,522000.0,2396000.0,18.0,libre_inversion,al_dia,bueno
2994,25.0,M,formal_calificado,propia,alto,sin_cuenta,0.0,5845000.0,24.0,vehiculo,al_dia,bueno
2995,36.0,F,formal_calificado,arrendada,,bajo,93000.0,1084000.0,,negocio,sin_creditos_previos,bueno
2996,35.0,F,informal,arrendada,medio,sin_cuenta,0.0,1784000.0,9.0,negocio,al_dia,malo
2997,36.0,F,formal_no_calificado,arrendada,medio,sin_cuenta,0.0,2540000.0,18.0,negocio,mora_severa,bueno
2998,44.0,F,alta_calificacion,arrendada,alto,sin_cuenta,0.0,4081000.0,18.0,libre_inversion,mora_severa,bueno
2999,25.0,M,informal,familiar,bajo,sin_cuenta,0.0,1316000.0,9.0,educacion,mora_severa,bueno
3000,31.0,M,formal_calificado,propia,medio,alto,1030000.0,14456000.0,33.0,educacion,al_dia,bueno
3001,22.0,F,informal,arrendada,bajo,sin_cuenta,0.0,3662000.0,12.0,libre_inversion,al_dia,bueno
3002,,M,informal,propia,muy_alto,sin_cuenta,0.0,9585000.0,51.0,libre_inversion,mora_severa,malo
3003,26.0,M,formal_no_calificado,propia,bajo,medio,481000.0,5926000.0,24.0,libre_inversion,mora_severa,bueno
3004,47.0,M,informal,propia,bajo,sin_cuenta,0.0,8387000.0,27.0,educacion,al_dia,bueno
3005,,F,formal_calificado,familiar,bajo,sin_cuenta,0.0,2230000.0,21.0,electrodomesticos,al_dia,bueno
3006,32.0,M,formal_no_calificado,arrendada,alto,sin_cuenta,0.0,2132000.0,12.0,libre_inversion,al_dia,bueno
3007,32.0,M,formal_calificado,propia,bajo,sin_cuenta,0.0,,21.0,libre_inversion,al_dia,bueno
3008,23.0,F,formal_no_calificado,arrendada,bajo,sin_cuenta,0.0,7783000.0,15.0,negocio,mora_leve,bueno
3009,34.0,M,formal_no_calificado,arrendada,medio,medio,232000.0,876000.0,9.0,electrodomesticos,mora_severa,bueno
3010,44.0,M,formal_calificado,arrendada,bajo,bajo,124000.0,,9.0,negocio,al_dia,bueno
3011,37.0,F,formal_no_calificado,propia,bajo,sin_cuenta,0.0,1536000.0,15.0,libre_inversion,mora_severa,malo
3012,54.0,F,formal_calificado,propia,bajo,medio,566000.0,1401000.0,24.0,otros,al_dia,bueno
3013,30.0,M,formal_no_calificado,propia,alto,sin_cuenta,0.0,6517000.0,15.0,libre_inversion,al_dia,bueno
3014,30.0,M,informal,propia,bajo,bajo,53000.0,7080000.0,15.0,vehiculo,al_dia,bueno
3015,26.0,M,formal_no_calificado,propia,bajo,sin_cuenta,0.0,7756000.0,24.0,negocio,mora_leve,bueno
3016,68.0,M,formal_no_calificado,arrendada,alto,sin_cuenta,0.0,7356000.0,15.0,vehiculo,al_dia,bueno
3017,23.0,F,informal,familiar,medio,bajo,124000.0,5544000.0,60.0,electrodomesticos,al_dia,malo
3018,43.0,F,informal,propia,bajo,sin_cuenta,0.0,1797000.0,12.0,vehiculo,mora_severa,bueno
3019,,M,informal,propia,bajo,sin_cuenta,0.0,5013000.0,30.0,educacion,al_dia,bueno
3020,44.0,F,informal,familiar,bajo,bajo,184000.0,4307000.0,18.0,vehiculo,al_dia,bueno
3021,27.0,M,formal_calificado,arrendada,bajo,medio,,14020000.0,72.0,vehiculo,sin_creditos_previos,malo
3022,32.0,M,formal_calificado,arrendada,bajo,bajo,188000.0,2185000.0,15.0,libre_inversion,al_dia,bueno
3023,41.0,F,informal,familiar,alto,sin_cuenta,0.0,5871000.0,27.0,negocio,al_dia,bueno
3024,28.0,M,alta_calificacion,arrendada,bajo,sin_cuenta,0.0,4333000.0,18.0,negocio,al_dia,bueno
3025,31.0,M,alta_calificacion,arrendada,bajo,bajo,79000.0,1606000.0,,educacion,sin_creditos_previos,bueno
3026,28.0,F,formal_calificado,arrendada,bajo,sin_cuenta,0.0,7030000.0,18.0,negocio,mora_severa,bueno
3027,35.0,M,informal,familiar,alto,sin_cuenta,0.0,2353000.0,15.0,electrodomesticos,sin_creditos_previos,bueno
3028,34.0,M,informal,arrendada,bajo,bajo,,1210000.0,21.0,libre_inversion,mora_severa,malo
3029,58.0,M,formal_no_calificado,propia,bajo,alto,4215000.0,1455000.0,12.0,libre_inversion,al_dia,bueno
3030,41.0,M,formal_calificado,arrendada,bajo,medio,,837000.0,6.0,educacion,al_dia,bueno
3031,24.0,M,formal_no_calificado,propia,,sin_cuenta,0.0,9539000.0,42.0,electrodomesticos,mora_leve,malo
3032,24.0,M,formal_no_calificado,arrendada,bajo,medio,874000.0,1575000.0,12.0,libre_inversion,al_dia,bueno
3033,43.0,M,formal_calificado,propia,bajo,bajo,,2297000.0,30.0,libre_inversion,mora_severa,bueno
3034,34.0,M,alta_calificacion,arrendada,alto,medio,898000.0,4314000.0,18.0,otros,mora_severa,bueno
3035,67.0,F,formal_no_calificado,arrendada,bajo,bajo,188000.0,4168000.0,21.0,libre_inversion,al_dia,malo
3036,66.0,F,formal_calificado,arrendada,bajo,medio,2001000.0,22562000.0,21.0,vehiculo,sin_creditos_previos,bueno
3037,26.0,F,formal_calificado,arrendada,bajo,sin_cuenta,0.0,1761000.0,15.0,remodelacion,mora_leve,malo
3038,37.0,F,informal,propia,,medio,317000.0,3617000.0,18.0,remodelacion,mora_severa,bueno
3039,24.0,F,formal_calificado,propia,bajo,bajo,176000.0,3114000.0,27.0,libre_inversion,mora_severa,bueno
3040,43.0,M,informal,arrendada,bajo,bajo,257000.0,2463000.0,18.0,remodelacion,al_dia,bueno
3041,61.0,M,informal,arrendada,bajo,bajo,152000.0,6597000.0,30.0,vehiculo,al_dia,malo
3042,36.0,M,alta_calificacion,familiar,alto,sin_cuenta,0.0,1731000.0,15.0,libre_inversion,al_dia,bueno
3043,30.0,M,informal,propia,medio,bajo,375000.0,4373000.0,18.0,remodelacion,al_dia,bueno
3044,39.0,F,formal_no_calificado,arrendada,bajo,sin_cuenta,0.0,2884000.0,9.0,negocio,mora_leve,bueno
3045,46.0,M,alta_calificacion,familiar,bajo,sin_cuenta,0.0,4348000.0,21.0,educacion,mora_leve,bueno
3046,46.0,F,informal,arrendada,bajo,bajo,137000.0,5264000.0,15.0,libre_inversion,al_dia,bueno
3047,30.0,M,informal,propia,muy_alto,bajo,247000.0,4483000.0,18.0,libre_inversion,mora_severa,bueno
3048,28.0,M,informal,arrendada,bajo,sin_cuenta,0.0,19799000.0,42.0,vehiculo,al_dia,malo
3049,37.0,M,formal_no_calificado,familiar,bajo,sin_cuenta,0.0,3721000.0,18.0,libre_inversion,al_dia,bueno
3050,30.0,M,informal,arrendada,,bajo,252000.0,8314000.0,,libre_inversion,mora_severa,malo
3051,51.0,M,informal,propia,bajo,alto,1151000.0,3629000.0,12.0,libre_inversion,al_dia,bueno
3052,30.0,F,formal_calificado,arrendada,bajo,bajo,,1371000.0,12.0,libre_inversion,al_dia,bueno
3053,35.0,M,informal,propia,bajo,medio,679000.0,1216000.0,12.0,electrodomesticos,al_dia,bueno
3054,38.0,F,formal_no_calificado,arrendada,alto,bajo,212000.0,1848000.0,9.0,libre_inversion,al_dia,bueno
3055,23.0,F,informal,familiar,bajo,sin_cuenta,0.0,3540000.0,18.0,libre_inversion,al_dia,bueno
3056,29.0,M,formal_no_calificado,familiar,bajo,sin_cuenta,0.0,2324000.0,24.0,libre_inversion,al_dia,bueno
3057,65.0,F,formal_no_calificado,arrendada,bajo,sin_cuenta,0.0,9352000.0,51.0,electrodomesticos,sin_creditos_previos,malo
3058,45.0,M,formal_no_calificado,familiar,medio,medio,723000.0,9889000.0,15.0,vehiculo,al_dia,malo
3059,30.0,M,informal,familiar,bajo,sin_cuenta,0.0,13647000.0,39.0,libre_inversion,mora_leve,bueno
3060,43.0,M,informal,familiar,bajo,sin_cuenta,0.0,2234000.0,9.0,vehiculo,al_dia,bueno
3061,51.0,F,informal,familiar,medio,medio,501000.0,3498000.0,12.0,libre_inversion,mora_severa,malo
3062,32.0,F,informal,familiar,medio,medio,422000.0,2652000.0,15.0,educacion,mora_leve,bueno
3063,45.0,F,formal_no_calificado,propia,bajo,bajo,111000.0,3199000.0,9.0,vehiculo,mora_leve,bueno
3064,42.0,F,informal,propia,bajo,sin_cuenta,0.0,7787000.0,21.0,remodelacion,al_dia,bueno
3065,24.0,M,informal,propia,bajo,alto,3303000.0,3895000.0,9.0,remodelacion,mora_severa,bueno
3066,32.0,F,informal,arrendada,bajo,sin_cuenta,0.0,1974000.0,18.0,electrodomesticos,mora_leve,bueno
3067,58.0,F,formal_calificado,familiar,bajo,sin_cuenta,0.0,1904000.0,18.0,electrodomesticos,mora_severa,bueno
3068,64.0,M,formal_no_calificado,familiar,bajo,medio,786000.0,13995000.0,21.0,vehiculo,al_dia,bueno
3069,45.0,M,formal_no_calificado,familiar,bajo,alto,4065000.0,11883000.0,39.0,vehiculo,al_dia,malo
3070,28.0,M,,familiar,bajo,alto,7393000.0,993000.0,12.0,vehiculo,al_dia,bueno
3071,20.0,M,informal,arrendada,medio,bajo,89000.0,10128000.0,45.0,libre_inversion,al_dia,bueno
3072,27.0,F,informal,arrendada,alto,medio,745000.0,6664000.0,30.0,vehiculo,al_dia,bueno
3073,24.0,M,informal,arrendada,bajo,sin_cuenta,0.0,6055000.0,21.0,vehiculo,sin_creditos_previos,malo
3074,60.0,M,formal_no_calificado,propia,,medio,335000.0,2359000.0,9.0,libre_inversion,al_dia,malo
3075,22.0,F,,arrendada,muy_alto,medio,222000.0,2626000.0,21.0,negocio,al_dia,bueno
3076,25.0,F,informal,arrendada,bajo,bajo,126000.0,2560000.0,9.0,libre_inversion,mora_severa,bueno
3077,36.0,F,,propia,bajo,sin_cuenta,0.0,2224000.0,24.0,libre_inversion,mora_leve,bueno
3078,34.0,M,formal_calificado,arrendada,bajo,medio,456000.0,2377000.0,15.0,remodelacion,al_dia,bueno
3079,,F,informal,arrendada,bajo,bajo,179000.0,8551000.0,36.0,educacion,mora_severa,bueno
3080,41.0,M,formal_calificado,arrendada,bajo,alto,2466000.0,6477000.0,36.0,vehiculo,al_dia,bueno
3081,32.0,F,informal,familiar,medio,medio,412000.0,2007000.0,27.0,electrodomesticos,al_dia,bueno
3082,52.0,M,informal,propia,bajo,medio,832000.0,2090000.0,9.0,libre_inversion,al_dia,bueno
3083,30.0,M,informal,familiar,bajo,sin_cuenta,0.0,3366000.0,15.0,otros,sin_creditos_previos,bueno
3084,59.0,F,alta_calificacion,propia,alto,medio,359000.0,7121000.0,36.0,remodelacion,mora_severa,malo
3085,26.0,F,informal,arrendada,bajo,medio,542000.0,15171000.0,63.0,libre_inversion,al_dia,malo
3086,33.0,F,formal_calificado,arrendada,bajo,bajo,64000.0,17222000.0,12.0,educacion,al_dia,malo
3087,21.0,M,formal_no_calificado,familiar,alto,sin_cuenta,0.0,1982000.0,21.0,libre_inversion,mora_severa,bueno
3088,46.0,F,formal_no_calificado,familiar,bajo,medio,234000.0,1420000.0,12.0,vehiculo,al_dia,bueno
3089,36.0,M,informal,propia,bajo,sin_cuenta,0.0,2133000.0,9.0,electrodomesticos,mora_severa,bueno
3090,59.0,M,informal,arrendada,bajo,sin_cuenta,0.0,1564000.0,12.0,remodelacion,mora_leve,bueno
3091,31.0,M,formal_calificado,familiar,bajo,sin_cuenta,0.0,3713000.0,18.0,otros,mora_severa,bueno
3092,23.0,M,informal,familiar,bajo,sin_cuenta,0.0,2800000.0,6.0,vehiculo,mora_severa,malo
3093,39.0,M,formal_no_calificado,propia,muy_alto,bajo,165000.0,7012000.0,33.0,remodelacion,mora_severa,bueno
3094,29.0,F,informal,propia,bajo,sin_cuenta,0.0,3840000.0,15.0,remodelacion,al_dia,malo
3095,44.0,M,formal_calificado,arrendada,bajo,bajo,143000.0,8916000.0,21.0,libre_inversion,al_dia,malo
3096,27.0,F,formal_calificado,familiar,alto,medio,254000.0,3479000.0,21.0,remodelacion,al_dia,bueno
3097,55.0,F,formal_no_calificado,propia,bajo,bajo,303000.0,8289000.0,15.0,negocio,al_dia,bueno
3098,35.0,M,formal_no_calificado,arrendada,medio,bajo,111000.0,893000.0,12.0,electrodomesticos,al_dia,bueno
3099,32.0,F,informal,familiar,bajo,sin_cuenta,0.0,4796000.0,12.0,vehiculo,al_dia,bueno
3100,53.0,M,,arrendada,bajo,bajo,332000.0,8184000.0,30.0,remodelacion,al_dia,bueno
3101,47.0,F,informal,arrendada,bajo,bajo,205000.0,1903000.0,9.0,educacion,al_dia,bueno
3102,27.0,M,formal_calificado,familiar,bajo,medio,391000.0,7998000.0,27.0,libre_inversion,mora_leve,bueno
3103,46.0,M,informal,propia,medio,medio,520000.0,5174000.0,27.0,libre_inversion,al_dia,bueno
3104,43.0,M,informal,propia,bajo,bajo,160000.0,3187000.0,12.0,remodelacion,sin_creditos_previos,bueno
3105,33.0,F,informal,propia,medio,sin_cuenta,0.0,2081000.0,15.0,libre_inversion,al_dia,bueno
3106,45.0,M,informal,arrendada,alto,medio,380000.0,2760000.0,,educacion,al_dia,bueno
3107,55.0,F,formal_no_calificado,propia,bajo,alto,2256000.0,4278000.0,21.0,vehiculo,al_dia,bueno
3108,33.0,M,formal_calificado,propia,muy_alto,alto,649000.0,4201000.0,30.0,libre_inversion,al_dia,bueno
3109,33.0,F,informal,propia,bajo,alto,1666000.0,3068000.0,,educacion,al_dia,bueno
3110,33.0,M,informal,arrendada,bajo,sin_cuenta,0.0,5644000.0,12.0,libre_inversion,al_dia,bueno
3111,27.0,M,formal_no_calificado,familiar,bajo,medio,646000.0,9992000.0,36.0,vehiculo,al_dia,malo
3112,33.0,M,formal_no_calificado,arrendada,bajo,sin_cuenta,0.0,5006000.0,15.0,vehiculo,sin_creditos_previos,bueno
3113,32.0,M,formal_calificado,arrendada,bajo,sin_cuenta,0.0,,9.0,educacion,al_dia,malo
3114,32.0,F,formal_calificado,familiar,bajo,medio,234000.0,3175000.0,6.0,libre_inversion,sin_creditos_previos,malo
3115,31.0,F,formal_calificado,arrendada,bajo,sin_cuenta,0.0,5225000.0,27.0,remodelacion,mora_severa,malo
3116,25.0,M,formal_calificado,arrendada,muy_alto,sin_cuenta,0.0,6718000.0,54.0,otros,mora_severa,bueno
3117,48.0,M,formal_calificado,propia,medio,sin_cuenta,0.0,1309000.0,12.0,electrodomesticos,al_dia,bueno
3118,29.0,M,formal_no_calificado,arrendada,bajo,sin_cuenta,0.0,1100000.0,6.0,libre_inversion,sin_creditos_previos,bueno
3119,56.0,F,formal_no_calificado,propia,muy_alto,sin_cuenta,0.0,3930000.0,24.0,libre_inversion,al_dia,bueno
3120,26.0,F,formal_calificado,arrendada,medio,bajo,349000.0,668000.0,9.0,electrodomesticos,al_dia,bueno
3121,61.0,F,informal,familiar,medio,sin_cuenta,0.0,,30.0,vehiculo,sin_creditos_previos,malo
3122,30.0,F,informal,propia,bajo,bajo,516000.0,1211000.0,15.0,electrodomesticos,mora_leve,bueno
3123,46.0,M,alta_calificacion,propia,bajo,bajo,143000.0,2419000.0,12.0,electrodomesticos,mora_leve,bueno
3124,36.0,M,formal_no_calificado,familiar,bajo,sin_cuenta,0.0,1715000.0,15.0,educacion,mora_leve,malo
3125,24.0,F,informal,familiar,bajo,medio,531000.0,9061000.0,39.0,remodelacion,al_dia,bueno
3126,24.0,M,informal,arrendada,bajo,sin_cuenta,0.0,872000.0,6.0,remodelacion,al_dia,bueno
3127,28.0,M,,propia,bajo,medio,534000.0,3980000.0,30.0,libre_inversion,al_dia,bueno
3128,30.0,M,informal,arrendada,bajo,alto,1428000.0,12175000.0,30.0,vehiculo,al_dia,bueno
3129,34.0,F,formal_no_calificado,arrendada,bajo,medio,269000.0,5584000.0,15.0,educacion,al_dia,bueno
3130,38.0,F,formal_no_calificado,arrendada,bajo,bajo,104000.0,11798000.0,24.0,educacion,mora_severa,malo
3131,32.0,F,formal_no_calificado,arrendada,bajo,medio,677000.0,4758000.0,21.0,libre_inversion,sin_creditos_previos,bueno
3132,37.0,M,informal,familiar,bajo,sin_cuenta,0.0,5589000.0,30.0,libre_inversion,al_dia,bueno
3133,39.0,M,formal_no_calificado,propia,medio,alto,,2143000.0,15.0,remodelacion,mora_severa,bueno
3134,32.0,M,informal,familiar,alto,sin_cuenta,0.0,1334000.0,9.0,vehiculo,mora_severa,malo
3135,42.0,F,informal,propia,medio,bajo,211000.0,15457000.0,36.0,vehiculo,al_dia,bueno
3136,46.0,M,formal_no_calificado,propia,medio,bajo,69000.0,2083000.0,12.0,libre_inversion,mora_leve,malo
3137,40.0,F,informal,familiar,bajo,medio,181000.0,5049000.0,15.0,vehiculo,mora_severa,bueno
3138,41.0,M,alta_calificacion,arrendada,bajo,medio,410000.0,2405000.0,15.0,libre_inversion,al_dia,bueno
3139,36.0,F,formal_no_calificado,arrendada,bajo,sin_cuenta,0.0,4377000.0,33.0,libre_inversion,al_dia,bueno
3140,50.0,F,informal,propia,alto,sin_cuenta,0.0,22097000.0,51.0,vehiculo,mora_severa,malo
3141,34.0,M,informal,propia,bajo,medio,921000.0,7143000.0,15.0,educacion,mora_severa,bueno
3142,28.0,F,informal,propia,bajo,alto,1604000.0,2588000.0,15.0,negocio,mora_severa,bueno
3143,34.0,M,informal,arrendada,,sin_cuenta,0.0,1655000.0,21.0,libre_inversion,al_dia,bueno
3144,24.0,F,alta_calificacion,propia,bajo,medio,176000.0,1599000.0,9.0,libre_inversion,mora_leve,bueno
3145,23.0,F,formal_no_calificado,familiar,bajo,bajo,75000.0,3235000.0,24.0,libre_inversion,al_dia,bueno
3146,46.0,F,formal_calificado,arrendada,medio,sin_cuenta,0.0,12400000.0,24.0,negocio,mora_severa,malo
3147,56.0,M,formal_no_calificado,familiar,bajo,sin_cuenta,0.0,5065000.0,21.0,libre_inversion,mora_severa,malo
3148,31.0,F,formal_calificado,familiar,alto,medio,864000.0,3937000.0,9.0,otros,al_dia,bueno
3149,46.0,F,formal_calificado,arrendada,bajo,sin_cuenta,0.0,16885000.0,48.0,remodelacion,mora_severa,malo
3150,22.0,F,informal,arrendada,bajo,medio,314000.0,5886000.0,27.0,educacion,al_dia,bueno
3151,21.0,F,informal,familiar,bajo,sin_cuenta,0.0,8828000.0,45.0,libre_inversion,mora_severa,malo
3152,40.0,M,informal,arrendada,bajo,bajo,357000.0,1512000.0,9.0,electrodomesticos,mora_leve,bueno
3153,34.0,M,informal,propia,bajo,sin_cuenta,0.0,1530000.0,12.0,libre_inversion,sin_creditos_previos,bueno
3154,60.0,M,formal_no_calificado,arrendada,bajo,medio,432000.0,3345000.0,12.0,remodelacion,al_dia,bueno
3155,32.0,M,informal,propia,bajo,sin_cuenta,0.0,12449000.0,51.0,electrodomesticos,mora_leve,malo
3156,25.0,F,formal_calificado,arrendada,bajo,sin_cuenta,0.0,3279000.0,21.0,educacion,mora_severa,malo
3157,23.0,F,informal,familiar,bajo,bajo,229000.0,3576000.0,18.0,remodelacion,al_dia,bueno
3158,34.0,M,formal_calificado,arrendada,bajo,bajo,97000.0,1496000.0,6.0,otros,al_dia,bueno
3159,36.0,M,informal,propia,bajo,bajo,1093000.0,4134000.0,15.0,electrodomesticos,al_dia,bueno
3160,32.0,F,informal,propia,bajo,sin_cuenta,0.0,1442000.0,15.0,electrodomesticos,mora_severa,bueno
3161,46.0,F,formal_calificado,propia,bajo,sin_cuenta,0.0,,21.0,libre_inversion,al_dia,bueno
3162,55.0,F,formal_no_calificado,propia,muy_alto,sin_cuenta,0.0,9140000.0,51.0,libre_inversion,al_dia,bueno
3163,31.0,M,formal_calificado,arrendada,bajo,sin_cuenta,0.0,,39.0,libre_inversion,al_dia,bueno
3164,22.0,F,formal_calificado,arrendada,medio,sin_cuenta,0.0,1211000.0,15.0,libre_inversion,al_dia,bueno
3165,37.0,M,informal,arrendada,bajo,sin_cuenta,0.0,1654000.0,12.0,libre_inversion,mora_severa,bueno
3166,50.0,M,informal,arrendada,bajo,bajo,,1629000.0,15.0,libre_inversion,al_dia,bueno
3167,31.0,F,informal,arrendada,,sin_cuenta,0.0,3238000.0,18.0,libre_inversion,mora_leve,malo
3168,41.0,M,informal,propia,bajo,bajo,236000.0,4256000.0,24.0,remodelacion,mora_severa,bueno
3169,25.0,F,alta_calificacion,arrendada,medio,medio,1294000.0,500000.0,6.0,electrodomesticos,mora_severa,bueno
3170,37.0,M,formal_calificado,arrendada,alto,medio,423000.0,4013000.0,,negocio,mora_severa,bueno
3171,41.0,M,informal,propia,bajo,bajo,,12082000.0,15.0,vehiculo,mora_severa,bueno
3172,37.0,F,formal_calificado,arrendada,,sin_cuenta,0.0,2124000.0,15.0,libre_inversion,al_dia,malo
3173,67.0,M,alta_calificacion,propia,bajo,bajo,474000.0,12124000.0,51.0,negocio,mora_severa,malo
3174,56.0,M,informal,propia,bajo,sin_cuenta,0.0,4864000.0,18.0,negocio,mora_severa,bueno
3175,43.0,M,informal,arrendada,bajo,bajo,118000.0,4245000.0,18.0,vehiculo,mora_severa,malo
3176,49.0,M,formal_calificado,propia,bajo,medio,,4172000.0,48.0,libre_inversion,mora_severa,bueno
3177,37.0,F,formal_calificado,arrendada,bajo,bajo,137000.0,26389000.0,39.0,negocio,al_dia,bueno
3178,33.0,M,informal,propia,bajo,alto,3512000.0,2550000.0,36.0,otros,sin_creditos_previos,bueno
3179,30.0,F,,familiar,bajo,sin_cuenta,0.0,1614000.0,21.0,otros,mora_severa,bueno
3180,25.0,F,informal,arrendada,bajo,sin_cuenta,0.0,7232000.0,15.0,vehiculo,al_dia,bueno
3181,57.0,M,formal_no_calificado,propia,,sin_cuenta,0.0,681000.0,9.0,libre_inversion,mora_severa,bueno
3182,68.0,M,formal_no_calificado,propia,bajo,sin_cuenta,0.0,13953000.0,30.0,vehiculo,al_dia,bueno
3183,34.0,F,informal,familiar,bajo,sin_cuenta,0.0,8700000.0,45.0,electrodomesticos,mora_leve,malo
3184,35.0,F,formal_calificado,arrendada,bajo,medio,522000.0,3110000.0,24.0,libre_inversion,mora_severa,bueno
3185,41.0,M,formal_no_calificado,arrendada,bajo,bajo,53000.0,1820000.0,9.0,libre_inversion,al_dia,bueno
3186,32.0,F,formal_calificado,familiar,bajo,alto,1566000.0,3528000.0,21.0,otros,al_dia,bueno
3187,26.0,M,formal_no_calificado,propia,bajo,medio,570000.0,4564000.0,,libre_inversion,mora_severa,bueno
3188,24.0,M,formal_no_calificado,arrendada,bajo,medio,,1757000.0,12.0,libre_inversion,al_dia,bueno
3189,67.0,M,informal,arrendada,bajo,medio,806000.0,1536000.0,12.0,electrodomesticos,mora_leve,malo
3190,22.0,M,informal,familiar,bajo,sin_cuenta,0.0,3293000.0,24.0,otros,al_dia,bueno
3191,38.0,M,formal_calificado,arrendada,bajo,medio,650000.0,5376000.0,24.0,otros,al_dia,bueno
3192,23.0,M,formal_no_calificado,familiar,bajo,medio,463000.0,4224000.0,24.0,libre_inversion,al_dia,bueno
3193,33.0,M,informal,arrendada,bajo,bajo,568000.0,10326000.0,39.0,remodelacion,mora_severa,malo
3194,31.0,F,alta_calificacion,familiar,bajo,bajo,112000.0,2601000.0,18.0,otros,mora_severa,bueno
3195,23.0,M,formal_calificado,propia,bajo,medio,254000.0,4553000.0,15.0,remodelacion,mora_severa,bueno
3196,42.0,F,informal,arrendada,bajo,medio,,8489000.0,30.0,libre_inversion,mora_severa,bueno
3197,,F,informal,propia,muy_alto,sin_cuenta,0.0,4724000.0,57.0,remodelacion,sin_creditos_previos,bueno
3198,23.0,M,formal_no_calificado,familiar,bajo,sin_cuenta,0.0,,15.0,electrodomesticos,mora_severa,bueno
3199,44.0,M,informal,propia,bajo,sin_cuenta,0.0,2577000.0,27.0,electrodomesticos,sin_creditos_previos,malo
3200,31.0,M,alta_calificacion,arrendada,bajo,medio,1230000.0,4495000.0,42.0,electrodomesticos,mora_severa,bueno
3201,27.0,F,formal_no_calificado,propia,alto,sin_cuenta,0.0,4626000.0,21.0,libre_inversion,al_dia,bueno
3202,45.0,M,informal,propia,bajo,medio,,2090000.0,9.0,educacion,al_dia,bueno
3203,25.0,M,formal_no_calificado,propia,bajo,bajo,217000.0,6201000.0,21.0,vehiculo,mora_leve,malo
3204,,F,informal,arrendada,bajo,medio,641000.0,6180000.0,24.0,libre_inversion,mora_severa,malo
3205,52.0,M,formal_no_calificado,propia,bajo,medio,225000.0,5469000.0,15.0,vehiculo,mora_severa,bueno
3206,63.0,M,informal,familiar,,bajo,163000.0,2359000.0,15.0,remodelacion,al_dia,bueno
3207,33.0,F,formal_calificado,arrendada,bajo,sin_cuenta,0.0,,9.0,electrodomesticos,mora_severa,bueno
3208,19.0,F,formal_calificado,familiar,medio,medio,391000.0,4277000.0,12.0,educacion,al_dia,bueno
3209,33.0,M,formal_calificado,arrendada,muy_alto,sin_cuenta,0.0,3703000.0,12.0,negocio,sin_creditos_previos,malo
3210,46.0,M,informal,arrendada,bajo,bajo,119000.0,2097000.0,12.0,remodelacion,al_dia,bueno
3211,50.0,M,informal,arrendada,alto,alto,2915000.0,1691000.0,18.0,electrodomesticos,mora_severa,bueno
3212,25.0,M,formal_calificado,propia,bajo,bajo,43000.0,9489000.0,33.0,electrodomesticos,al_dia,bueno
3213,,M,informal,arrendada,bajo,alto,2045000.0,3729000.0,12.0,vehiculo,mora_severa,bueno
3214,37.0,M,informal,familiar,bajo,bajo,142000.0,14316000.0,42.0,vehiculo,mora_severa,bueno
3215,45.0,F,alta_calificacion,propia,bajo,bajo,,3952000.0,24.0,electrodomesticos,mora_severa,bueno
3216,43.0,F,formal_calificado,propia,bajo,alto,1508000.0,3729000.0,69.0,educacion,al_dia,bueno
3217,40.0,F,formal_calificado,arrendada,bajo,medio,380000.0,3643000.0,27.0,educacion,mora_severa,malo
3218,50.0,F,informal,familiar,bajo,medio,440000.0,5024000.0,9.0,libre_inversion,mora_severa,bueno
3219,33.0,M,,propia,bajo,medio,,1747000.0,39.0,otros,al_dia,bueno
3220,57.0,M,formal_no_calificado,familiar,,sin_cuenta,0.0,544000.0,6.0,otros,mora_severa,bueno
3221,29.0,M,formal_no_calificado,propia,bajo,sin_cuenta,0.0,983000.0,6.0,libre_inversion,al_dia,bueno
3222,43.0,M,informal,arrendada,bajo,medio,795000.0,3482000.0,33.0,otros,sin_creditos_previos,bueno
3223,,M,formal_calificado,familiar,bajo,medio,684000.0,4849000.0,54.0,electrodomesticos,al_dia,malo
3224,33.0,F,informal,arrendada,bajo,medio,1424000.0,5691000.0,54.0,libre_inversion,al_dia,bueno
3225,34.0,M,formal_no_calificado,arrendada,muy_alto,sin_cuenta,0.0,4858000.0,24.0,remodelacion,al_dia,bueno
3226,29.0,M,formal_calificado,familiar,muy_alto,bajo,197000.0,3430000.0,15.0,libre_inversion,al_dia,bueno
3227,51.0,M,formal_calificado,propia,bajo,medio,482000.0,4837000.0,18.0,remodelacion,al_dia,bueno
3228,30.0,F,informal,propia,bajo,bajo,590000.0,3676000.0,18.0,negocio,mora_leve,malo
3229,34.0,F,formal_no_calificado,familiar,bajo,bajo,240000.0,10931000.0,21.0,vehiculo,al_dia,bueno
3230,41.0,M,formal_no_calificado,arrendada,bajo,alto,1428000.0,4350000.0,12.0,vehiculo,al_dia,bueno
3231,75.0,M,informal,familiar,bajo,bajo,273000.0,5706000.0,18.0,libre_inversion,al_dia,malo
3232,42.0,F,informal,familiar,muy_alto,sin_cuenta,0.0,5756000.0,15.0,vehiculo,al_dia,bueno
3233,35.0,M,formal_no_calificado,arrendada,bajo,bajo,,1462000.0,12.0,electrodomesticos,mora_severa,malo
3234,21.0,F,formal_calificado,arrendada,bajo,sin_cuenta,0.0,7618000.0,42.0,educacion,al_dia,malo
3235,33.0,F,alta_calificacion,arrendada,bajo,medio,667000.0,8389000.0,24.0,negocio,al_dia,bueno
3236,28.0,F,informal,propia,alto,medio,898000.0,5782000.0,24.0,electrodomesticos,al_dia,bueno
3237,31.0,M,informal,arrendada,medio,medio,1048000.0,7340000.0,21.0,vehiculo,mora_severa,bueno
3238,30.0,F,informal,familiar,bajo,medio,,4487000.0,12.0,vehiculo,al_dia,bueno
3239,41.0,M,alta_calificacion,familiar,bajo,medio,746000.0,3170000.0,18.0,electrodomesticos,al_dia,bueno
3240,32.0,M,formal_calificado,familiar,alto,bajo,74000.0,4028000.0,51.0,libre_inversion,al_dia,bueno
3241,26.0,M,alta_calificacion,familiar,bajo,bajo,138000.0,4011000.0,24.0,vehiculo,mora_severa,bueno
3242,46.0,M,formal_no_calificado,propia,bajo,bajo,105000.0,2692000.0,18.0,electrodomesticos,al_dia,bueno
3243,24.0,M,informal,arrendada,,bajo,158000.0,,24.0,remodelacion,al_dia,bueno
3244,34.0,F,formal_no_calificado,propia,medio,sin_cuenta,0.0,2562000.0,15.0,libre_inversion,al_dia,bueno
3245,33.0,F,informal,arrendada,bajo,medio,647000.0,4996000.0,15.0,vehiculo,mora_severa,bueno
3246,38.0,M,informal,familiar,bajo,sin_cuenta,0.0,21070000.0,33.0,educacion,al_dia,bueno
3247,50.0,F,informal,familiar,bajo,sin_cuenta,0.0,4061000.0,21.0,educacion,al_dia,bueno
3248,75.0,F,informal,familiar,bajo,bajo,121000.0,1323000.0,27.0,electrodomesticos,mora_leve,malo
3249,35.0,M,informal,propia,bajo,alto,2520000.0,6892000.0,21.0,negocio,al_dia,bueno
3250,28.0,F,alta_calificacion,arrendada,bajo,sin_cuenta,0.0,9990000.0,30.0,educacion,sin_creditos_previos,bueno
3251,27.0,F,formal_calificado,propia,bajo,medio,705000.0,4117000.0,15.0,educacion,mora_severa,malo
3252,27.0,F,formal_calificado,arrendada,bajo,bajo,59000.0,3988000.0,15.0,educacion,mora_severa,bueno
3253,38.0,M,informal,propia,,sin_cuenta,0.0,7196000.0,48.0,remodelacion,mora_severa,malo
3254,,F,formal_calificado,familiar,bajo,sin_cuenta,0.0,1527000.0,6.0,negocio,al_dia,bueno
3255,24.0,F,informal,arrendada,bajo,sin_cuenta,0.0,3759000.0,30.0,libre_inversion,al_dia,bueno
3256,38.0,M,informal,arrendada,bajo,bajo,348000.0,,21.0,electrodomesticos,al_dia,bueno
3257,47.0,M,informal,familiar,,bajo,150000.0,3456000.0,18.0,educacion,mora_severa,bueno
3258,47.0,M,informal,propia,bajo,bajo,134000.0,3616000.0,12.0,libre_inversion,al_dia,bueno
3259,35.0,M,formal_calificado,arrendada,bajo,sin_cuenta,0.0,25804000.0,36.0,libre_inversion,al_dia,bueno
3260,45.0,M,formal_calificado,familiar,bajo,sin_cuenta,0.0,17577000.0,51.0,vehiculo,al_dia,bueno
3261,51.0,M,informal,familiar,bajo,sin_cuenta,0.0,2635000.0,15.0,electrodomesticos,al_dia,bueno
3262,30.0,F,formal_no_calificado,propia,bajo,medio,617000.0,1896000.0,27.0,remodelacion,al_dia,bueno
3263,,F,informal,arrendada,medio,bajo,84000.0,2905000.0,27.0,electrodomesticos,al_dia,bueno
3264,22.0,M,informal,arrendada,bajo,bajo,,10414000.0,27.0,libre_inversion,mora_severa,malo
3265,24.0,M,formal_no_calificado,propia,bajo,medio,1532000.0,2926000.0,9.0,negocio,al_dia,bueno
3266,31.0,M,formal_calificado,propia,bajo,sin_cuenta,0.0,6342000.0,36.0,libre_inversion,al_dia,bueno
3267,22.0,M,formal_calificado,arrendada,bajo,sin_cuenta,0.0,10946000.0,9.0,negocio,mora_severa,bueno
3268,41.0,F,informal,propia,bajo,bajo,97000.0,6249000.0,27.0,electrodomesticos,al_dia,bueno
3269,29.0,M,formal_no_calificado,arrendada,bajo,medio,366000.0,10332000.0,39.0,libre_inversion,mora_severa,malo
3270,33.0,F,informal,propia,bajo,medio,354000.0,4879000.0,15.0,vehiculo,sin_creditos_previos,bueno
3271,33.0,M,informal,propia,bajo,sin_cuenta,0.0,5272000.0,21.0,remodelacion,al_dia,bueno
3272,31.0,M,informal,arrendada,bajo,sin_cuenta,0.0,24002000.0,30.0,negocio,al_dia,malo
3273,27.0,F,informal,propia,medio,sin_cuenta,0.0,,18.0,electrodomesticos,al_dia,bueno
3274,,M,informal,propia,bajo,sin_cuenta,0.0,1649000.0,12.0,otros,al_dia,bueno
3275,29.0,M,informal,propia,alto,alto,4987000.0,4096000.0,27.0,vehiculo,al_dia,bueno
3276,33.0,M,formal_calificado,propia,bajo,sin_cuenta,0.0,1827000.0,9.0,libre_inversion,sin_creditos_previos,bueno
3277,38.0,F,informal,arrendada,bajo,sin_cuenta,0.0,3014000.0,6.0,vehiculo,al_dia,bueno
3278,51.0,M,informal,familiar,bajo,sin_cuenta,0.0,10842000.0,21.0,remodelacion,al_dia,bueno
3279,49.0,F,alta_calificacion,arrendada,medio,medio,380000.0,3283000.0,18.0,libre_inversion,al_dia,bueno
3280,,F,formal_calificado,propia,bajo,bajo,80000.0,4303000.0,27.0,libre_inversion,al_dia,bueno
3281,27.0,F,informal,propia,bajo,sin_cuenta,0.0,7824000.0,21.0,remodelacion,al_dia,bueno
3282,55.0,F,informal,familiar,bajo,bajo,,11580000.0,57.0,vehiculo,al_dia,malo
3283,29.0,F,informal,propia,,sin_cuenta,0.0,7106000.0,39.0,educacion,al_dia,malo
3284,42.0,F,alta_calificacion,propia,bajo,sin_cuenta,0.0,4545000.0,24.0,libre_inversion,al_dia,bueno
3285,22.0,M,informal,propia,medio,alto,1413000.0,11166000.0,36.0,vehiculo,sin_creditos_previos,bueno
3286,20.0,F,informal,arrendada,medio,medio,509000.0,9917000.0,,electrodomesticos,al_dia,bueno
3287,35.0,F,formal_calificado,arrendada,bajo,bajo,123000.0,8977000.0,42.0,otros,sin_creditos_previos,malo
3288,32.0,M,formal_calificado,propia,medio,bajo,255000.0,1820000.0,12.0,libre_inversion,sin_creditos_previos,bueno
3289,44.0,F,informal,propia,bajo,bajo,131000.0,2101000.0,12.0,libre_inversion,al_dia,bueno
3290,27.0,M,informal,arrendada,bajo,medio,702000.0,,45.0,libre_inversion,al_dia,malo
3291,37.0,F,informal,propia,bajo,sin_cuenta,0.0,1833000.0,21.0,otros,al_dia,bueno
3292,43.0,M,informal,arrendada,medio,medio,465000.0,1651000.0,21.0,libre_inversion,al_dia,malo
3293,28.0,M,informal,familiar,bajo,bajo,174000.0,3126000.0,27.0,educacion,mora_severa,malo
3294,31.0,M,formal_calificado,propia,bajo,sin_cuenta,0.0,2804000.0,18.0,electrodomesticos,mora_severa,bueno
3295,25.0,M,formal_calificado,propia,bajo,sin_cuenta,0.0,16514000.0,48.0,educacion,al_dia,bueno
3296,44.0,M,formal_calificado,arrendada,bajo,medio,1039000.0,7438000.0,24.0,vehiculo,mora_severa,bueno
3297,,M,formal_calificado,arrendada,bajo,alto,2255000.0,8156000.0,33.0,vehiculo,al_dia,bueno
3298,42.0,F,formal_no_calificado,arrendada,bajo,sin_cuenta,0.0,1858000.0,15.0,otros,mora_severa,malo
3299,32.0,M,informal,arrendada,bajo,sin_cuenta,0.0,1527000.0,18.0,libre_inversion,mora_severa,bueno
3300,,F,formal_calificado,arrendada,bajo,medio,596000.0,5781000.0,12.0,remodelacion,al_dia,bueno
3301,32.0,F,informal,arrendada,bajo,medio,566000.0,4610000.0,30.0,otros,al_dia,bueno
3302,59.0,M,informal,propia,medio,bajo,171000.0,3829000.0,18.0,libre_inversion,mora_severa,bueno
3303,34.0,M,informal,propia,bajo,medio,287000.0,13121000.0,30.0,negocio,mora_severa,bueno
3304,48.0,M,formal_calificado,propia,bajo,medio,1626000.0,10753000.0,30.0,libre_inversion,al_dia,bueno
3305,32.0,M,,arrendada,medio,sin_cuenta,0.0,2110000.0,12.0,libre_inversion,al_dia,bueno
3306,53.0,M,formal_no_calificado,arrendada,,sin_cuenta,0.0,2246000.0,18.0,libre_inversion,mora_leve,malo
3307,27.0,F,formal_no_calificado,arrendada,medio,sin_cuenta,0.0,2567000.0,12.0,educacion,mora_severa,malo
3308,39.0,F,formal_calificado,arrendada,bajo,medio,582000.0,2206000.0,12.0,libre_inversion,mora_severa,bueno
3309,28.0,M,informal,familiar,bajo,bajo,205000.0,2381000.0,9.0,vehiculo,al_dia,bueno
3310,37.0,F,informal,arrendada,bajo,alto,2929000.0,1506000.0,12.0,remodelacion,al_dia,bueno
3311,29.0,M,formal_calificado,arrendada,alto,medio,1469000.0,3481000.0,15.0,libre_inversion,al_dia,bueno
3312,34.0,F,formal_no_calificado,propia,bajo,medio,424000.0,22093000.0,66.0,libre_inversion,al_dia,bueno
3313,30.0,F,informal,arrendada,bajo,sin_cuenta,0.0,7756000.0,18.0,libre_inversion,al_dia,malo
3314,42.0,M,informal,arrendada,bajo,sin_cuenta,0.0,4299000.0,33.0,libre_inversion,mora_leve,malo
3315,40.0,F,alta_calificacion,familiar,medio,alto,2165000.0,20082000.0,27.0,vehiculo,al_dia,malo
3316,28.0,F,informal,familiar,bajo,bajo,98000.0,1904000.0,24.0,electrodomesticos,mora_severa,malo
3317,28.0,M,formal_calificado,propia,bajo,alto,762000.0,5954000.0,33.0,otros,al_dia,bueno
3318,25.0,M,formal_calificado,familiar,,sin_cuenta,0.0,8609000.0,24.0,remodelacion,al_dia,bueno
3319,25.0,F,formal_calificado,arrendada,bajo,bajo,279000.0,2753000.0,12.0,otros,al_dia,malo
3320,43.0,M,informal,arrendada,bajo,bajo,80000.0,9728000.0,24.0,educacion,al_dia,malo
3321,26.0,M,formal_no_calificado,arrendada,alto,sin_cuenta,0.0,3132000.0,30.0,otros,al_dia,bueno
3322,38.0,F,informal,propia,bajo,bajo,167000.0,2153000.0,12.0,libre_inversion,al_dia,bueno
3323,,M,informal,familiar,bajo,medio,943000.0,4120000.0,24.0,libre_inversion,al_dia,bueno
3324,47.0,M,informal,propia,alto,bajo,79000.0,18161000.0,33.0,vehiculo,mora_severa,bueno
3325,65.0,F,informal,arrendada,muy_alto,bajo,151000.0,2524000.0,21.0,electrodomesticos,mora_severa,bueno
3326,19.0,M,informal,propia,alto,medio,438000.0,12080000.0,54.0,educacion,al_dia,bueno
3327,27.0,M,formal_no_calificado,propia,medio,medio,1588000.0,1810000.0,15.0,electrodomesticos,al_dia,bueno
3328,29.0,F,informal,arrendada,muy_alto,medio,1106000.0,3699000.0,18.0,otros,mora_leve,bueno
3329,32.0,M,informal,arrendada,bajo,bajo,278000.0,,27.0,libre_inversion,mora_leve,malo
3330,31.0,F,informal,familiar,alto,bajo,227000.0,1208000.0,15.0,electrodomesticos,al_dia,bueno
3331,24.0,F,formal_calificado,arrendada,bajo,bajo,307000.0,2666000.0,15.0,remodelacion,mora_severa,bueno
3332,65.0,M,informal,arrendada,bajo,alto,2921000.0,4669000.0,39.0,libre_inversion,al_dia,bueno
3333,32.0,M,formal_calificado,familiar,bajo,medio,953000.0,3465000.0,18.0,educacion,mora_leve,bueno
3334,40.0,F,informal,arrendada,bajo,bajo,136000.0,10291000.0,,remodelacion,al_dia,bueno
3335,40.0,F,formal_no_calificado,arrendada,medio,sin_cuenta,0.0,,12.0,libre_inversion,al_dia,bueno
3336,23.0,M,formal_calificado,familiar,alto,medio,401000.0,4921000.0,18.0,vehiculo,al_dia,bueno
3337,30.0,M,formal_no_calificado,arrendada,bajo,sin_cuenta,0.0,9346000.0,15.0,remodelacion,al_dia,malo
3338,43.0,M,formal_no_calificado,arrendada,medio,sin_cuenta,0.0,1640000.0,18.0,educacion,al_dia,bueno
3339,55.0,F,alta_calificacion,arrendada,medio,bajo,281000.0,2406000.0,12.0,vehiculo,al_dia,bueno
3340,31.0,F,informal,arrendada,bajo,medio,1704000.0,3884000.0,15.0,remodelacion,mora_severa,bueno
3341,23.0,M,informal,arrendada,bajo,sin_cuenta,0.0,1879000.0,21.0,libre_inversion,al_dia,bueno
3342,28.0,F,alta_calificacion,arrendada,bajo,sin_cuenta,0.0,1979000.0,6.0,vehiculo,al_dia,bueno
3343,30.0,M,formal_calificado,arrendada,bajo,medio,1832000.0,6367000.0,15.0,libre_inversion,mora_severa,malo
3344,30.0,M,formal_no_calificado,propia,,bajo,107000.0,2662000.0,27.0,electrodomesticos,mora_severa,bueno
3345,26.0,F,informal,propia,alto,sin_cuenta,0.0,1552000.0,12.0,libre_inversion,al_dia,bueno
3346,23.0,M,informal,arrendada,bajo,sin_cuenta,0.0,1309000.0,21.0,electrodomesticos,mora_leve,malo
3347,25.0,F,,propia,bajo,medio,485000.0,,12.0,otros,mora_severa,bueno
3348,29.0,M,formal_calificado,arrendada,bajo,sin_cuenta,0.0,2787000.0,18.0,otros,al_dia,bueno
3349,43.0,F,informal,propia,medio,sin_cuenta,0.0,5741000.0,6.0,vehiculo,al_dia,bueno
3350,49.0,F,informal,propia,alto,alto,,4589000.0,24.0,educacion,mora_severa,bueno
3351,37.0,M,formal_calificado,familiar,bajo,bajo,124000.0,2458000.0,15.0,otros,al_dia,bueno
3352,25.0,M,formal_no_calificado,arrendada,medio,bajo,176000.0,3859000.0,30.0,electrodomesticos,al_dia,bueno
3353,29.0,F,alta_calificacion,arrendada,bajo,bajo,271000.0,3966000.0,18.0,vehiculo,mora_severa,bueno
3354,21.0,M,informal,propia,bajo,medio,653000.0,956000.0,15.0,libre_inversion,mora_severa,bueno
3355,55.0,F,informal,propia,bajo,bajo,117000.0,5715000.0,15.0,libre_inversion,mora_severa,malo
3356,28.0,F,informal,propia,bajo,bajo,247000.0,6041000.0,15.0,negocio,al_dia,bueno
3357,38.0,M,formal_no_calificado,propia,bajo,medio,994000.0,4888000.0,15.0,libre_inversion,al_dia,bueno
3358,48.0,F,informal,propia,,sin_cuenta,0.0,2620000.0,12.0,libre_inversion,mora_leve,malo
3359,62.0,M,informal,arrendada,bajo,bajo,187000.0,4470000.0,12.0,educacion,sin_creditos_previos,bueno
3360,45.0,M,informal,propia,muy_alto,sin_cuenta,0.0,7043000.0,51.0,negocio,mora_severa,malo
3361,30.0,M,informal,arrendada,alto,medio,202000.0,3532000.0,18.0,libre_inversion,sin_creditos_previos,bueno
3362,40.0,F,formal_calificado,arrendada,bajo,medio,1122000.0,1798000.0,6.0,remodelacion,sin_creditos_previos,bueno
3363,61.0,F,informal,propia,,medio,1049000.0,5750000.0,9.0,vehiculo,sin_creditos_previos,malo
3364,28.0,M,formal_no_calificado,familiar,muy_alto,bajo,,11280000.0,51.0,libre_inversion,mora_severa,malo
3365,23.0,M,formal_no_calificado,arrendada,bajo,bajo,,2957000.0,18.0,electrodomesticos,al_dia,malo
3366,26.0,M,informal,propia,bajo,medio,438000.0,2196000.0,9.0,educacion,al_dia,bueno
3367,38.0,F,,arrendada,bajo,sin_cuenta,0.0,3062000.0,33.0,libre_inversion,al_dia,bueno
3368,30.0,M,formal_calificado,arrendada,medio,alto,895000.0,1775000.0,12.0,libre_inversion,mora_severa,bueno
3369,33.0,M,formal_no_calificado,arrendada,bajo,sin_cuenta,0.0,4267000.0,18.0,negocio,mora_severa,bueno
3370,,M,formal_no_calificado,familiar,medio,bajo,129000.0,5344000.0,21.0,otros,al_dia,bueno
3371,26.0,M,formal_calificado,propia,bajo,medio,179000.0,2105000.0,12.0,electrodomesticos,mora_severa,bueno
3372,32.0,F,alta_calificacion,arrendada,bajo,medio,,5887000.0,15.0,libre_inversion,al_dia,malo
3373,29.0,F,formal_calificado,familiar,medio,bajo,154000.0,6377000.0,27.0,libre_inversion,mora_leve,malo
3374,60.0,M,informal,arrendada,bajo,bajo,199000.0,6504000.0,39.0,libre_inversion,al_dia,bueno
3375,44.0,M,formal_no_calificado,familiar,alto,bajo,100000.0,10238000.0,30.0,libre_inversion,mora_severa,bueno
3376,30.0,M,formal_no_calificado,arrendada,bajo,bajo,75000.0,,24.0,remodelacion,al_dia,bueno
3377,30.0,F,informal,arrendada,bajo,bajo,,2488000.0,15.0,libre_inversion,mora_severa,bueno
3378,62.0,M,informal,arrendada,bajo,medio,320000.0,2904000.0,24.0,libre_inversion,mora_leve,bueno
3379,60.0,M,formal_calificado,arrendada,bajo,sin_cuenta,0.0,3478000.0,27.0,remodelacion,mora_severa,bueno
3380,39.0,M,informal,propia,bajo,medio,249000.0,4314000.0,39.0,libre_inversion,al_dia,bueno
3381,33.0,M,formal_calificado,arrendada,bajo,sin_cuenta,0.0,2527000.0,18.0,libre_inversion,al_dia,bueno
3382,24.0,F,alta_calificacion,propia,bajo,medio,732000.0,8738000.0,63.0,electrodomesticos,al_dia,bueno
3383,26.0,M,informal,arrendada,bajo,sin_cuenta,0.0,5202000.0,33.0,libre_inversion,al_dia,malo
3384,23.0,M,informal,arrendada,bajo,bajo,255000.0,,18.0,remodelacion,al_dia,bueno
3385,49.0,F,alta_calificacion,familiar,bajo,sin_cuenta,0.0,7393000.0,36.0,libre_inversion,mora_leve,bueno
3386,24.0,M,informal,propia,bajo,sin_cuenta,0.0,967000.0,15.0,libre_inversion,al_dia,malo
3387,30.0,M,formal_calificado,arrendada,alto,bajo,287000.0,4373000.0,12.0,vehiculo,mora_leve,bueno
3388,21.0,F,,arrendada,bajo,bajo,49000.0,1458000.0,9.0,remodelacion,mora_severa,bueno
3389,22.0,M,informal,arrendada,bajo,bajo,170000.0,4286000.0,51.0,libre_inversion,al_dia,bueno
3390,42.0,F,informal,propia,bajo,alto,1002000.0,5060000.0,15.0,negocio,mora_severa,bueno
3391,37.0,M,informal,arrendada,medio,sin_cuenta,0.0,8192000.0,27.0,negocio,al_dia,malo
3392,34.0,F,,arrendada,bajo,sin_cuenta,0.0,4632000.0,33.0,electrodomesticos,al_dia,malo
3393,30.0,F,informal,propia,bajo,bajo,130000.0,4018000.0,15.0,libre_inversion,al_dia,bueno
3394,22.0,M,informal,arrendada,alto,medio,1233000.0,2504000.0,18.0,libre_inversion,mora_severa,malo
3395,29.0,M,formal_calificado,propia,alto,sin_cuenta,0.0,689000.0,6.0,otros,mora_severa,bueno
3396,32.0,F,,propia,alto,bajo,338000.0,2302000.0,12.0,libre_inversion,mora_leve,bueno
3397,41.0,M,informal,familiar,bajo,medio,530000.0,1437000.0,9.0,libre_inversion,mora_severa,bueno
3398,48.0,M,formal_calificado,propia,bajo,bajo,143000.0,63522000.0,57.0,vehiculo,al_dia,malo
3399,43.0,F,informal,propia,bajo,medio,1146000.0,3200000.0,18.0,libre_inversion,al_dia,bueno
3400,37.0,F,formal_calificado,familiar,bajo,sin_cuenta,0.0,2312000.0,12.0,libre_inversion,sin_creditos_previos,bueno
3401,34.0,F,formal_calificado,propia,bajo,sin_cuenta,0.0,1886000.0,15.0,libre_inversion,mora_severa,bueno
3402,36.0,F,formal_calificado,arrendada,bajo,bajo,226000.0,2291000.0,18.0,educacion,mora_severa,bueno
3403,28.0,F,formal_no_calificado,arrendada,bajo,sin_cuenta,0.0,1047000.0,12.0,libre_inversion,al_dia,bueno
3404,35.0,F,alta_calificacion,arrendada,bajo,bajo,126000.0,4665000.0,27.0,educacion,mora_leve,bueno
3405,32.0,F,informal,arrendada,bajo,sin_cuenta,0.0,9350000.0,33.0,vehiculo,mora_severa,malo
3406,74.0,F,formal_calificado,arrendada,bajo,bajo,108000.0,5588000.0,18.0,libre_inversion,al_dia,bueno
3407,36.0,F,formal_calificado,familiar,medio,medio,889000.0,2752000.0,,educacion,al_dia,bueno
3408,20.0,M,informal,arrendada,bajo,alto,1989000.0,2685000.0,15.0,remodelacion,mora_severa,bueno
3409,29.0,F,alta_calificacion,arrendada,bajo,sin_cuenta,0.0,2932000.0,12.0,remodelacion,al_dia,bueno
3410,31.0,M,formal_calificado,familiar,muy_alto,sin_cuenta,0.0,3149000.0,18.0,libre_inversion,al_dia,bueno
3411,45.0,F,formal_calificado,propia,,medio,281000.0,8849000.0,27.0,remodelacion,al_dia,bueno
3412,38.0,F,,familiar,alto,bajo,258000.0,17104000.0,45.0,educacion,al_dia,bueno
3413,37.0,F,formal_calificado,familiar,medio,bajo,311000.0,3850000.0,24.0,otros,al_dia,bueno
3414,53.0,M,informal,familiar,muy_alto,medio,440000.0,3561000.0,27.0,remodelacion,mora_severa,bueno
3415,60.0,M,alta_calificacion,propia,bajo,bajo,76000.0,5326000.0,18.0,vehiculo,mora_severa,bueno
3416,42.0,M,,arrendada,bajo,bajo,323000.0,7142000.0,33.0,educacion,mora_severa,bueno
3417,30.0,F,formal_no_calificado,familiar,bajo,medio,1086000.0,1187000.0,12.0,libre_inversion,al_dia,bueno
3418,30.0,F,informal,propia,medio,bajo,91000.0,2573000.0,9.0,vehiculo,al_dia,bueno
3419,18.0,M,formal_calificado,arrendada,,medio,438000.0,1797000.0,18.0,educacion,al_dia,bueno
3420,50.0,M,informal,propia,,medio,937000.0,9115000.0,24.0,vehiculo,al_dia,bueno
3421,30.0,M,formal_calificado,propia,muy_alto,bajo,40000.0,1011000.0,9.0,libre_inversion,al_dia,bueno
3422,33.0,M,formal_calificado,familiar,bajo,medio,477000.0,7168000.0,48.0,libre_inversion,mora_severa,bueno
3423,29.0,F,informal,familiar,bajo,sin_cuenta,0.0,2081000.0,12.0,libre_inversion,mora_severa,malo
3424,25.0,F,formal_calificado,propia,medio,medio,888000.0,2369000.0,15.0,negocio,mora_severa,bueno
3425,,F,formal_calificado,propia,bajo,sin_cuenta,0.0,5130000.0,24.0,remodelacion,al_dia,bueno
3426,33.0,M,informal,arrendada,bajo,sin_cuenta,0.0,2879000.0,24.0,educacion,mora_leve,malo
3427,56.0,M,informal,propia,bajo,medio,756000.0,20069000.0,36.0,negocio,mora_severa,malo
3428,30.0,F,informal,arrendada,bajo,medio,521000.0,17372000.0,30.0,vehiculo,al_dia,bueno
3429,28.0,F,informal,arrendada,bajo,medio,874000.0,4315000.0,12.0,educacion,al_dia,bueno
3430,,M,formal_no_calificado,arrendada,medio,medio,182000.0,5161000.0,15.0,vehiculo,sin_creditos_previos,bueno
3431,48.0,F,formal_no_calificado,arrendada,bajo,alto,1229000.0,6296000.0,27.0,educacion,mora_severa,malo
3432,49.0,M,formal_no_calificado,propia,bajo,bajo,164000.0,3534000.0,18.0,remodelacion,mora_severa,bueno
3433,32.0,M,alta_calificacion,propia,muy_alto,medio,329000.0,2619000.0,12.0,otros,mora_severa,bueno
3434,43.0,F,informal,familiar,medio,sin_cuenta,0.0,2778000.0,6.0,educacion,al_dia,malo
3435,29.0,F,formal_calificado,propia,bajo,sin_cuenta,0.0,4350000.0,39.0,libre_inversion,mora_severa,malo
3436,34.0,F,formal_calificado,propia,muy_alto,sin_cuenta,0.0,3974000.0,15.0,remodelacion,al_dia,bueno
3437,31.0,M,formal_calificado,arrendada,bajo,alto,926000.0,2173000.0,27.0,libre_inversion,al_dia,bueno
3438,29.0,M,formal_no_calificado,propia,bajo,sin_cuenta,0.0,1306000.0,12.0,electrodomesticos,mora_severa,bueno
3439,35.0,F,informal,arrendada,,sin_cuenta,0.0,4220000.0,24.0,libre_inversion,al_dia,bueno
3440,25.0,F,formal_calificado,familiar,bajo,sin_cuenta,0.0,953000.0,6.0,electrodomesticos,mora_leve,bueno
3441,46.0,M,formal_calificado,propia,bajo,sin_cuenta,0.0,3417000.0,12.0,educacion,al_dia,bueno
3442,29.0,M,formal_calificado,arrendada,medio,bajo,,5147000.0,15.0,libre_inversion,mora_severa,malo
3443,45.0,M,informal,propia,bajo,sin_cuenta,0.0,1165000.0,12.0,libre_inversion,al_dia,bueno
3444,26.0,F,formal_no_calificado,arrendada,bajo,medio,463000.0,5868000.0,12.0,vehiculo,mora_leve,bueno
3445,29.0,F,informal,propia,bajo,medio,,12543000.0,30.0,libre_inversion,mora_severa,bueno
3446,25.0,M,formal_no_calificado,familiar,bajo,bajo,66000.0,2333000.0,15.0,libre_inversion,al_dia,bueno
3447,24.0,M,formal_calificado,propia,bajo,bajo,50000.0,2068000.0,12.0,remodelacion,mora_severa,bueno
3448,27.0,M,informal,arrendada,bajo,medio,270000.0,3565000.0,15.0,remodelacion,sin_creditos_previos,malo
3449,26.0,F,informal,familiar,bajo,bajo,121000.0,,6.0,electrodomesticos,al_dia,bueno
3450,25.0,M,informal,arrendada,bajo,sin_cuenta,0.0,2618000.0,15.0,libre_inversion,mora_leve,malo
3451,34.0,M,informal,arrendada,medio,sin_cuenta,0.0,4012000.0,15.0,electrodomesticos,al_dia,bueno
3452,41.0,F,,propia,bajo,sin_cuenta,0.0,8020000.0,15.0,otros,al_dia,bueno
3453,41.0,M,informal,arrendada,bajo,bajo,112000.0,,9.0,vehiculo,mora_severa,malo
3454,22.0,F,informal,arrendada,bajo,bajo,370000.0,20516000.0,21.0,vehiculo,mora_severa,malo
3455,31.0,F,formal_no_calificado,propia,bajo,medio,,2056000.0,18.0,electrodomesticos,mora_severa,bueno
3456,30.0,M,formal_calificado,arrendada,muy_alto,bajo,164000.0,10260000.0,39.0,libre_inversion,al_dia,bueno
3457,53.0,F,informal,arrendada,bajo,sin_cuenta,0.0,3427000.0,30.0,libre_inversion,mora_severa,malo
3458,31.0,F,informal,arrendada,bajo,bajo,253000.0,1800000.0,12.0,remodelacion,mora_leve,bueno
3459,33.0,F,,familiar,muy_alto,medio,711000.0,2014000.0,12.0,libre_inversion,mora_severa,malo
3460,23.0,F,informal,arrendada,bajo,sin_cuenta,0.0,5836000.0,30.0,electrodomesticos,al_dia,malo
3461,26.0,M,informal,arrendada,bajo,sin_cuenta,0.0,4484000.0,12.0,vehiculo,mora_severa,bueno
3462,23.0,M,formal_no_calificado,arrendada,bajo,medio,684000.0,1877000.0,12.0,vehiculo,mora_severa,bueno
3463,34.0,M,alta_calificacion,arrendada,bajo,bajo,185000.0,1503000.0,21.0,electrodomesticos,mora_severa,malo
3464,54.0,M,informal,arrendada,bajo,sin_cuenta,0.0,1041000.0,12.0,libre_inversion,mora_leve,bueno
3465,27.0,M,alta_calificacion,propia,bajo,bajo,417000.0,8033000.0,21.0,vehiculo,al_dia,bueno
3466,31.0,M,informal,arrendada,medio,bajo,,917000.0,6.0,electrodomesticos,al_dia,bueno
3467,26.0,F,informal,arrendada,bajo,sin_cuenta,0.0,,15.0,remodelacion,al_dia,bueno
3468,28.0,M,informal,propia,bajo,medio,566000.0,10165000.0,33.0,negocio,mora_leve,malo
3469,35.0,F,formal_calificado,propia,bajo,bajo,154000.0,1815000.0,12.0,educacion,al_dia,bueno
3470,64.0,F,formal_no_calificado,propia,medio,sin_cuenta,0.0,2212000.0,15.0,electrodomesticos,sin_creditos_previos,bueno
3471,53.0,M,formal_no_calificado,propia,alto,medio,425000.0,5687000.0,15.0,libre_inversion,al_dia,bueno
3472,59.0,F,alta_calificacion,propia,bajo,bajo,62000.0,3788000.0,15.0,libre_inversion,mora_severa,bueno
3473,45.0,M,formal_no_calificado,arrendada,bajo,alto,2752000.0,701000.0,,libre_inversion,mora_severa,bueno
3474,31.0,F,informal,arrendada,bajo,sin_cuenta,0.0,4786000.0,30.0,libre_inversion,sin_creditos_previos,malo
3475,30.0,F,formal_calificado,propia,,bajo,265000.0,2566000.0,18.0,libre_inversion,al_dia,bueno
3476,27.0,F,informal,familiar,alto,medio,,7968000.0,24.0,remodelacion,al_dia,bueno
3477,19.0,F,formal_no_calificado,arrendada,bajo,medio,1021000.0,2629000.0,33.0,electrodomesticos,mora_severa,malo
3478,31.0,F,formal_calificado,propia,bajo,medio,409000.0,3158000.0,15.0,libre_inversion,mora_leve,bueno
3479,54.0,F,formal_no_calificado,familiar,medio,bajo,318000.0,3946000.0,21.0,remodelacion,mora_severa,bueno
3480,54.0,F,,arrendada,medio,medio,,,6.0,educacion,al_dia,bueno
3481,75.0,M,formal_no_calificado,arrendada,bajo,sin_cuenta,0.0,1338000.0,6.0,libre_inversion,al_dia,malo
3482,35.0,F,informal,propia,bajo,medio,772000.0,3107000.0,18.0,libre_inversion,mora_severa,bueno
3483,24.0,F,informal,familiar,bajo,bajo,275000.0,4389000.0,9.0,vehiculo,al_dia,bueno
3484,40.0,M,formal_no_calificado,propia,bajo,sin_cuenta,0.0,3603000.0,24.0,libre_inversion,al_dia,bueno
3485,65.0,F,informal,arrendada,medio,sin_cuenta,0.0,2907000.0,27.0,libre_inversion,al_dia,bueno
3486,57.0,F,informal,familiar,bajo,sin_cuenta,0.0,1500000.0,12.0,electrodomesticos,al_dia,bueno
3487,29.0,F,formal_no_calificado,familiar,medio,sin_cuenta,0.0,3593000.0,24.0,electrodomesticos,al_dia,bueno
3488,24.0,M,informal,arrendada,bajo,sin_cuenta,0.0,4270000.0,15.0,educacion,al_dia,bueno
3489,24.0,F,informal,propia,bajo,sin_cuenta,0.0,6104000.0,36.0,libre_inversion,mora_severa,bueno
3490,27.0,F,alta_calificacion,propia,bajo,medio,1360000.0,4161000.0,9.0,negocio,mora_severa,bueno
3491,29.0,M,informal,familiar,bajo,bajo,151000.0,1836000.0,18.0,libre_inversion,mora_severa,bueno
3492,30.0,F,informal,arrendada,bajo,sin_cuenta,0.0,10968000.0,21.0,vehiculo,mora_leve,bueno
3493,42.0,F,formal_calificado,familiar,bajo,medio,335000.0,6674000.0,27.0,libre_inversion,mora_leve,bueno
3494,30.0,M,informal,propia,medio,sin_cuenta,0.0,4116000.0,27.0,libre_inversion,sin_creditos_previos,bueno
3495,,F,alta_calificacion,familiar,muy_alto,bajo,67000.0,5246000.0,15.0,educacion,al_dia,bueno
3496,22.0,M,formal_no_calificado,propia,bajo,medio,1262000.0,3357000.0,15.0,libre_inversion,al_dia,bueno
3497,27.0,F,formal_no_calificado,propia,bajo,medio,795000.0,4277000.0,12.0,libre_inversion,mora_severa,bueno
3498,26.0,F,informal,familiar,medio,bajo,155000.0,5373000.0,36.0,remodelacion,sin_creditos_previos,bueno
3499,,M,,arrendada,bajo,bajo,108000.0,5976000.0,45.0,libre_inversion,al_dia,bueno
3500,30.0,M,formal_calificado,arrendada,bajo,sin_cuenta,0.0,1108000.0,6.0,electrodomesticos,al_dia,bueno
3501,21.0,M,informal,arrendada,alto,bajo,,9070000.0,30.0,negocio,al_dia,bueno
3502,29.0,M,formal_calificado,familiar,bajo,sin_cuenta,0.0,2577000.0,27.0,libre_inversion,mora_severa,malo
3503,35.0,F,formal_calificado,propia,bajo,bajo,126000.0,2925000.0,6.0,libre_inversion,mora_severa,bueno
3504,55.0,M,formal_calificado,propia,bajo,alto,2156000.0,22125000.0,30.0,vehiculo,al_dia,bueno
3505,26.0,M,informal,arrendada,bajo,medio,310000.0,12336000.0,39.0,negocio,al_dia,bueno
3506,34.0,M,,familiar,,bajo,124000.0,3321000.0,,otros,al_dia,bueno
3507,,F,formal_calificado,familiar,bajo,medio,406000.0,1898000.0,12.0,educacion,al_dia,bueno
3508,22.0,F,informal,arrendada,bajo,medio,412000.0,12202000.0,48.0,remodelacion,mora_leve,malo
3509,55.0,M,formal_calificado,arrendada,,bajo,596000.0,20885000.0,33.0,vehiculo,mora_severa,bueno
3510,35.0,M,informal,arrendada,bajo,medio,,8990000.0,12.0,educacion,al_dia,bueno
3511,39.0,M,alta_calificacion,propia,medio,bajo,258000.0,4348000.0,24.0,educacion,mora_severa,bueno
3512,58.0,M,informal,propia,alto,medio,541000.0,3834000.0,24.0,libre_inversion,al_dia,bueno
3513,29.0,M,informal,propia,medio,sin_cuenta,0.0,1919000.0,9.0,remodelacion,al_dia,bueno
3514,24.0,F,formal_calificado,propia,bajo,bajo,310000.0,4619000.0,18.0,educacion,mora_severa,bueno
3515,26.0,F,informal,propia,bajo,sin_cuenta,0.0,4190000.0,21.0,negocio,al_dia,malo
3516,23.0,M,informal,propia,bajo,sin_cuenta,0.0,,15.0,remodelacion,mora_leve,malo
3517,49.0,F,informal,familiar,bajo,bajo,120000.0,7641000.0,42.0,educacion,al_dia,bueno
3518,66.0,F,formal_calificado,propia,bajo,medio,1097000.0,5262000.0,15.0,negocio,mora_severa,bueno
3519,35.0,M,informal,familiar,bajo,medio,953000.0,10146000.0,24.0,libre_inversion,al_dia,bueno
3520,42.0,M,formal_no_calificado,familiar,bajo,sin_cuenta,0.0,1463000.0,18.0,electrodomesticos,sin_creditos_previos,bueno
3521,46.0,F,formal_no_calificado,arrendada,bajo,sin_cuenta,0.0,6257000.0,12.0,negocio,mora_leve,bueno
3522,60.0,M,formal_no_calificado,arrendada,medio,sin_cuenta,0.0,4421000.0,21.0,remodelacion,al_dia,bueno
3523,65.0,F,informal,propia,bajo,sin_cuenta,0.0,2783000.0,18.0,otros,al_dia,bueno
3524,21.0,F,informal,propia,bajo,sin_cuenta,0.0,4223000.0,48.0,libre_inversion,al_dia,bueno
3525,28.0,F,alta_calificacion,arrendada,muy_alto,sin_cuenta,0.0,6736000.0,30.0,libre_inversion,mora_severa,malo
3526,33.0,M,formal_calificado,arrendada,,sin_cuenta,0.0,2036000.0,9.0,libre_inversion,sin_creditos_previos,bueno
3527,27.0,M,,arrendada,medio,sin_cuenta,0.0,6812000.0,12.0,libre_inversion,al_dia,bueno
3528,31.0,F,formal_calificado,familiar,medio,sin_cuenta,0.0,2415000.0,12.0,remodelacion,sin_creditos_previos,bueno
3529,38.0,M,formal_calificado,arrendada,bajo,medio,255000.0,4369000.0,6.0,vehiculo,mora_leve,bueno
3530,38.0,M,alta_calificacion,arrendada,bajo,alto,3452000.0,4393000.0,27.0,libre_inversion,mora_severa,bueno
3531,46.0,F,formal_no_calificado,propia,bajo,medio,274000.0,4485000.0,24.0,remodelacion,al_dia,bueno
3532,34.0,M,formal_calificado,familiar,muy_alto,sin_cuenta,0.0,942000.0,9.0,remodelacion,al_dia,bueno
3533,20.0,F,informal,familiar,bajo,sin_cuenta,0.0,3065000.0,9.0,libre_inversion,sin_creditos_previos,bueno
3534,30.0,F,informal,arrendada,bajo,bajo,84000.0,2246000.0,6.0,vehiculo,al_dia,bueno
3535,37.0,F,formal_no_calificado,arrendada,medio,medio,837000.0,2720000.0,,remodelacion,al_dia,bueno
3536,47.0,M,formal_no_calificado,arrendada,medio,bajo,309000.0,3955000.0,24.0,libre_inversion,al_dia,bueno
3537,,F,informal,propia,,medio,450000.0,11451000.0,51.0,educacion,mora_severa,bueno
3538,32.0,F,formal_no_calificado,familiar,,bajo,398000.0,1485000.0,9.0,remodelacion,mora_severa,bueno
3539,27.0,M,formal_no_calificado,arrendada,bajo,alto,1415000.0,5731000.0,21.0,remodelacion,mora_severa,bueno
3540,33.0,F,formal_calificado,arrendada,bajo,medio,542000.0,6253000.0,54.0,libre_inversion,al_dia,bueno
3541,21.0,M,informal,arrendada,muy_alto,sin_cuenta,0.0,3579000.0,18.0,educacion,sin_creditos_previos,malo
3542,28.0,M,informal,arrendada,bajo,sin_cuenta,0.0,4357000.0,18.0,libre_inversion,mora_severa,bueno
3543,50.0,F,formal_calificado,propia,alto,bajo,75000.0,10482000.0,18.0,negocio,mora_leve,bueno
3544,33.0,M,formal_no_calificado,arrendada,bajo,sin_cuenta,0.0,3806000.0,18.0,libre_inversion,al_dia,bueno
3545,37.0,M,formal_calificado,propia,bajo,bajo,119000.0,9325000.0,27.0,libre_inversion,mora_severa,bueno
3546,23.0,F,informal,propia,bajo,bajo,,13687000.0,66.0,remodelacion,al_dia,bueno
3547,47.0,M,informal,propia,bajo,bajo,217000.0,2620000.0,12.0,vehiculo,al_dia,bueno
3548,32.0,M,alta_calificacion,propia,medio,medio,807000.0,8231000.0,9.0,vehiculo,al_dia,bueno
3549,37.0,M,informal,familiar,bajo,sin_cuenta,0.0,1691000.0,9.0,libre_inversion,al_dia,bueno
3550,,F,,propia,bajo,medio,958000.0,8743000.0,27.0,educacion,al_dia,bueno
3551,46.0,F,informal,propia,bajo,sin_cuenta,0.0,5169000.0,21.0,vehiculo,al_dia,malo
3552,35.0,M,informal,arrendada,muy_alto,medio,303000.0,12405000.0,30.0,vehiculo,mora_leve,bueno
3553,32.0,F,formal_calificado,familiar,bajo,sin_cuenta,0.0,1428000.0,6.0,libre_inversion,mora_severa,bueno
3554,24.0,M,informal,arrendada,bajo,bajo,312000.0,2044000.0,15.0,electrodomesticos,mora_severa,bueno
3555,,M,informal,familiar,,alto,2109000.0,9271000.0,27.0,electrodomesticos,al_dia,malo
3556,35.0,M,formal_calificado,arrendada,bajo,sin_cuenta,0.0,1486000.0,6.0,libre_inversion,mora_severa,bueno
3557,37.0,M,informal,arrendada,bajo,medio,176000.0,3354000.0,21.0,libre_inversion,al_dia,bueno
3558,39.0,M,informal,arrendada,bajo,bajo,,8397000.0,18.0,remodelacion,mora_leve,bueno
3559,26.0,F,formal_no_calificado,propia,bajo,bajo,,3516000.0,45.0,libre_inversion,al_dia,malo
3560,28.0,F,informal,arrendada,bajo,medio,561000.0,814000.0,9.0,otros,mora_leve,bueno
3561,35.0,F,,arrendada,bajo,sin_cuenta,0.0,9277000.0,33.0,libre_inversion,sin_creditos_previos,bueno
3562,29.0,F,informal,arrendada,bajo,bajo,,3227000.0,15.0,libre_inversion,mora_severa,malo
3563,75.0,M,informal,arrendada,,sin_cuenta,0.0,939000.0,6.0,libre_inversion,al_dia,bueno
3564,28.0,M,informal,arrendada,bajo,medio,373000.0,,12.0,remodelacion,al_dia,bueno
3565,38.0,M,formal_calificado,arrendada,medio,bajo,92000.0,9249000.0,30.0,libre_inversion,al_dia,bueno
3566,44.0,M,informal,propia,bajo,sin_cuenta,0.0,3410000.0,30.0,libre_inversion,al_dia,bueno
3567,45.0,F,alta_calificacion,propia,bajo,sin_cuenta,0.0,4350000.0,24.0,libre_inversion,sin_creditos_previos,bueno
3568,29.0,M,informal,arrendada,bajo,bajo,402000.0,1818000.0,9.0,libre_inversion,al_dia,bueno
3569,,M,informal,propia,bajo,sin_cuenta,0.0,9511000.0,45.0,libre_inversion,al_dia,bueno
3570,38.0,M,formal_calificado,familiar,bajo,bajo,219000.0,8092000.0,18.0,vehiculo,mora_severa,malo
3571,40.0,F,informal,propia,bajo,alto,3542000.0,1336000.0,15.0,remodelacion,al_dia,bueno
3572,35.0,M,formal_no_calificado,propia,,sin_cuenta,0.0,4316000.0,,libre_inversion,al_dia,bueno
3573,44.0,F,formal_calificado,arrendada,,bajo,,1262000.0,9.0,vehiculo,mora_severa,bueno
3574,36.0,M,formal_calificado,propia,,medio,619000.0,1080000.0,6.0,otros,al_dia,bueno
3575,23.0,M,formal_no_calificado,arrendada,alto,alto,996000.0,2440000.0,18.0,remodelacion,mora_leve,bueno
3576,36.0,M,formal_calificado,propia,bajo,sin_cuenta,0.0,1205000.0,6.0,otros,al_dia,bueno
3577,37.0,F,informal,propia,bajo,medio,569000.0,7661000.0,30.0,libre_inversion,mora_leve,bueno
3578,43.0,F,formal_calificado,arrendada,bajo,sin_cuenta,0.0,12800000.0,39.0,vehiculo,mora_leve,malo
3579,35.0,M,informal,arrendada,bajo,medio,349000.0,8341000.0,63.0,libre_inversion,al_dia,bueno
3580,61.0,M,informal,arrendada,,sin_cuenta,0.0,1144000.0,12.0,otros,mora_severa,malo
3581,32.0,M,,propia,bajo,sin_cuenta,0.0,8636000.0,30.0,negocio,al_dia,bueno
3582,,M,informal,arrendada,alto,bajo,,707000.0,6.0,electrodomesticos,al_dia,bueno
3583,53.0,M,formal_calificado,arrendada,muy_alto,sin_cuenta,0.0,10183000.0,27.0,vehiculo,al_dia,bueno
3584,32.0,M,informal,propia,bajo,bajo,138000.0,,18.0,electrodomesticos,al_dia,bueno
3585,,F,informal,arrendada,alto,bajo,165000.0,13741000.0,24.0,negocio,al_dia,bueno
3586,37.0,F,formal_no_calificado,arrendada,bajo,alto,1473000.0,4799000.0,36.0,electrodomesticos,mora_leve,malo
3587,37.0,F,formal_no_calificado,familiar,muy_alto,bajo,198000.0,4938000.0,15.0,educacion,mora_severa,bueno
3588,40.0,F,alta_calificacion,familiar,bajo,medio,1882000.0,4165000.0,,remodelacion,mora_severa,bueno
3589,42.0,F,informal,arrendada,bajo,sin_cuenta,0.0,6403000.0,24.0,libre_inversion,al_dia,bueno
3590,28.0,F,informal,propia,bajo,alto,3976000.0,5916000.0,21.0,educacion,mora_leve,bueno
3591,24.0,M,informal,arrendada,bajo,bajo,372000.0,1704000.0,12.0,libre_inversion,al_dia,bueno
3592,25.0,M,formal_no_calificado,arrendada,medio,sin_cuenta,0.0,1385000.0,9.0,negocio,al_dia,bueno
3593,50.0,M,informal,familiar,bajo,bajo,109000.0,9124000.0,15.0,vehiculo,al_dia,bueno
3594,31.0,F,formal_calificado,arrendada,bajo,sin_cuenta,0.0,3241000.0,30.0,electrodomesticos,mora_leve,malo
3595,44.0,M,informal,propia,alto,sin_cuenta,0.0,2947000.0,21.0,libre_inversion,mora_leve,bueno
3596,42.0,M,alta_calificacion,familiar,bajo,sin_cuenta,0.0,3936000.0,24.0,libre_inversion,mora_severa,malo
3597,34.0,M,formal_no_calificado,arrendada,bajo,bajo,150000.0,3210000.0,24.0,educacion,al_dia,malo
3598,26.0,F,formal_calificado,propia,muy_alto,sin_cuenta,0.0,16910000.0,60.0,remodelacion,mora_leve,bueno
3599,43.0,F,informal,arrendada,bajo,medio,603000.0,7917000.0,27.0,negocio,al_dia,bueno
3600,34.0,F,informal,arrendada,bajo,sin_cuenta,0.0,1695000.0,12.0,electrodomesticos,al_dia,bueno
3601,,F,informal,arrendada,bajo,sin_cuenta,0.0,5889000.0,18.0,libre_inversion,mora_severa,malo
3602,29.0,F,formal_no_calificado,familiar,bajo,sin_cuenta,0.0,5872000.0,30.0,libre_inversion,al_dia,bueno
3603,22.0,M,formal_no_calificado,propia,bajo,bajo,101000.0,4414000.0,6.0,vehiculo,al_dia,bueno
3604,30.0,F,informal,propia,bajo,sin_cuenta,0.0,5922000.0,18.0,vehiculo,mora_severa,malo
3605,34.0,F,informal,propia,bajo,sin_cuenta,0.0,2465000.0,15.0,vehiculo,al_dia,bueno
3606,32.0,M,alta_calificacion,familiar,bajo,sin_cuenta,0.0,1177000.0,9.0,libre_inversion,mora_leve,bueno
3607,32.0,F,informal,propia,bajo,alto,2217000.0,1148000.0,9.0,otros,al_dia,bueno
3608,34.0,F,informal,arrendada,bajo,sin_cuenta,0.0,5345000.0,27.0,libre_inversion,al_dia,malo
3609,39.0,F,informal,arrendada,bajo,sin_cuenta,0.0,12663000.0,30.0,educacion,al_dia,malo
3610,45.0,F,informal,familiar,bajo,bajo,50000.0,2233000.0,15.0,electrodomesticos,mora_severa,bueno
3611,47.0,M,informal,propia,medio,bajo,283000.0,1836000.0,15.0,electrodomesticos,al_dia,bueno
3612,27.0,M,,propia,bajo,sin_cuenta,0.0,3475000.0,18.0,remodelacion,al_dia,bueno
3613,49.0,M,formal_no_calificado,familiar,medio,medio,436000.0,2461000.0,6.0,negocio,al_dia,bueno
3614,34.0,F,formal_calificado,arrendada,bajo,medio,631000.0,12368000.0,48.0,remodelacion,mora_severa,malo
3615,30.0,F,informal,propia,bajo,bajo,464000.0,,27.0,libre_inversion,al_dia,bueno
3616,25.0,F,informal,propia,bajo,bajo,258000.0,4025000.0,30.0,libre_inversion,al_dia,bueno
3617,19.0,F,,familiar,bajo,medio,799000.0,9232000.0,15.0,educacion,al_dia,bueno
3618,39.0,F,informal,familiar,bajo,sin_cuenta,0.0,7473000.0,27.0,vehiculo,al_dia,malo
3619,38.0,M,informal,arrendada,bajo,alto,1962000.0,1539000.0,9.0,remodelacion,mora_leve,malo
3620,28.0,M,formal_no_calificado,propia,bajo,sin_cuenta,0.0,13775000.0,24.0,vehiculo,mora_severa,malo
3621,29.0,M,formal_calificado,arrendada,medio,bajo,187000.0,5825000.0,18.0,educacion,al_dia,bueno
3622,32.0,F,informal,propia,bajo,sin_cuenta,0.0,2286000.0,9.0,vehiculo,mora_severa,bueno
3623,30.0,M,formal_calificado,familiar,alto,medio,422000.0,7475000.0,42.0,electrodomesticos,al_dia,malo
3624,27.0,F,informal,propia,alto,medio,,6508000.0,,negocio,sin_creditos_previos,bueno
3625,25.0,F,alta_calificacion,propia,bajo,bajo,495000.0,,63.0,electrodomesticos,sin_creditos_previos,bueno
3626,49.0,M,informal,propia,bajo,sin_cuenta,0.0,2614000.0,12.0,libre_inversion,mora_severa,bueno
3627,29.0,F,formal_calificado,propia,bajo,medio,258000.0,6762000.0,15.0,electrodomesticos,mora_severa,bueno
3628,38.0,F,informal,arrendada,bajo,alto,2141000.0,9744000.0,27.0,libre_inversion,al_dia,bueno
3629,41.0,F,formal_calificado,arrendada,bajo,sin_cuenta,0.0,2005000.0,6.0,libre_inversion,mora_leve,bueno
3630,39.0,M,formal_no_calificado,arrendada,bajo,sin_cuenta,0.0,4032000.0,21.0,electrodomesticos,al_dia,bueno
3631,,M,formal_calificado,arrendada,bajo,bajo,214000.0,2813000.0,27.0,libre_inversion,mora_severa,malo
3632,38.0,M,formal_calificado,propia,bajo,medio,269000.0,3375000.0,9.0,vehiculo,mora_severa,bueno
3633,28.0,M,formal_no_calificado,arrendada,alto,sin_cuenta,0.0,1977000.0,18.0,electrodomesticos,mora_severa,malo
3634,31.0,F,informal,arrendada,bajo,sin_cuenta,0.0,2290000.0,12.0,libre_inversion,mora_leve,malo
3635,49.0,F,informal,arrendada,bajo,bajo,263000.0,4720000.0,24.0,libre_inversion,al_dia,bueno
3636,29.0,F,alta_calificacion,propia,bajo,medio,248000.0,2631000.0,27.0,remodelacion,al_dia,bueno
3637,34.0,M,alta_calificacion,familiar,alto,sin_cuenta,0.0,2731000.0,18.0,otros,al_dia,bueno
3638,40.0,F,informal,propia,alto,bajo,,10309000.0,30.0,vehiculo,sin_creditos_previos,bueno
3639,56.0,M,informal,propia,bajo,medio,598000.0,2758000.0,9.0,libre_inversion,al_dia,bueno
3640,47.0,M,informal,propia,bajo,sin_cuenta,0.0,3508000.0,30.0,otros,al_dia,bueno
3641,26.0,F,informal,arrendada,bajo,sin_cuenta,0.0,9472000.0,48.0,negocio,al_dia,malo
3642,38.0,F,informal,propia,bajo,sin_cuenta,0.0,1080000.0,9.0,otros,mora_severa,bueno
3643,36.0,F,formal_calificado,propia,bajo,medio,775000.0,1537000.0,9.0,libre_inversion,mora_severa,bueno
3644,31.0,F,informal,arrendada,medio,medio,498000.0,3829000.0,39.0,otros,al_dia,malo
3645,34.0,M,formal_calificado,propia,bajo,medio,773000.0,11683000.0,21.0,negocio,mora_severa,bueno
3646,28.0,M,alta_calificacion,propia,bajo,bajo,194000.0,7300000.0,27.0,libre_inversion,mora_severa,bueno
3647,32.0,M,informal,arrendada,bajo,sin_cuenta,0.0,9766000.0,12.0,remodelacion,sin_creditos_previos,malo
3648,29.0,F,formal_no_calificado,arrendada,,bajo,150000.0,2259000.0,15.0,libre_inversion,mora_severa,bueno
3649,35.0,M,formal_no_calificado,propia,muy_alto,bajo,,17304000.0,36.0,vehiculo,mora_severa,bueno
3650,30.0,M,informal,propia,bajo,medio,768000.0,1155000.0,15.0,electrodomesticos,al_dia,bueno
3651,57.0,M,formal_calificado,propia,bajo,alto,4564000.0,4681000.0,12.0,libre_inversion,al_dia,bueno
3652,35.0,F,formal_no_calificado,familiar,bajo,bajo,,998000.0,6.0,otros,sin_creditos_previos,bueno
3653,33.0,F,informal,arrendada,muy_alto,bajo,,4372000.0,15.0,negocio,al_dia,bueno
3654,31.0,M,formal_calificado,propia,bajo,sin_cuenta,0.0,5099000.0,9.0,negocio,mora_severa,malo
3655,30.0,M,informal,familiar,bajo,bajo,98000.0,3159000.0,9.0,libre_inversion,mora_severa,bueno
3656,24.0,F,informal,arrendada,bajo,medio,490000.0,1735000.0,12.0,remodelacion,mora_leve,malo
3657,44.0,F,alta_calificacion,arrendada,bajo,medio,755000.0,8360000.0,30.0,negocio,sin_creditos_previos,bueno
3658,53.0,M,informal,familiar,,alto,,2373000.0,6.0,libre_inversion,sin_creditos_previos,bueno
3659,29.0,M,informal,arrendada,bajo,alto,,3902000.0,21.0,remodelacion,al_dia,bueno
3660,49.0,F,informal,arrendada,,bajo,221000.0,3349000.0,15.0,libre_inversion,al_dia,bueno
3661,75.0,F,informal,arrendada,medio,medio,536000.0,6009000.0,21.0,remodelacion,mora_leve,bueno
3662,65.0,M,informal,familiar,bajo,medio,477000.0,9851000.0,24.0,remodelacion,al_dia,malo
3663,52.0,F,,propia,bajo,bajo,685000.0,5037000.0,12.0,negocio,mora_severa,bueno
3664,25.0,F,informal,propia,bajo,sin_cuenta,0.0,3855000.0,33.0,electrodomesticos,al_dia,malo
3665,25.0,M,formal_no_calificado,arrendada,bajo,alto,2169000.0,4074000.0,51.0,educacion,al_dia,bueno
3666,41.0,M,informal,familiar,bajo,alto,831000.0,2485000.0,9.0,libre_inversion,al_dia,bueno
3667,34.0,F,informal,propia,bajo,bajo,248000.0,6387000.0,27.0,remodelacion,al_dia,bueno
3668,21.0,M,alta_calificacion,propia,bajo,sin_cuenta,0.0,12462000.0,18.0,negocio,al_dia,bueno
3669,30.0,M,formal_calificado,arrendada,muy_alto,sin_cuenta,0.0,5252000.0,18.0,remodelacion,mora_leve,malo
3670,,F,formal_calificado,propia,bajo,sin_cuenta,0.0,7371000.0,33.0,negocio,mora_severa,malo
3671,32.0,M,informal,arrendada,bajo,medio,454000.0,3279000.0,27.0,remodelacion,mora_severa,bueno
3672,34.0,F,formal_no_calificado,propia,bajo,bajo,329000.0,1885000.0,15.0,electrodomesticos,mora_severa,bueno
3673,25.0,M,formal_calificado,familiar,medio,bajo,280000.0,12392000.0,36.0,negocio,mora_severa,bueno
3674,30.0,M,formal_calificado,arrendada,bajo,sin_cuenta,0.0,6279000.0,18.0,vehiculo,sin_creditos_previos,bueno
3675,41.0,M,formal_calificado,arrendada,bajo,bajo,40000.0,1433000.0,12.0,educacion,mora_severa,malo
3676,29.0,F,formal_no_calificado,familiar,bajo,medio,679000.0,1252000.0,21.0,remodelacion,al_dia,bueno
3677,50.0,F,informal,propia,bajo,medio,1167000.0,5067000.0,39.0,educacion,al_dia,bueno
3678,34.0,F,informal,arrendada,bajo,bajo,150000.0,500000.0,9.0,electrodomesticos,mora_severa,bueno
3679,38.0,M,informal,arrendada,bajo,sin_cuenta,0.0,2014000.0,24.0,electrodomesticos,mora_leve,bueno
3680,41.0,F,informal,propia,bajo,sin_cuenta,0.0,1361000.0,6.0,libre_inversion,al_dia,bueno
3681,40.0,M,informal,propia,bajo,medio,308000.0,9051000.0,27.0,otros,al_dia,bueno
3682,26.0,F,informal,arrendada,,medio,459000.0,2487000.0,24.0,vehiculo,mora_severa,bueno
3683,27.0,M,formal_no_calificado,arrendada,,sin_cuenta,0.0,3357000.0,42.0,electrodomesticos,mora_severa,malo
3684,21.0,F,formal_no_calificado,arrendada,muy_alto,sin_cuenta,0.0,2150000.0,9.0,libre_inversion,mora_severa,bueno
3685,31.0,M,formal_no_calificado,propia,bajo,medio,,3754000.0,21.0,remodelacion,al_dia,bueno
3686,26.0,M,informal,propia,medio,medio,1570000.0,4390000.0,12.0,vehiculo,al_dia,bueno
3687,29.0,F,formal_no_calificado,familiar,bajo,medio,757000.0,2440000.0,,electrodomesticos,sin_creditos_previos,bueno
3688,31.0,M,alta_calificacion,propia,bajo,sin_cuenta,0.0,7975000.0,48.0,educacion,al_dia,bueno
3689,35.0,M,formal_no_calificado,familiar,bajo,alto,2963000.0,4956000.0,21.0,electrodomesticos,al_dia,bueno
3690,32.0,F,formal_calificado,arrendada,muy_alto,bajo,213000.0,14196000.0,24.0,libre_inversion,al_dia,bueno
3691,32.0,M,informal,arrendada,bajo,bajo,46000.0,1941000.0,15.0,educacion,mora_leve,bueno
3692,37.0,F,formal_no_calificado,propia,,sin_cuenta,0.0,3757000.0,18.0,electrodomesticos,al_dia,bueno
3693,33.0,F,formal_no_calificado,familiar,bajo,sin_cuenta,0.0,16520000.0,33.0,libre_inversion,sin_creditos_previos,bueno
3694,45.0,F,formal_calificado,familiar,bajo,sin_cuenta,0.0,26394000.0,42.0,vehiculo,al_dia,bueno
3695,33.0,M,formal_calificado,arrendada,bajo,bajo,137000.0,2757000.0,18.0,educacion,mora_severa,bueno
3696,56.0,F,formal_no_calificado,arrendada,bajo,alto,1339000.0,5167000.0,36.0,otros,al_dia,bueno
3697,25.0,F,formal_calificado,arrendada,bajo,medio,382000.0,1688000.0,18.0,educacion,al_dia,bueno
3698,30.0,M,formal_calificado,propia,bajo,alto,1028000.0,2815000.0,12.0,negocio,sin_creditos_previos,bueno
3699,28.0,F,formal_calificado,familiar,bajo,medio,359000.0,2183000.0,21.0,electrodomesticos,al_dia,bueno
3700,36.0,F,informal,propia,medio,sin_cuenta,0.0,5042000.0,12.0,vehiculo,mora_severa,malo
3701,25.0,M,informal,arrendada,bajo,medio,1027000.0,2587000.0,21.0,educacion,al_dia,malo
3702,23.0,M,formal_calificado,propia,bajo,bajo,155000.0,3201000.0,9.0,vehiculo,mora_leve,bueno
3703,26.0,F,formal_calificado,arrendada,,medio,503000.0,6496000.0,27.0,remodelacion,sin_creditos_previos,bueno
3704,22.0,M,alta_calificacion,arrendada,bajo,bajo,78000.0,1666000.0,9.0,remodelacion,al_dia,bueno
3705,32.0,F,informal,arrendada,bajo,sin_cuenta,0.0,3479000.0,12.0,libre_inversion,al_dia,bueno
3706,35.0,M,formal_calificado,propia,muy_alto,medio,303000.0,3288000.0,12.0,vehiculo,al_dia,bueno
3707,22.0,M,formal_calificado,propia,bajo,medio,1043000.0,2080000.0,9.0,libre_inversion,al_dia,bueno
3708,30.0,F,formal_calificado,propia,bajo,bajo,91000.0,1873000.0,18.0,libre_inversion,mora_severa,malo
3709,47.0,F,formal_calificado,familiar,bajo,sin_cuenta,0.0,1460000.0,6.0,vehiculo,al_dia,bueno
3710,52.0,M,informal,propia,,bajo,363000.0,5416000.0,18.0,libre_inversion,al_dia,bueno
3711,42.0,F,formal_calificado,familiar,bajo,medio,708000.0,500000.0,3.0,libre_inversion,al_dia,bueno
3712,20.0,M,formal_no_calificado,propia,medio,sin_cuenta,0.0,5687000.0,21.0,libre_inversion,mora_leve,bueno
3713,34.0,M,informal,familiar,bajo,medio,310000.0,1778000.0,9.0,remodelacion,mora_severa,bueno
3714,49.0,M,informal,arrendada,bajo,sin_cuenta,0.0,1928000.0,24.0,educacion,al_dia,malo
3715,29.0,M,formal_calificado,familiar,muy_alto,sin_cuenta,0.0,9370000.0,36.0,vehiculo,mora_severa,bueno
3716,24.0,F,informal,arrendada,bajo,sin_cuenta,0.0,2335000.0,12.0,electrodomesticos,mora_severa,malo
3717,48.0,M,informal,arrendada,bajo,sin_cuenta,0.0,11849000.0,18.0,remodelacion,mora_severa,bueno
3718,50.0,M,formal_no_calificado,arrendada,bajo,sin_cuenta,0.0,4985000.0,9.0,remodelacion,al_dia,bueno
3719,33.0,M,alta_calificacion,propia,bajo,medio,286000.0,2649000.0,24.0,otros,mora_leve,bueno
3720,24.0,F,formal_no_calificado,familiar,bajo,bajo,19000.0,5201000.0,27.0,electrodomesticos,al_dia,bueno
3721,22.0,F,,arrendada,bajo,sin_cuenta,0.0,1019000.0,9.0,electrodomesticos,al_dia,bueno
3722,37.0,M,informal,propia,bajo,medio,181000.0,5965000.0,27.0,negocio,al_dia,bueno
3723,28.0,M,informal,propia,medio,bajo,192000.0,18575000.0,54.0,remodelacion,al_dia,bueno
3724,33.0,F,informal,arrendada,bajo,bajo,327000.0,5594000.0,15.0,vehiculo,mora_leve,bueno
3725,32.0,M,formal_calificado,familiar,bajo,medio,424000.0,3573000.0,15.0,educacion,al_dia,bueno
3726,26.0,F,informal,arrendada,,sin_cuenta,0.0,2788000.0,33.0,libre_inversion,sin_creditos_previos,malo
3727,22.0,F,informal,propia,bajo,bajo,160000.0,1731000.0,12.0,remodelacion,al_dia,bueno
3728,29.0,F,formal_calificado,arrendada,bajo,sin_cuenta,0.0,1292000.0,9.0,educacion,mora_severa,bueno
3729,35.0,M,informal,propia,bajo,sin_cuenta,0.0,5099000.0,18.0,remodelacion,mora_severa,malo
3730,,M,informal,propia,bajo,sin_cuenta,0.0,7904000.0,,libre_inversion,sin_creditos_previos,malo
3731,27.0,M,formal_no_calificado,familiar,bajo,medio,706000.0,5494000.0,,electrodomesticos,al_dia,bueno
3732,50.0,M,informal,propia,bajo,sin_cuenta,0.0,2060000.0,15.0,educacion,sin_creditos_previos,bueno
3733,25.0,M,informal,propia,bajo,medio,1013000.0,17960000.0,24.0,vehiculo,al_dia,bueno
3734,46.0,F,alta_calificacion,propia,medio,medio,754000.0,3256000.0,12.0,negocio,al_dia,bueno
3735,34.0,M,formal_calificado,propia,bajo,sin_cuenta,0.0,4265000.0,21.0,libre_inversion,mora_severa,malo
3736,29.0,M,formal_calificado,propia,medio,sin_cuenta,0.0,1336000.0,6.0,remodelacion,mora_severa,bueno
3737,,M,formal_no_calificado,propia,bajo,sin_cuenta,0.0,5106000.0,24.0,libre_inversion,al_dia,malo
3738,31.0,M,informal,arrendada,bajo,sin_cuenta,0.0,9890000.0,,remodelacion,al_dia,malo
3739,23.0,F,formal_calificado,familiar,bajo,medio,291000.0,11366000.0,,otros,al_dia,bueno
3740,24.0,M,formal_no_calificado,propia,bajo,sin_cuenta,0.0,3520000.0,30.0,electrodomesticos,al_dia,bueno
3741,30.0,F,informal,familiar,bajo,bajo,379000.0,9161000.0,27.0,vehiculo,mora_leve,malo
3742,28.0,F,informal,arrendada,bajo,sin_cuenta,0.0,3525000.0,18.0,negocio,mora_leve,bueno
3743,45.0,M,formal_no_calificado,propia,,medio,511000.0,12083000.0,27.0,vehiculo,al_dia,bueno
3744,28.0,F,informal,propia,bajo,sin_cuenta,0.0,2754000.0,18.0,electrodomesticos,al_dia,malo
3745,28.0,M,informal,propia,bajo,sin_cuenta,0.0,2147000.0,9.0,vehiculo,al_dia,bueno
3746,27.0,M,informal,arrendada,,sin_cuenta,0.0,2410000.0,33.0,electrodomesticos,mora_severa,malo
3747,26.0,F,formal_no_calificado,arrendada,bajo,medio,1311000.0,1522000.0,6.0,remodelacion,al_dia,bueno
3748,26.0,F,informal,propia,bajo,bajo,126000.0,3777000.0,15.0,electrodomesticos,sin_creditos_previos,bueno
3749,24.0,M,formal_no_calificado,propia,bajo,sin_cuenta,0.0,4945000.0,12.0,libre_inversion,al_dia,bueno
3750,35.0,M,informal,propia,bajo,medio,451000.0,1878000.0,18.0,libre_inversion,al_dia,bueno
3751,32.0,M,formal_no_calificado,arrendada,bajo,medio,912000.0,8693000.0,30.0,libre_inversion,al_dia,bueno
3752,31.0,M,informal,propia,bajo,bajo,95000.0,11566000.0,27.0,negocio,sin_creditos_previos,bueno
3753,22.0,F,informal,arrendada,bajo,alto,768000.0,2107000.0,6.0,otros,sin_creditos_previos,bueno
3754,37.0,M,formal_no_calificado,arrendada,medio,sin_cuenta,0.0,1573000.0,9.0,electrodomesticos,mora_severa,bueno
3755,38.0,F,formal_no_calificado,arrendada,bajo,medio,852000.0,4788000.0,27.0,educacion,al_dia,bueno
3756,55.0,F,informal,propia,bajo,medio,907000.0,15661000.0,60.0,libre_inversion,al_dia,bueno
3757,38.0,M,formal_no_calificado,arrendada,bajo,bajo,162000.0,1096000.0,12.0,negocio,al_dia,bueno
3758,59.0,F,formal_calificado,arrendada,medio,bajo,129000.0,1120000.0,9.0,libre_inversion,mora_severa,bueno
3759,27.0,F,informal,familiar,bajo,sin_cuenta,0.0,,15.0,libre_inversion,mora_severa,malo
3760,56.0,M,formal_no_calificado,arrendada,bajo,sin_cuenta,0.0,1301000.0,9.0,libre_inversion,mora_severa,bueno
3761,38.0,M,formal_no_calificado,arrendada,muy_alto,bajo,115000.0,1190000.0,18.0,electrodomesticos,al_dia,bueno
3762,37.0,F,formal_calificado,propia,bajo,medio,757000.0,1864000.0,,electrodomesticos,al_dia,bueno
3763,31.0,F,informal,arrendada,muy_alto,sin_cuenta,0.0,4729000.0,33.0,libre_inversion,al_dia,bueno
3764,29.0,M,alta_calificacion,arrendada,bajo,bajo,,6941000.0,24.0,vehiculo,mora_severa,bueno
3765,28.0,F,formal_no_calificado,arrendada,bajo,sin_cuenta,0.0,7439000.0,30.0,remodelacion,mora_severa,malo
3766,57.0,F,formal_no_calificado,arrendada,bajo,sin_cuenta,0.0,1780000.0,15.0,educacion,mora_severa,malo
3767,31.0,F,informal,familiar,bajo,sin_cuenta,0.0,7078000.0,48.0,libre_inversion,mora_severa,bueno
3768,39.0,M,formal_no_calificado,familiar,bajo,alto,870000.0,1710000.0,9.0,libre_inversion,al_dia,bueno
3769,41.0,M,,propia,bajo,sin_cuenta,0.0,1676000.0,18.0,remodelacion,al_dia,bueno
3770,,F,informal,propia,bajo,sin_cuenta,0.0,1974000.0,15.0,electrodomesticos,mora_severa,bueno
3771,35.0,M,,familiar,bajo,sin_cuenta,0.0,1850000.0,12.0,electrodomesticos,al_dia,bueno
3772,56.0,M,formal_no_calificado,arrendada,muy_alto,bajo,101000.0,6705000.0,36.0,electrodomesticos,mora_leve,malo
3773,38.0,F,formal_calificado,familiar,muy_alto,bajo,98000.0,500000.0,6.0,electrodomesticos,al_dia,bueno
3774,28.0,M,,arrendada,bajo,sin_cuenta,0.0,2881000.0,9.0,vehiculo,mora_severa,bueno
3775,30.0,F,informal,familiar,bajo,sin_cuenta,0.0,6826000.0,18.0,educacion,al_dia,bueno
3776,22.0,M,formal_calificado,propia,bajo,sin_cuenta,0.0,2012000.0,15.0,negocio,mora_leve,malo
3777,36.0,F,formal_calificado,arrendada,bajo,sin_cuenta,0.0,,18.0,remodelacion,sin_creditos_previos,bueno
3778,40.0,M,formal_calificado,arrendada,muy_alto,medio,905000.0,,9.0,libre_inversion,al_dia,bueno
3779,41.0,F,formal_calificado,propia,medio,medio,264000.0,1735000.0,12.0,otros,mora_severa,bueno
3780,38.0,M,,propia,bajo,sin_cuenta,0.0,4202000.0,33.0,libre_inversion,mora_severa,malo
3781,31.0,M,,propia,bajo,bajo,83000.0,5469000.0,27.0,otros,mora_severa,malo
3782,33.0,F,formal_no_calificado,propia,medio,sin_cuenta,0.0,2115000.0,18.0,electrodomesticos,al_dia,bueno
3783,33.0,F,formal_calificado,familiar,muy_alto,sin_cuenta,0.0,3232000.0,27.0,remodelacion,al_dia,bueno
3784,45.0,M,informal,familiar,muy_alto,bajo,209000.0,19871000.0,30.0,vehiculo,al_dia,bueno
3785,21.0,M,informal,familiar,bajo,medio,1374000.0,17481000.0,51.0,vehiculo,mora_severa,bueno
3786,29.0,F,informal,familiar,bajo,sin_cuenta,0.0,8061000.0,27.0,libre_inversion,mora_leve,malo
3787,25.0,F,formal_no_calificado,familiar,muy_alto,sin_cuenta,0.0,3349000.0,30.0,libre_inversion,al_dia,bueno
3788,65.0,M,informal,familiar,bajo,sin_cuenta,0.0,3381000.0,12.0,vehiculo,mora_severa,bueno
3789,49.0,F,formal_calificado,propia,bajo,sin_cuenta,0.0,7249000.0,,libre_inversion,mora_leve,bueno
3790,29.0,M,informal,propia,bajo,bajo,,1708000.0,18.0,electrodomesticos,mora_leve,bueno
3791,23.0,F,informal,familiar,bajo,medio,221000.0,8767000.0,30.0,negocio,al_dia,bueno
3792,24.0,M,informal,arrendada,medio,sin_cuenta,0.0,5433000.0,30.0,libre_inversion,sin_creditos_previos,malo
3793,45.0,M,informal,arrendada,muy_alto,medio,709000.0,2040000.0,30.0,educacion,al_dia,bueno
3794,22.0,F,informal,arrendada,muy_alto,alto,562000.0,6451000.0,36.0,libre_inversion,al_dia,bueno
3795,33.0,M,formal_calificado,propia,bajo,sin_cuenta,0.0,4325000.0,24.0,remodelacion,mora_leve,malo
3796,42.0,F,alta_calificacion,propia,muy_alto,bajo,77000.0,2522000.0,12.0,remodelacion,al_dia,bueno
3797,24.0,M,informal,arrendada,bajo,sin_cuenta,0.0,3995000.0,27.0,educacion,al_dia,malo
3798,34.0,M,informal,arrendada,,bajo,,3057000.0,30.0,libre_inversion,al_dia,bueno
3799,29.0,F,formal_calificado,propia,bajo,medio,581000.0,4022000.0,33.0,libre_inversion,mora_severa,malo
3800,28.0,F,informal,arrendada,,medio,423000.0,2264000.0,15.0,libre_inversion,mora_leve,bueno
3801,27.0,M,formal_calificado,arrendada,alto,bajo,182000.0,1462000.0,6.0,otros,al_dia,bueno
3802,44.0,F,formal_no_calificado,arrendada,medio,medio,349000.0,9578000.0,39.0,vehiculo,al_dia,bueno
3803,53.0,M,formal_calificado,arrendada,alto,bajo,243000.0,2871000.0,12.0,remodelacion,al_dia,bueno
3804,30.0,F,,arrendada,bajo,medio,808000.0,6570000.0,18.0,vehiculo,sin_creditos_previos,bueno
3805,37.0,M,alta_calificacion,familiar,medio,medio,928000.0,1585000.0,15.0,electrodomesticos,al_dia,bueno
3806,33.0,M,,arrendada,bajo,medio,564000.0,10925000.0,21.0,vehiculo,al_dia,bueno
3807,21.0,M,informal,familiar,medio,sin_cuenta,0.0,2432000.0,,libre_inversion,al_dia,bueno
3808,30.0,F,formal_no_calificado,familiar,medio,sin_cuenta,0.0,4592000.0,18.0,vehiculo,al_dia,bueno
3809,21.0,F,informal,familiar,bajo,medio,,3944000.0,12.0,libre_inversion,mora_severa,malo
3810,29.0,F,informal,arrendada,bajo,sin_cuenta,0.0,7106000.0,36.0,libre_inversion,al_dia,bueno
3811,33.0,M,alta_calificacion,arrendada,bajo,bajo,255000.0,2553000.0,24.0,vehiculo,al_dia,bueno
3812,41.0,M,informal,arrendada,alto,bajo,,1092000.0,18.0,educacion,al_dia,bueno
3813,36.0,M,informal,arrendada,bajo,medio,1208000.0,2568000.0,6.0,libre_inversion,al_dia,bueno
3814,,F,informal,propia,bajo,medio,474000.0,1856000.0,9.0,libre_inversion,al_dia,bueno
3815,26.0,M,formal_no_calificado,propia,muy_alto,sin_cuenta,0.0,4672000.0,27.0,libre_inversion,mora_severa,malo
3816,50.0,F,formal_calificado,propia,bajo,medio,584000.0,914000.0,12.0,educacion,al_dia,bueno
3817,53.0,M,,arrendada,bajo,medio,534000.0,4286000.0,24.0,libre_inversion,mora_severa,malo
3818,21.0,F,formal_no_calificado,propia,medio,sin_cuenta,0.0,1953000.0,15.0,educacion,al_dia,bueno
3819,22.0,M,informal,arrendada,bajo,bajo,224000.0,5154000.0,18.0,vehiculo,al_dia,bueno
3820,32.0,F,formal_calificado,propia,bajo,bajo,157000.0,3570000.0,15.0,vehiculo,mora_severa,bueno
3821,28.0,F,informal,propia,bajo,sin_cuenta,0.0,5217000.0,18.0,vehiculo,mora_leve,bueno
3822,29.0,F,formal_no_calificado,arrendada,bajo,sin_cuenta,0.0,,27.0,vehiculo,mora_leve,bueno
3823,36.0,F,formal_no_calificado,familiar,bajo,sin_cuenta,0.0,10469000.0,27.0,vehiculo,al_dia,bueno
3824,45.0,F,alta_calificacion,propia,bajo,medio,2324000.0,6711000.0,21.0,vehiculo,al_dia,bueno
3825,26.0,F,formal_calificado,familiar,medio,sin_cuenta,0.0,4823000.0,27.0,otros,sin_creditos_previos,bueno
3826,47.0,M,formal_calificado,propia,bajo,bajo,214000.0,897000.0,9.0,remodelacion,al_dia,bueno
3827,27.0,M,informal,arrendada,medio,bajo,,5200000.0,18.0,negocio,mora_leve,bueno
3828,69.0,F,informal,propia,bajo,sin_cuenta,0.0,5013000.0,15.0,negocio,mora_severa,bueno
3829,50.0,F,formal_no_calificado,propia,bajo,bajo,105000.0,4843000.0,15.0,vehiculo,mora_severa,malo
3830,28.0,M,formal_no_calificado,propia,bajo,sin_cuenta,0.0,5213000.0,12.0,educacion,al_dia,bueno
3831,23.0,M,formal_calificado,propia,bajo,sin_cuenta,0.0,9390000.0,33.0,vehiculo,al_dia,bueno
3832,27.0,F,formal_no_calificado,arrendada,bajo,sin_cuenta,0.0,666000.0,9.0,electrodomesticos,mora_severa,bueno
3833,27.0,M,informal,arrendada,bajo,bajo,85000.0,2593000.0,12.0,educacion,al_dia,bueno
3834,39.0,F,informal,propia,bajo,bajo,366000.0,2148000.0,21.0,electrodomesticos,al_dia,bueno
3835,21.0,F,informal,familiar,medio,sin_cuenta,0.0,909000.0,15.0,electrodomesticos,al_dia,malo
3836,22.0,M,formal_calificado,arrendada,bajo,sin_cuenta,0.0,2514000.0,15.0,libre_inversion,sin_creditos_previos,bueno
3837,39.0,M,alta_calificacion,propia,alto,sin_cuenta,0.0,5251000.0,15.0,otros,al_dia,bueno
3838,26.0,M,formal_no_calificado,arrendada,bajo,sin_cuenta,0.0,3811000.0,24.0,libre_inversion,al_dia,bueno
3839,29.0,M,formal_no_calificado,propia,bajo,sin_cuenta,0.0,11086000.0,36.0,libre_inversion,mora_severa,malo
3840,42.0,F,formal_calificado,familiar,bajo,sin_cuenta,0.0,7103000.0,27.0,libre_inversion,mora_leve,bueno
3841,45.0,F,informal,arrendada,bajo,bajo,175000.0,32781000.0,51.0,remodelacion,sin_creditos_previos,malo
3842,49.0,F,informal,propia,bajo,medio,,17670000.0,45.0,vehiculo,sin_creditos_previos,bueno
3843,41.0,M,informal,propia,bajo,sin_cuenta,0.0,1974000.0,6.0,negocio,al_dia,bueno
3844,31.0,F,alta_calificacion,propia,alto,medio,943000.0,4897000.0,36.0,electrodomesticos,al_dia,bueno
3845,30.0,M,informal,arrendada,,sin_cuenta,0.0,9717000.0,42.0,educacion,mora_leve,malo
3846,29.0,F,formal_no_calificado,arrendada,bajo,sin_cuenta,0.0,4012000.0,24.0,libre_inversion,al_dia,bueno
3847,24.0,M,informal,familiar,bajo,bajo,306000.0,4707000.0,18.0,vehiculo,al_dia,bueno
3848,25.0,F,formal_no_calificado,propia,alto,sin_cuenta,0.0,3386000.0,12.0,remodelacion,al_dia,bueno
3849,47.0,F,,propia,muy_alto,bajo,,3766000.0,27.0,libre_inversion,sin_creditos_previos,bueno
3850,27.0,M,alta_calificacion,propia,bajo,sin_cuenta,0.0,1287000.0,9.0,vehiculo,mora_severa,bueno
3851,24.0,F,informal,propia,bajo,medio,235000.0,2384000.0,21.0,educacion,mora_severa,bueno
3852,48.0,M,alta_calificacion,arrendada,alto,bajo,128000.0,31144000.0,69.0,remodelacion,al_dia,malo
3853,35.0,M,formal_no_calificado,familiar,bajo,medio,,2410000.0,9.0,negocio,al_dia,bueno
3854,57.0,F,informal,arrendada,bajo,sin_cuenta,0.0,4037000.0,21.0,electrodomesticos,al_dia,malo
3855,55.0,M,formal_calificado,propia,muy_alto,sin_cuenta,0.0,4419000.0,33.0,libre_inversion,mora_severa,malo
3856,24.0,M,formal_no_calificado,familiar,bajo,medio,504000.0,9511000.0,21.0,negocio,al_dia,bueno
3857,32.0,M,informal,familiar,muy_alto,bajo,71000.0,5542000.0,27.0,otros,al_dia,bueno
3858,25.0,M,formal_calificado,propia,bajo,bajo,240000.0,3193000.0,9.0,electrodomesticos,mora_severa,bueno
3859,25.0,F,formal_no_calificado,familiar,bajo,bajo,113000.0,16259000.0,48.0,libre_inversion,al_dia,bueno
3860,29.0,F,formal_no_calificado,arrendada,bajo,medio,556000.0,5642000.0,21.0,libre_inversion,mora_severa,bueno
3861,40.0,M,formal_calificado,arrendada,bajo,bajo,117000.0,1496000.0,9.0,educacion,mora_severa,malo
3862,40.0,M,formal_no_calificado,arrendada,alto,sin_cuenta,0.0,3224000.0,30.0,libre_inversion,mora_severa,bueno
3863,38.0,F,informal,propia,bajo,medio,514000.0,8198000.0,48.0,libre_inversion,al_dia,bueno
3864,31.0,F,informal,arrendada,muy_alto,medio,565000.0,5072000.0,15.0,vehiculo,al_dia,bueno
3865,41.0,M,informal,arrendada,bajo,sin_cuenta,0.0,3145000.0,18.0,educacion,mora_severa,bueno
3866,24.0,F,formal_no_calificado,familiar,muy_alto,sin_cuenta,0.0,16086000.0,36.0,vehiculo,al_dia,bueno
3867,35.0,M,informal,propia,bajo,medio,409000.0,4095000.0,,electrodomesticos,mora_severa,bueno
3868,33.0,M,informal,propia,bajo,bajo,526000.0,2723000.0,12.0,remodelacion,mora_leve,bueno
3869,30.0,F,formal_calificado,arrendada,bajo,medio,1212000.0,2748000.0,6.0,educacion,mora_severa,bueno
3870,36.0,F,informal,arrendada,bajo,medio,344000.0,16038000.0,,vehiculo,mora_severa,malo
3871,21.0,M,informal,arrendada,bajo,sin_cuenta,0.0,1534000.0,15.0,libre_inversion,mora_leve,bueno
3872,25.0,F,formal_calificado,arrendada,alto,sin_cuenta,0.0,2889000.0,9.0,libre_inversion,mora_leve,bueno
3873,39.0,F,formal_calificado,arrendada,muy_alto,bajo,243000.0,2589000.0,12.0,libre_inversion,mora_severa,malo
3874,33.0,F,formal_calificado,arrendada,bajo,bajo,241000.0,6192000.0,39.0,libre_inversion,al_dia,bueno
3875,22.0,F,informal,propia,bajo,alto,1185000.0,1343000.0,6.0,vehiculo,al_dia,bueno
3876,32.0,M,formal_no_calificado,arrendada,bajo,medio,899000.0,11097000.0,33.0,libre_inversion,mora_severa,bueno
3877,28.0,F,alta_calificacion,arrendada,medio,medio,867000.0,11087000.0,24.0,educacion,mora_severa,bueno
3878,47.0,M,informal,arrendada,bajo,medio,355000.0,2114000.0,15.0,libre_inversion,mora_severa,bueno
3879,24.0,M,informal,arrendada,bajo,medio,488000.0,4075000.0,21.0,otros,mora_leve,bueno
3880,24.0,M,informal,arrendada,,bajo,79000.0,6887000.0,30.0,libre_inversion,al_dia,bueno
3881,37.0,F,formal_calificado,propia,muy_alto,bajo,52000.0,,15.0,vehiculo,mora_severa,bueno
3882,31.0,M,informal,propia,bajo,bajo,291000.0,2540000.0,12.0,educacion,al_dia,bueno
3883,31.0,M,formal_no_calificado,propia,bajo,medio,596000.0,3507000.0,27.0,negocio,al_dia,bueno
3884,69.0,F,formal_no_calificado,arrendada,bajo,sin_cuenta,0.0,3959000.0,21.0,libre_inversion,al_dia,bueno
3885,40.0,M,alta_calificacion,arrendada,muy_alto,medio,1501000.0,24695000.0,42.0,educacion,mora_severa,bueno
3886,30.0,M,informal,familiar,bajo,bajo,42000.0,4021000.0,39.0,educacion,al_dia,bueno
3887,22.0,M,formal_no_calificado,arrendada,alto,bajo,120000.0,12142000.0,15.0,vehiculo,al_dia,bueno
3888,29.0,F,alta_calificacion,arrendada,,sin_cuenta,0.0,9234000.0,18.0,remodelacion,mora_leve,malo
3889,24.0,M,informal,arrendada,bajo,sin_cuenta,0.0,12428000.0,39.0,vehiculo,mora_severa,malo
3890,25.0,M,formal_no_calificado,arrendada,bajo,bajo,100000.0,13545000.0,33.0,vehiculo,al_dia,bueno
3891,26.0,F,informal,arrendada,medio,sin_cuenta,0.0,3968000.0,24.0,libre_inversion,mora_severa,malo
3892,46.0,F,informal,arrendada,bajo,sin_cuenta,0.0,5400000.0,36.0,libre_inversion,al_dia,bueno
3893,23.0,F,informal,arrendada,bajo,sin_cuenta,0.0,1384000.0,9.0,electrodomesticos,mora_severa,bueno
3894,44.0,M,informal,familiar,bajo,sin_cuenta,0.0,3149000.0,24.0,libre_inversion,sin_creditos_previos,bueno
3895,38.0,F,informal,arrendada,medio,alto,1688000.0,2904000.0,12.0,libre_inversion,al_dia,bueno
3896,37.0,F,formal_calificado,propia,bajo,bajo,93000.0,5714000.0,30.0,libre_inversion,al_dia,bueno
3897,25.0,F,formal_no_calificado,arrendada,bajo,bajo,125000.0,3189000.0,24.0,remodelacion,sin_creditos_previos,bueno
3898,42.0,M,informal,familiar,bajo,alto,4142000.0,9948000.0,33.0,remodelacion,mora_leve,bueno
3899,25.0,M,formal_calificado,propia,bajo,sin_cuenta,0.0,11227000.0,39.0,educacion,mora_severa,bueno
3900,53.0,F,alta_calificacion,familiar,bajo,alto,2273000.0,2738000.0,9.0,otros,al_dia,bueno
3901,46.0,M,informal,familiar,bajo,alto,2551000.0,3274000.0,24.0,otros,mora_severa,malo
3902,57.0,M,informal,arrendada,alto,medio,487000.0,4704000.0,15.0,libre_inversion,mora_leve,bueno
3903,33.0,M,informal,propia,muy_alto,bajo,,26888000.0,30.0,vehiculo,mora_leve,bueno
3904,31.0,M,formal_calificado,propia,bajo,medio,4382000.0,2073000.0,15.0,electrodomesticos,al_dia,bueno
3905,29.0,F,formal_calificado,propia,bajo,sin_cuenta,0.0,3067000.0,15.0,libre_inversion,mora_severa,bueno
3906,68.0,M,formal_no_calificado,arrendada,medio,sin_cuenta,0.0,5493000.0,21.0,libre_inversion,al_dia,bueno
3907,40.0,F,informal,arrendada,bajo,sin_cuenta,0.0,1012000.0,9.0,negocio,mora_severa,bueno
3908,25.0,F,formal_no_calificado,familiar,bajo,sin_cuenta,0.0,2140000.0,12.0,vehiculo,al_dia,bueno
3909,50.0,M,formal_no_calificado,propia,bajo,sin_cuenta,0.0,2758000.0,27.0,electrodomesticos,al_dia,bueno
3910,31.0,M,informal,arrendada,bajo,medio,911000.0,7754000.0,45.0,educacion,mora_leve,bueno
3911,19.0,M,informal,arrendada,bajo,sin_cuenta,0.0,1415000.0,6.0,educacion,mora_severa,malo
3912,26.0,M,informal,arrendada,bajo,bajo,81000.0,4172000.0,12.0,negocio,al_dia,bueno
3913,46.0,F,formal_calificado,arrendada,bajo,sin_cuenta,0.0,3729000.0,24.0,negocio,mora_severa,bueno
3914,38.0,F,alta_calificacion,familiar,bajo,sin_cuenta,0.0,3068000.0,9.0,libre_inversion,sin_creditos_previos,bueno
3915,40.0,F,informal,arrendada,bajo,medio,721000.0,4686000.0,18.0,remodelacion,sin_creditos_previos,bueno
3916,50.0,F,alta_calificacion,propia,bajo,medio,971000.0,4107000.0,21.0,libre_inversion,al_dia,malo
3917,,M,formal_no_calificado,arrendada,bajo,medio,232000.0,3930000.0,18.0,otros,al_dia,bueno
3918,27.0,F,formal_no_calificado,propia,bajo,medio,,2172000.0,15.0,libre_inversion,mora_leve,malo
3919,33.0,M,formal_calificado,familiar,bajo,medio,289000.0,2766000.0,9.0,vehiculo,mora_severa,bueno
3920,47.0,M,formal_no_calificado,familiar,bajo,sin_cuenta,0.0,6168000.0,63.0,otros,al_dia,malo
3921,25.0,M,informal,propia,bajo,bajo,,968000.0,12.0,remodelacion,mora_severa,bueno
3922,30.0,M,informal,arrendada,bajo,sin_cuenta,0.0,5014000.0,30.0,libre_inversion,al_dia,bueno
3923,33.0,F,formal_calificado,arrendada,bajo,sin_cuenta,0.0,11402000.0,27.0,libre_inversion,al_dia,malo
3924,26.0,F,formal_no_calificado,arrendada,bajo,alto,4721000.0,1860000.0,18.0,electrodomesticos,al_dia,bueno
3925,32.0,M,informal,arrendada,bajo,medio,963000.0,983000.0,15.0,electrodomesticos,al_dia,bueno
3926,31.0,M,formal_no_calificado,familiar,bajo,bajo,309000.0,2705000.0,9.0,remodelacion,mora_severa,bueno
3927,28.0,F,informal,propia,bajo,sin_cuenta,0.0,4898000.0,33.0,libre_inversion,al_dia,malo
3928,42.0,F,informal,arrendada,bajo,medio,431000.0,8481000.0,33.0,remodelacion,mora_severa,bueno
3929,39.0,F,formal_calificado,propia,bajo,alto,396000.0,8155000.0,18.0,vehiculo,al_dia,bueno
3930,43.0,M,informal,propia,bajo,medio,385000.0,1673000.0,12.0,otros,al_dia,bueno
3931,44.0,M,informal,familiar,medio,medio,1583000.0,3313000.0,12.0,remodelacion,al_dia,bueno
3932,55.0,F,informal,arrendada,bajo,bajo,57000.0,5320000.0,18.0,negocio,al_dia,malo
3933,22.0,F,alta_calificacion,arrendada,bajo,sin_cuenta,0.0,930000.0,12.0,libre_inversion,al_dia,malo
3934,23.0,M,informal,propia,bajo,sin_cuenta,0.0,4894000.0,21.0,negocio,al_dia,bueno
3935,41.0,M,informal,familiar,bajo,sin_cuenta,0.0,4813000.0,24.0,negocio,al_dia,bueno
3936,29.0,M,informal,propia,medio,bajo,183000.0,1572000.0,24.0,electrodomesticos,al_dia,bueno
3937,28.0,F,informal,arrendada,bajo,medio,565000.0,1426000.0,12.0,otros,al_dia,bueno
3938,27.0,M,,propia,bajo,medio,257000.0,3555000.0,12.0,educacion,sin_creditos_previos,bueno
3939,43.0,F,informal,arrendada,bajo,sin_cuenta,0.0,3141000.0,18.0,otros,mora_leve,bueno
3940,66.0,F,informal,arrendada,,sin_cuenta,0.0,2834000.0,33.0,educacion,al_dia,bueno
3941,44.0,M,formal_no_calificado,propia,alto,sin_cuenta,0.0,4217000.0,24.0,negocio,mora_severa,bueno
3942,28.0,M,informal,arrendada,bajo,bajo,225000.0,2363000.0,12.0,libre_inversion,mora_severa,bueno
3943,42.0,M,,arrendada,bajo,medio,1021000.0,4526000.0,24.0,libre_inversion,mora_severa,malo
3944,23.0,M,formal_calificado,arrendada,,medio,305000.0,500000.0,3.0,electrodomesticos,al_dia,bueno
3945,31.0,F,informal,arrendada,medio,medio,1262000.0,8392000.0,27.0,remodelacion,mora_severa,bueno
3946,21.0,F,informal,familiar,bajo,bajo,213000.0,7925000.0,36.0,libre_inversion,mora_leve,malo
3947,29.0,M,alta_calificacion,propia,bajo,bajo,143000.0,3843000.0,15.0,vehiculo,mora_severa,malo
3948,34.0,F,formal_no_calificado,propia,medio,alto,2772000.0,2907000.0,21.0,libre_inversion,mora_leve,bueno
3949,72.0,M,formal_no_calificado,propia,bajo,medio,592000.0,3347000.0,12.0,negocio,al_dia,bueno
3950,48.0,F,formal_no_calificado,propia,medio,sin_cuenta,0.0,741000.0,9.0,educacion,al_dia,bueno
3951,21.0,F,alta_calificacion,arrendada,medio,sin_cuenta,0.0,7037000.0,33.0,libre_inversion,mora_leve,bueno
3952,22.0,M,informal,propia,medio,sin_cuenta,0.0,1300000.0,12.0,libre_inversion,mora_severa,malo
3953,26.0,M,informal,propia,bajo,sin_cuenta,0.0,5510000.0,18.0,otros,al_dia,bueno
3954,60.0,F,formal_calificado,propia,bajo,bajo,114000.0,3930000.0,27.0,vehiculo,al_dia,bueno
3955,22.0,M,informal,arrendada,bajo,medio,296000.0,3347000.0,21.0,electrodomesticos,mora_severa,malo
3956,27.0,F,,arrendada,medio,sin_cuenta,0.0,634000.0,9.0,otros,al_dia,bueno
3957,27.0,M,informal,arrendada,medio,sin_cuenta,0.0,2304000.0,18.0,otros,al_dia,bueno
3958,37.0,M,informal,familiar,medio,sin_cuenta,0.0,6105000.0,27.0,libre_inversion,mora_severa,malo
3959,43.0,F,formal_no_calificado,propia,muy_alto,medio,938000.0,6167000.0,18.0,remodelacion,sin_creditos_previos,bueno
3960,39.0,M,formal_no_calificado,arrendada,bajo,sin_cuenta,0.0,4691000.0,18.0,otros,al_dia,bueno
3961,34.0,M,formal_no_calificado,propia,alto,sin_cuenta,0.0,7740000.0,30.0,libre_inversion,al_dia,bueno
3962,22.0,M,informal,familiar,bajo,bajo,257000.0,8571000.0,27.0,remodelacion,sin_creditos_previos,bueno
3963,34.0,M,informal,propia,muy_alto,bajo,,4854000.0,15.0,educacion,mora_severa,bueno
3964,51.0,M,formal_calificado,familiar,alto,sin_cuenta,0.0,5510000.0,39.0,libre_inversion,mora_severa,bueno
3965,58.0,M,informal,arrendada,bajo,medio,795000.0,3388000.0,12.0,vehiculo,al_dia,bueno
3966,37.0,M,formal_no_calificado,arrendada,bajo,bajo,52000.0,3973000.0,15.0,libre_inversion,al_dia,bueno
3967,21.0,M,formal_no_calificado,arrendada,bajo,bajo,,5749000.0,18.0,libre_inversion,mora_leve,malo
3968,37.0,F,informal,propia,,medio,186000.0,4682000.0,27.0,libre_inversion,mora_severa,bueno
3969,31.0,F,informal,propia,bajo,sin_cuenta,0.0,8889000.0,36.0,vehiculo,mora_severa,malo
3970,22.0,M,formal_calificado,familiar,bajo,sin_cuenta,0.0,1549000.0,15.0,electrodomesticos,al_dia,bueno
3971,24.0,F,informal,arrendada,bajo,bajo,168000.0,2420000.0,21.0,otros,mora_severa,bueno
3972,25.0,F,informal,propia,bajo,sin_cuenta,0.0,8015000.0,39.0,otros,al_dia,bueno
3973,41.0,F,alta_calificacion,propia,muy_alto,sin_cuenta,0.0,14789000.0,30.0,negocio,mora_leve,bueno
3974,57.0,F,informal,propia,bajo,sin_cuenta,0.0,6216000.0,24.0,educacion,al_dia,bueno
3975,38.0,M,formal_calificado,arrendada,bajo,bajo,84000.0,3911000.0,21.0,libre_inversion,mora_severa,malo
3976,41.0,M,informal,arrendada,medio,medio,577000.0,7529000.0,9.0,vehiculo,mora_leve,malo
3977,32.0,F,,arrendada,bajo,bajo,141000.0,4966000.0,24.0,educacion,sin_creditos_previos,malo
3978,28.0,M,formal_no_calificado,propia,bajo,medio,704000.0,4995000.0,15.0,otros,al_dia,bueno
3979,39.0,F,informal,familiar,bajo,bajo,219000.0,6346000.0,33.0,vehiculo,al_dia,bueno
3980,35.0,F,formal_calificado,propia,alto,bajo,99000.0,5117000.0,21.0,remodelacion,mora_severa,bueno
3981,26.0,M,informal,propia,alto,sin_cuenta,0.0,1015000.0,9.0,otros,al_dia,bueno
3982,35.0,M,formal_no_calificado,familiar,,sin_cuenta,0.0,1749000.0,12.0,remodelacion,al_dia,bueno
3983,32.0,F,formal_calificado,arrendada,bajo,sin_cuenta,0.0,7383000.0,54.0,educacion,mora_severa,bueno
3984,30.0,M,formal_no_calificado,arrendada,bajo,sin_cuenta,0.0,4721000.0,27.0,otros,mora_severa,bueno
3985,27.0,F,formal_no_calificado,familiar,bajo,medio,682000.0,2709000.0,15.0,remodelacion,al_dia,bueno
3986,37.0,F,informal,propia,bajo,sin_cuenta,0.0,1509000.0,21.0,libre_inversion,mora_severa,malo
3987,28.0,M,informal,propia,bajo,sin_cuenta,0.0,2542000.0,18.0,otros,al_dia,bueno
3988,66.0,M,alta_calificacion,propia,bajo,medio,539000.0,5052000.0,33.0,educacion,al_dia,bueno
3989,38.0,F,formal_no_calificado,propia,alto,sin_cuenta,0.0,2228000.0,27.0,libre_inversion,mora_severa,bueno
3990,37.0,F,formal_no_calificado,arrendada,bajo,medio,,13837000.0,69.0,otros,al_dia,malo
3991,31.0,M,formal_no_calificado,arrendada,bajo,medio,840000.0,6196000.0,24.0,libre_inversion,mora_severa,bueno
3992,29.0,M,informal,arrendada,muy_alto,sin_cuenta,0.0,2158000.0,9.0,otros,mora_severa,bueno
3993,21.0,M,informal,arrendada,bajo,sin_cuenta,0.0,4241000.0,6.0,negocio,al_dia,bueno
3994,26.0,M,informal,propia,bajo,alto,2647000.0,717000.0,6.0,libre_inversion,mora_severa,bueno
3995,21.0,M,informal,propia,bajo,medio,608000.0,5744000.0,33.0,negocio,mora_severa,bueno
3996,21.0,M,informal,arrendada,alto,medio,524000.0,3929000.0,21.0,libre_inversion,al_dia,bueno
3997,24.0,F,,arrendada,bajo,sin_cuenta,0.0,2951000.0,18.0,otros,al_dia,bueno
3998,49.0,M,formal_no_calificado,arrendada,,bajo,,1761000.0,12.0,electrodomesticos,mora_severa,bueno
3999,49.0,F,formal_no_calificado,familiar,bajo,sin_cuenta,0.0,3600000.0,18.0,electrodomesticos,al_dia,malo
4000,26.0,F,informal,familiar,bajo,sin_cuenta,0.0,4067000.0,27.0,otros,al_dia,bueno
4001,22.0,F,formal_calificado,arrendada,bajo,sin_cuenta,0.0,5394000.0,18.0,libre_inversion,al_dia,bueno
4002,28.0,F,formal_no_calificado,arrendada,medio,medio,648000.0,3267000.0,36.0,electrodomesticos,al_dia,bueno
4003,40.0,M,informal,arrendada,bajo,bajo,90000.0,7172000.0,45.0,educacion,al_dia,bueno
4004,45.0,F,formal_calificado,familiar,,medio,428000.0,2369000.0,21.0,libre_inversion,al_dia,bueno
4005,35.0,M,formal_no_calificado,arrendada,bajo,sin_cuenta,0.0,584000.0,15.0,libre_inversion,mora_severa,bueno
4006,37.0,M,formal_no_calificado,propia,bajo,alto,3592000.0,1480000.0,15.0,remodelacion,mora_severa,bueno
4007,35.0,F,formal_calificado,propia,bajo,sin_cuenta,0.0,10539000.0,21.0,vehiculo,al_dia,bueno
4008,22.0,M,informal,familiar,bajo,alto,746000.0,4724000.0,21.0,electrodomesticos,mora_severa,bueno
4009,23.0,M,formal_no_calificado,propia,bajo,medio,,2887000.0,24.0,remodelacion,mora_leve,bueno
4010,58.0,F,informal,arrendada,bajo,sin_cuenta,0.0,4794000.0,9.0,vehiculo,mora_severa,bueno
4011,34.0,M,informal,familiar,bajo,medio,322000.0,1275000.0,21.0,libre_inversion,al_dia,malo
4012,20.0,M,informal,arrendada,muy_alto,bajo,77000.0,,21.0,libre_inversion,al_dia,bueno
4013,37.0,M,informal,propia,bajo,sin_cuenta,0.0,4069000.0,27.0,libre_inversion,al_dia,bueno
4014,25.0,M,informal,propia,bajo,sin_cuenta,0.0,10682000.0,30.0,remodelacion,mora_leve,malo
4015,46.0,F,,arrendada,bajo,alto,1553000.0,15573000.0,36.0,libre_inversion,al_dia,malo
4016,44.0,M,informal,arrendada,medio,alto,1253000.0,3299000.0,24.0,otros,al_dia,bueno
4017,40.0,M,informal,propia,bajo,bajo,235000.0,5426000.0,30.0,libre_inversion,al_dia,malo
4018,34.0,F,informal,arrendada,bajo,sin_cuenta,0.0,12813000.0,24.0,vehiculo,mora_severa,malo
4019,51.0,F,,arrendada,bajo,sin_cuenta,0.0,21179000.0,36.0,educacion,mora_leve,malo
4020,53.0,F,formal_no_calificado,propia,bajo,sin_cuenta,0.0,6028000.0,18.0,libre_inversion,al_dia,bueno
4021,25.0,M,formal_no_calificado,propia,medio,bajo,329000.0,1157000.0,15.0,electrodomesticos,sin_creditos_previos,bueno
4022,40.0,F,formal_calificado,propia,bajo,bajo,,6026000.0,21.0,libre_inversion,sin_creditos_previos,bueno
4023,27.0,F,alta_calificacion,familiar,,sin_cuenta,0.0,4802000.0,39.0,otros,al_dia,malo
4024,24.0,F,informal,propia,bajo,medio,565000.0,5584000.0,15.0,libre_inversion,sin_creditos_previos,bueno
4025,53.0,M,informal,propia,bajo,alto,1023000.0,9680000.0,39.0,libre_inversion,al_dia,bueno
4026,42.0,M,formal_calificado,arrendada,bajo,sin_cuenta,0.0,3256000.0,24.0,remodelacion,mora_severa,bueno
4027,35.0,M,formal_no_calificado,arrendada,bajo,bajo,288000.0,17873000.0,33.0,vehiculo,al_dia,malo
4028,26.0,F,alta_calificacion,arrendada,muy_alto,bajo,161000.0,9115000.0,24.0,negocio,mora_severa,bueno
4029,53.0,M,formal_calificado,arrendada,bajo,sin_cuenta,0.0,7552000.0,21.0,negocio,mora_leve,malo
4030,25.0,F,formal_calificado,arrendada,bajo,bajo,43000.0,3251000.0,15.0,educacion,al_dia,bueno
4031,24.0,M,informal,arrendada,bajo,sin_cuenta,0.0,9265000.0,66.0,libre_inversion,al_dia,malo
4032,,F,informal,familiar,medio,sin_cuenta,0.0,2772000.0,9.0,remodelacion,sin_creditos_previos,bueno
4033,40.0,M,formal_no_calificado,arrendada,medio,medio,373000.0,17264000.0,33.0,libre_inversion,sin_creditos_previos,malo
4034,29.0,M,formal_no_calificado,arrendada,bajo,sin_cuenta,0.0,2978000.0,6.0,libre_inversion,mora_severa,bueno
4035,75.0,M,formal_calificado,propia,bajo,medio,547000.0,7552000.0,45.0,libre_inversion,mora_severa,malo
4036,34.0,F,,arrendada,bajo,sin_cuenta,0.0,1329000.0,27.0,electrodomesticos,mora_severa,bueno
4037,27.0,M,informal,familiar,bajo,medio,1241000.0,3144000.0,,vehiculo,al_dia,bueno
4038,28.0,M,informal,propia,bajo,bajo,,2777000.0,12.0,educacion,sin_creditos_previos,bueno
4039,60.0,F,formal_calificado,propia,bajo,medio,533000.0,3217000.0,21.0,electrodomesticos,mora_severa,bueno
4040,31.0,F,formal_calificado,arrendada,bajo,sin_cuenta,0.0,1853000.0,6.0,libre_inversion,al_dia,bueno
4041,52.0,F,formal_calificado,familiar,,bajo,234000.0,9373000.0,36.0,libre_inversion,al_dia,bueno
4042,21.0,F,formal_no_calificado,propia,bajo,medio,644000.0,2895000.0,15.0,electrodomesticos,al_dia,bueno
4043,47.0,M,alta_calificacion,familiar,bajo,sin_cuenta,0.0,1540000.0,9.0,remodelacion,sin_creditos_previos,bueno
4044,26.0,F,informal,propia,bajo,sin_cuenta,0.0,4797000.0,33.0,libre_inversion,sin_creditos_previos,bueno
4045,42.0,M,informal,familiar,muy_alto,sin_cuenta,0.0,849000.0,6.0,remodelacion,al_dia,bueno
4046,26.0,F,,familiar,bajo,alto,8777000.0,6112000.0,18.0,negocio,mora_leve,bueno
4047,29.0,F,informal,arrendada,bajo,sin_cuenta,0.0,3524000.0,12.0,libre_inversion,al_dia,bueno
4048,24.0,M,formal_calificado,familiar,alto,sin_cuenta,0.0,8280000.0,24.0,educacion,sin_creditos_previos,bueno
4049,42.0,M,formal_no_calificado,familiar,muy_alto,alto,1560000.0,1855000.0,,otros,sin_creditos_previos,bueno
4050,45.0,F,formal_no_calificado,familiar,,bajo,61000.0,1371000.0,6.0,otros,al_dia,bueno
4051,26.0,F,informal,arrendada,,sin_cuenta,0.0,4083000.0,36.0,libre_inversion,al_dia,malo
4052,22.0,F,formal_calificado,arrendada,bajo,bajo,112000.0,4551000.0,18.0,libre_inversion,mora_severa,malo
4053,52.0,F,informal,propia,bajo,sin_cuenta,0.0,1249000.0,9.0,remodelacion,sin_creditos_previos,bueno
4054,27.0,F,formal_no_calificado,propia,medio,bajo,155000.0,4370000.0,9.0,vehiculo,al_dia,bueno
4055,31.0,M,informal,arrendada,bajo,sin_cuenta,0.0,2544000.0,18.0,libre_inversion,mora_severa,bueno
4056,25.0,F,,propia,bajo,bajo,213000.0,1568000.0,6.0,vehiculo,al_dia,bueno
4057,41.0,M,informal,familiar,bajo,bajo,182000.0,3546000.0,18.0,electrodomesticos,al_dia,bueno
4058,41.0,F,formal_no_calificado,propia,bajo,sin_cuenta,0.0,2661000.0,18.0,libre_inversion,al_dia,bueno
4059,55.0,F,formal_no_calificado,propia,bajo,bajo,417000.0,7956000.0,27.0,libre_inversion,al_dia,bueno
4060,47.0,M,alta_calificacion,propia,bajo,alto,3822000.0,9608000.0,33.0,educacion,al_dia,malo
4061,46.0,F,formal_calificado,propia,bajo,bajo,100000.0,8339000.0,27.0,vehiculo,mora_severa,bueno
4062,32.0,F,informal,propia,medio,alto,3346000.0,6233000.0,42.0,libre_inversion,al_dia,bueno
4063,31.0,M,informal,arrendada,alto,alto,923000.0,3868000.0,12.0,otros,al_dia,bueno
4064,,F,informal,propia,bajo,sin_cuenta,0.0,7400000.0,24.0,educacion,mora_severa,bueno
4065,31.0,F,informal,familiar,bajo,bajo,173000.0,17002000.0,24.0,vehiculo,mora_severa,malo
4066,,M,informal,arrendada,alto,medio,527000.0,3169000.0,,libre_inversion,sin_creditos_previos,bueno
4067,25.0,M,formal_calificado,arrendada,bajo,medio,1225000.0,4739000.0,24.0,remodelacion,al_dia,bueno
4068,21.0,M,alta_calificacion,arrendada,bajo,medio,1486000.0,2201000.0,12.0,remodelacion,al_dia,bueno
4069,39.0,F,informal,propia,bajo,sin_cuenta,0.0,6881000.0,18.0,negocio,mora_leve,bueno
4070,28.0,M,formal_calificado,propia,,medio,461000.0,2902000.0,24.0,libre_inversion,al_dia,bueno
4071,24.0,M,formal_calificado,familiar,,sin_cuenta,0.0,1419000.0,9.0,remodelacion,al_dia,bueno
4072,70.0,F,informal,arrendada,bajo,bajo,214000.0,7864000.0,42.0,libre_inversion,al_dia,bueno
4073,33.0,F,formal_calificado,propia,bajo,medio,891000.0,1292000.0,18.0,otros,al_dia,bueno
4074,23.0,F,alta_calificacion,arrendada,bajo,sin_cuenta,0.0,3805000.0,54.0,libre_inversion,mora_leve,bueno
4075,27.0,F,alta_calificacion,propia,bajo,bajo,250000.0,1192000.0,9.0,electrodomesticos,mora_severa,malo
4076,30.0,M,formal_calificado,propia,bajo,medio,1886000.0,9490000.0,12.0,remodelacion,mora_severa,bueno
4077,39.0,M,informal,propia,bajo,medio,315000.0,5910000.0,27.0,educacion,mora_severa,malo
4078,27.0,F,informal,arrendada,medio,bajo,306000.0,2823000.0,15.0,remodelacion,mora_severa,malo
4079,31.0,M,alta_calificacion,arrendada,bajo,bajo,125000.0,13022000.0,33.0,vehiculo,al_dia,bueno
4080,36.0,M,informal,arrendada,bajo,sin_cuenta,0.0,8218000.0,21.0,negocio,mora_severa,bueno
4081,38.0,F,informal,propia,bajo,sin_cuenta,0.0,2649000.0,21.0,electrodomesticos,mora_severa,malo
4082,32.0,M,informal,propia,bajo,sin_cuenta,0.0,1769000.0,18.0,electrodomesticos,al_dia,malo
4083,60.0,F,formal_no_calificado,propia,medio,bajo,241000.0,1340000.0,9.0,negocio,al_dia,bueno
4084,41.0,F,informal,arrendada,bajo,bajo,93000.0,10567000.0,21.0,vehiculo,mora_severa,malo
4085,40.0,F,formal_calificado,familiar,medio,sin_cuenta,0.0,1325000.0,12.0,electrodomesticos,al_dia,malo
4086,40.0,M,formal_no_calificado,arrendada,bajo,sin_cuenta,0.0,,54.0,vehiculo,al_dia,malo
4087,48.0,M,informal,propia,alto,sin_cuenta,0.0,1996000.0,6.0,libre_inversion,mora_severa,malo
4088,35.0,F,informal,propia,bajo,medio,,,21.0,vehiculo,al_dia,bueno
4089,25.0,F,formal_no_calificado,propia,bajo,sin_cuenta,0.0,3946000.0,24.0,vehiculo,al_dia,bueno
4090,37.0,M,formal_calificado,familiar,bajo,bajo,155000.0,4558000.0,27.0,libre_inversion,mora_severa,bueno
4091,38.0,M,formal_calificado,arrendada,bajo,medio,229000.0,3670000.0,30.0,electrodomesticos,al_dia,bueno
4092,51.0,F,formal_calificado,familiar,bajo,medio,607000.0,2618000.0,9.0,remodelacion,al_dia,bueno
4093,,M,formal_no_calificado,propia,alto,medio,553000.0,3464000.0,24.0,libre_inversion,al_dia,bueno
4094,25.0,M,formal_calificado,arrendada,alto,sin_cuenta,0.0,1814000.0,18.0,electrodomesticos,al_dia,bueno
4095,33.0,M,formal_no_calificado,arrendada,bajo,sin_cuenta,0.0,4987000.0,18.0,vehiculo,mora_severa,malo
4096,40.0,M,formal_no_calificado,arrendada,medio,sin_cuenta,0.0,7306000.0,33.0,libre_inversion,mora_severa,malo
4097,23.0,M,formal_no_calificado,arrendada,medio,medio,234000.0,10974000.0,39.0,libre_inversion,al_dia,bueno
4098,24.0,M,informal,propia,muy_alto,sin_cuenta,0.0,6189000.0,9.0,remodelacion,al_dia,malo
4099,44.0,F,formal_no_calificado,arrendada,bajo,sin_cuenta,0.0,6017000.0,18.0,electrodomesticos,mora_leve,bueno
4100,23.0,M,,familiar,bajo,sin_cuenta,0.0,4761000.0,30.0,otros,al_dia,malo
4101,25.0,M,informal,propia,muy_alto,bajo,220000.0,3309000.0,21.0,remodelacion,mora_severa,bueno
4102,45.0,M,formal_calificado,arrendada,bajo,sin_cuenta,0.0,,36.0,otros,mora_severa,malo
4103,40.0,F,informal,familiar,bajo,sin_cuenta,0.0,1266000.0,12.0,libre_inversion,al_dia,bueno
4104,27.0,M,formal_no_calificado,arrendada,bajo,sin_cuenta,0.0,4583000.0,33.0,electrodomesticos,al_dia,bueno
4105,38.0,M,formal_calificado,arrendada,bajo,bajo,292000.0,1283000.0,15.0,electrodomesticos,al_dia,bueno
4106,36.0,F,informal,propia,bajo,sin_cuenta,0.0,983000.0,12.0,electrodomesticos,al_dia,bueno
4107,31.0,F,informal,arrendada,bajo,bajo,229000.0,3839000.0,21.0,negocio,al_dia,bueno
4108,29.0,F,formal_no_calificado,familiar,bajo,medio,1087000.0,3690000.0,18.0,electrodomesticos,al_dia,bueno
4109,38.0,M,informal,familiar,bajo,bajo,172000.0,1717000.0,9.0,libre_inversion,al_dia,bueno
4110,24.0,M,informal,propia,bajo,sin_cuenta,0.0,2112000.0,18.0,remodelacion,al_dia,malo
4111,38.0,M,formal_calificado,familiar,bajo,bajo,,8478000.0,30.0,libre_inversion,mora_leve,malo
4112,35.0,F,informal,propia,bajo,bajo,226000.0,12584000.0,39.0,libre_inversion,al_dia,bueno
4113,36.0,M,formal_no_calificado,arrendada,bajo,sin_cuenta,0.0,3181000.0,30.0,electrodomesticos,al_dia,bueno
4114,25.0,M,informal,propia,bajo,sin_cuenta,0.0,,12.0,libre_inversion,mora_severa,bueno
4115,51.0,M,informal,propia,alto,alto,1599000.0,3495000.0,24.0,remodelacion,sin_creditos_previos,bueno
4116,27.0,F,informal,arrendada,bajo,bajo,605000.0,3505000.0,9.0,vehiculo,al_dia,bueno
4117,28.0,M,,arrendada,bajo,bajo,272000.0,,27.0,negocio,al_dia,bueno
4118,31.0,M,formal_no_calificado,familiar,bajo,sin_cuenta,0.0,8504000.0,24.0,vehiculo,al_dia,malo
4119,40.0,F,informal,propia,bajo,medio,644000.0,,12.0,vehiculo,mora_severa,bueno
4120,35.0,F,informal,familiar,bajo,sin_cuenta,0.0,8290000.0,15.0,vehiculo,sin_creditos_previos,bueno
4121,22.0,F,formal_no_calificado,arrendada,medio,medio,359000.0,4522000.0,21.0,remodelacion,al_dia,bueno
4122,33.0,F,formal_no_calificado,propia,bajo,sin_cuenta,0.0,4124000.0,24.0,libre_inversion,sin_creditos_previos,bueno
4123,33.0,M,informal,propia,bajo,sin_cuenta,0.0,,33.0,vehiculo,sin_creditos_previos,malo
4124,52.0,F,informal,arrendada,bajo,medio,715000.0,2915000.0,9.0,libre_inversion,sin_creditos_previos,bueno
4125,30.0,M,formal_no_calificado,familiar,bajo,bajo,,1233000.0,6.0,vehiculo,al_dia,bueno
4126,39.0,F,formal_no_calificado,propia,bajo,sin_cuenta,0.0,3784000.0,24.0,negocio,al_dia,bueno
4127,75.0,M,formal_calificado,arrendada,medio,medio,982000.0,5759000.0,27.0,remodelacion,al_dia,bueno
4128,48.0,F,formal_no_calificado,arrendada,bajo,alto,2272000.0,2009000.0,15.0,electrodomesticos,al_dia,bueno
4129,25.0,F,formal_calificado,arrendada,bajo,sin_cuenta,0.0,4432000.0,15.0,libre_inversion,sin_creditos_previos,bueno
4130,42.0,M,formal_no_calificado,arrendada,bajo,bajo,72000.0,3000000.0,12.0,electrodomesticos,al_dia,bueno
4131,38.0,M,,familiar,bajo,sin_cuenta,0.0,4889000.0,30.0,educacion,al_dia,bueno
4132,29.0,F,formal_no_calificado,propia,bajo,bajo,98000.0,8075000.0,21.0,vehiculo,al_dia,bueno
4133,42.0,M,informal,propia,bajo,medio,226000.0,8822000.0,24.0,negocio,mora_severa,bueno
4134,25.0,F,alta_calificacion,propia,bajo,bajo,134000.0,7766000.0,18.0,vehiculo,mora_severa,bueno
4135,27.0,M,informal,familiar,bajo,sin_cuenta,0.0,1354000.0,15.0,libre_inversion,mora_severa,malo
4136,31.0,F,formal_no_calificado,arrendada,bajo,sin_cuenta,0.0,4871000.0,18.0,educacion,al_dia,bueno
4137,29.0,F,formal_no_calificado,propia,medio,bajo,281000.0,1644000.0,18.0,electrodomesticos,al_dia,bueno
4138,40.0,M,formal_calificado,arrendada,,bajo,93000.0,6143000.0,36.0,electrodomesticos,al_dia,bueno
4139,32.0,F,,arrendada,bajo,bajo,233000.0,1626000.0,9.0,negocio,mora_severa,malo
4140,28.0,F,,propia,bajo,sin_cuenta,0.0,6365000.0,30.0,educacion,mora_severa,malo
4141,48.0,F,informal,propia,bajo,sin_cuenta,0.0,2269000.0,15.0,otros,al_dia,bueno
4142,40.0,F,informal,arrendada,bajo,medio,106000.0,9169000.0,15.0,remodelacion,mora_severa,bueno
4143,23.0,F,,arrendada,bajo,sin_cuenta,0.0,1846000.0,21.0,electrodomesticos,al_dia,bueno
4144,23.0,M,informal,propia,bajo,medio,584000.0,2306000.0,27.0,electrodomesticos,sin_creditos_previos,bueno
4145,28.0,M,formal_no_calificado,propia,bajo,bajo,175000.0,11895000.0,18.0,vehiculo,mora_severa,malo
4146,23.0,M,formal_no_calificado,propia,bajo,medio,391000.0,2659000.0,9.0,libre_inversion,mora_severa,bueno
4147,45.0,F,alta_calificacion,arrendada,bajo,sin_cuenta,0.0,10177000.0,45.0,educacion,mora_severa,malo
4148,28.0,F,formal_calificado,propia,bajo,sin_cuenta,0.0,1398000.0,9.0,libre_inversion,al_dia,bueno
4149,39.0,M,informal,propia,medio,alto,2778000.0,1598000.0,9.0,negocio,sin_creditos_previos,bueno
4150,42.0,F,formal_calificado,propia,bajo,bajo,201000.0,5754000.0,39.0,libre_inversion,sin_creditos_previos,bueno
4151,21.0,M,informal,familiar,alto,sin_cuenta,0.0,4671000.0,33.0,libre_inversion,sin_creditos_previos,malo
4152,28.0,F,formal_no_calificado,arrendada,medio,alto,2672000.0,5434000.0,42.0,libre_inversion,al_dia,bueno
4153,31.0,F,formal_calificado,propia,alto,sin_cuenta,0.0,3130000.0,12.0,vehiculo,al_dia,bueno
4154,36.0,F,formal_calificado,arrendada,bajo,medio,1247000.0,1767000.0,12.0,libre_inversion,al_dia,bueno
4155,,F,formal_no_calificado,arrendada,medio,sin_cuenta,0.0,,33.0,libre_inversion,mora_severa,malo
4156,71.0,F,formal_calificado,familiar,bajo,medio,487000.0,1056000.0,9.0,remodelacion,al_dia,bueno
4157,58.0,M,formal_no_calificado,familiar,,alto,6274000.0,4796000.0,12.0,vehiculo,al_dia,bueno
4158,32.0,M,alta_calificacion,arrendada,bajo,sin_cuenta,0.0,1986000.0,9.0,libre_inversion,al_dia,bueno
4159,32.0,M,informal,arrendada,bajo,sin_cuenta,0.0,3867000.0,12.0,vehiculo,mora_severa,malo
4160,55.0,F,informal,propia,muy_alto,bajo,145000.0,3149000.0,12.0,libre_inversion,al_dia,bueno
4161,33.0,F,formal_calificado,arrendada,bajo,sin_cuenta,0.0,3361000.0,9.0,negocio,mora_leve,bueno
4162,28.0,M,informal,arrendada,,bajo,114000.0,6442000.0,,negocio,mora_leve,bueno
4163,44.0,M,formal_no_calificado,propia,bajo,bajo,90000.0,8285000.0,15.0,vehiculo,al_dia,bueno
4164,,M,formal_calificado,arrendada,bajo,sin_cuenta,0.0,1402000.0,24.0,libre_inversion,mora_severa,bueno
4165,23.0,F,formal_no_calificado,propia,medio,alto,3784000.0,4906000.0,9.0,libre_inversion,al_dia,bueno
4166,30.0,M,informal,arrendada,alto,medio,708000.0,4645000.0,12.0,remodelacion,mora_severa,bueno
4167,23.0,F,informal,propia,bajo,sin_cuenta,0.0,3945000.0,9.0,libre_inversion,mora_severa,malo
4168,19.0,M,informal,propia,bajo,bajo,,2196000.0,15.0,remodelacion,al_dia,bueno
4169,61.0,F,informal,propia,bajo,medio,539000.0,5705000.0,30.0,libre_inversion,al_dia,bueno
4170,34.0,F,informal,propia,bajo,bajo,155000.0,6719000.0,27.0,remodelacion,mora_severa,bueno
4171,30.0,M,formal_calificado,propia,bajo,alto,,4950000.0,18.0,vehiculo,mora_severa,bueno
4172,28.0,F,informal,arrendada,bajo,sin_cuenta,0.0,,54.0,libre_inversion,al_dia,malo
4173,33.0,M,formal_calificado,arrendada,bajo,sin_cuenta,0.0,1993000.0,9.0,libre_inversion,al_dia,bueno
4174,,F,alta_calificacion,arrendada,bajo,bajo,85000.0,4004000.0,33.0,remodelacion,mora_leve,bueno
4175,25.0,M,informal,arrendada,bajo,sin_cuenta,0.0,2903000.0,,remodelacion,al_dia,bueno
4176,29.0,F,alta_calificacion,familiar,bajo,sin_cuenta,0.0,3272000.0,18.0,electrodomesticos,al_dia,bueno
4177,53.0,M,informal,familiar,bajo,bajo,186000.0,6315000.0,27.0,vehiculo,mora_severa,malo
4178,45.0,F,formal_no_calificado,arrendada,bajo,sin_cuenta,0.0,1463000.0,12.0,remodelacion,al_dia,bueno
4179,29.0,M,alta_calificacion,arrendada,muy_alto,sin_cuenta,0.0,2464000.0,12.0,libre_inversion,mora_severa,bueno
4180,64.0,F,formal_calificado,arrendada,,sin_cuenta,0.0,2907000.0,33.0,electrodomesticos,mora_leve,bueno
4181,32.0,M,informal,arrendada,alto,sin_cuenta,0.0,4325000.0,18.0,educacion,al_dia,bueno
4182,,M,informal,propia,bajo,sin_cuenta,0.0,1230000.0,9.0,libre_inversion,al_dia,bueno
4183,37.0,F,informal,arrendada,bajo,sin_cuenta,0.0,6480000.0,15.0,educacion,al_dia,bueno
4184,56.0,M,alta_calificacion,propia,bajo,alto,3918000.0,2664000.0,12.0,negocio,al_dia,bueno
4185,52.0,M,informal,familiar,bajo,sin_cuenta,0.0,,,otros,al_dia,bueno
4186,,F,formal_no_calificado,arrendada,,sin_cuenta,0.0,1805000.0,9.0,libre_inversion,mora_severa,bueno
4187,24.0,M,informal,familiar,bajo,alto,4934000.0,2954000.0,21.0,negocio,al_dia,bueno
4188,29.0,F,informal,propia,bajo,medio,255000.0,1562000.0,12.0,libre_inversion,al_dia,bueno
4189,39.0,M,informal,arrendada,medio,sin_cuenta,0.0,8205000.0,57.0,vehiculo,al_dia,bueno
4190,43.0,F,informal,arrendada,medio,medio,607000.0,3529000.0,24.0,electrodomesticos,al_dia,bueno
4191,49.0,F,formal_no_calificado,familiar,medio,medio,288000.0,9487000.0,33.0,libre_inversion,al_dia,bueno
4192,35.0,M,informal,familiar,bajo,medio,280000.0,1720000.0,6.0,vehiculo,mora_severa,bueno
4193,35.0,M,formal_no_calificado,propia,muy_alto,bajo,1269000.0,12818000.0,24.0,negocio,mora_leve,bueno
4194,34.0,F,formal_no_calificado,familiar,bajo,bajo,141000.0,2678000.0,21.0,libre_inversion,al_dia,bueno
4195,46.0,F,informal,familiar,muy_alto,alto,1508000.0,2565000.0,24.0,electrodomesticos,al_dia,bueno
4196,43.0,M,formal_calificado,familiar,bajo,bajo,439000.0,2044000.0,6.0,educacion,al_dia,bueno
4197,26.0,M,,arrendada,bajo,medio,327000.0,12261000.0,48.0,libre_inversion,mora_severa,malo
4198,41.0,M,formal_no_calificado,familiar,bajo,sin_cuenta,0.0,3867000.0,18.0,otros,mora_severa,bueno
4199,45.0,F,informal,propia,bajo,medio,311000.0,5258000.0,,otros,al_dia,bueno
4200,47.0,F,informal,propia,bajo,alto,849000.0,3366000.0,18.0,libre_inversion,mora_severa,bueno
4201,36.0,M,formal_calificado,propia,bajo,sin_cuenta,0.0,4689000.0,12.0,vehiculo,al_dia,bueno
4202,36.0,M,formal_calificado,arrendada,medio,sin_cuenta,0.0,5600000.0,42.0,libre_inversion,mora_severa,bueno
4203,33.0,F,informal,familiar,alto,medio,532000.0,2717000.0,6.0,otros,mora_severa,bueno
4204,34.0,F,informal,arrendada,bajo,medio,481000.0,2347000.0,15.0,libre_inversion,al_dia,bueno
4205,59.0,M,informal,arrendada,bajo,medio,698000.0,4548000.0,15.0,vehiculo,al_dia,bueno
4206,34.0,M,formal_calificado,arrendada,bajo,alto,1523000.0,3008000.0,12.0,remodelacion,mora_severa,bueno
4207,27.0,M,informal,arrendada,bajo,sin_cuenta,0.0,4611000.0,15.0,remodelacion,mora_severa,malo
4208,37.0,F,alta_calificacion,arrendada,bajo,medio,251000.0,4589000.0,15.0,remodelacion,al_dia,bueno
4209,42.0,M,informal,arrendada,bajo,bajo,35000.0,657000.0,12.0,libre_inversion,mora_leve,malo
4210,46.0,M,alta_calificacion,arrendada,bajo,sin_cuenta,0.0,8746000.0,18.0,educacion,al_dia,bueno
4211,25.0,F,informal,arrendada,bajo,sin_cuenta,0.0,9404000.0,21.0,educacion,sin_creditos_previos,bueno
4212,54.0,F,informal,familiar,bajo,bajo,138000.0,13742000.0,60.0,electrodomesticos,mora_severa,malo
4213,42.0,M,informal,arrendada,bajo,bajo,,2778000.0,,educacion,al_dia,bueno
4214,53.0,M,informal,arrendada,bajo,bajo,,8148000.0,24.0,libre_inversion,mora_severa,malo
4215,23.0,M,alta_calificacion,arrendada,bajo,bajo,,5127000.0,24.0,libre_inversion,sin_creditos_previos,bueno
4216,47.0,M,formal_no_calificado,familiar,bajo,medio,520000.0,6301000.0,30.0,libre_inversion,mora_severa,bueno
4217,25.0,M,informal,arrendada,alto,sin_cuenta,0.0,12199000.0,27.0,vehiculo,al_dia,bueno
4218,30.0,M,alta_calificacion,familiar,,sin_cuenta,0.0,1568000.0,6.0,libre_inversion,sin_creditos_previos,bueno
4219,42.0,M,informal,arrendada,bajo,bajo,160000.0,4693000.0,15.0,libre_inversion,al_dia,malo
4220,24.0,F,informal,propia,bajo,bajo,294000.0,1126000.0,9.0,vehiculo,al_dia,bueno
4221,28.0,F,informal,arrendada,muy_alto,medio,458000.0,2615000.0,12.0,remodelacion,mora_leve,bueno
4222,23.0,M,formal_no_calificado,propia,bajo,bajo,589000.0,709000.0,9.0,electrodomesticos,al_dia,bueno
4223,42.0,F,alta_calificacion,propia,medio,medio,667000.0,7045000.0,15.0,negocio,mora_severa,bueno
4224,26.0,M,informal,propia,medio,medio,685000.0,5117000.0,24.0,vehiculo,mora_severa,bueno
4225,33.0,F,formal_calificado,arrendada,,bajo,308000.0,10909000.0,39.0,vehiculo,al_dia,bueno
4226,38.0,F,informal,arrendada,medio,bajo,120000.0,5355000.0,18.0,libre_inversion,mora_severa,bueno
4227,36.0,F,informal,arrendada,,medio,651000.0,4796000.0,12.0,educacion,mora_severa,bueno
4228,35.0,F,formal_calificado,arrendada,bajo,sin_cuenta,0.0,4261000.0,21.0,electrodomesticos,al_dia,bueno
4229,35.0,M,formal_calificado,arrendada,muy_alto,medio,346000.0,6458000.0,24.0,libre_inversion,al_dia,bueno
4230,23.0,M,formal_no_calificado,familiar,bajo,bajo,142000.0,3813000.0,36.0,libre_inversion,al_dia,bueno
4231,,M,informal,familiar,medio,bajo,142000.0,1107000.0,9.0,libre_inversion,mora_severa,bueno
4232,35.0,M,informal,arrendada,alto,medio,605000.0,1648000.0,9.0,vehiculo,mora_severa,malo
4233,34.0,F,formal_calificado,propia,bajo,sin_cuenta,0.0,2431000.0,21.0,libre_inversion,mora_leve,bueno
4234,32.0,M,formal_no_calificado,familiar,bajo,sin_cuenta,0.0,4106000.0,18.0,educacion,sin_creditos_previos,bueno
4235,27.0,M,informal,familiar,bajo,sin_cuenta,0.0,8064000.0,15.0,vehiculo,al_dia,malo
4236,36.0,F,informal,propia,bajo,medio,450000.0,8662000.0,18.0,negocio,mora_severa,malo
4237,37.0,F,formal_calificado,propia,bajo,sin_cuenta,0.0,748000.0,9.0,libre_inversion,sin_creditos_previos,bueno
4238,29.0,F,informal,propia,bajo,medio,1230000.0,2069000.0,6.0,vehiculo,al_dia,bueno
4239,46.0,M,formal_no_calificado,arrendada,muy_alto,sin_cuenta,0.0,6990000.0,27.0,negocio,al_dia,bueno
4240,55.0,F,formal_calificado,arrendada,alto,bajo,97000.0,1706000.0,27.0,libre_inversion,mora_severa,bueno
4241,33.0,M,informal,propia,bajo,bajo,148000.0,4135000.0,9.0,negocio,mora_leve,bueno
4242,26.0,F,formal_no_calificado,propia,medio,sin_cuenta,0.0,5028000.0,18.0,libre_inversion,mora_leve,bueno
4243,24.0,M,formal_no_calificado,arrendada,bajo,sin_cuenta,0.0,2685000.0,27.0,electrodomesticos,al_dia,bueno
4244,30.0,M,formal_no_calificado,arrendada,bajo,sin_cuenta,0.0,6146000.0,24.0,negocio,al_dia,bueno
4245,33.0,F,formal_calificado,arrendada,,sin_cuenta,0.0,2512000.0,12.0,libre_inversion,mora_severa,bueno
4246,24.0,M,formal_no_calificado,propia,muy_alto,bajo,138000.0,4850000.0,21.0,libre_inversion,sin_creditos_previos,bueno
4247,30.0,M,informal,arrendada,bajo,bajo,81000.0,1316000.0,9.0,libre_inversion,mora_leve,malo
4248,45.0,M,informal,familiar,bajo,sin_cuenta,0.0,3742000.0,30.0,libre_inversion,al_dia,bueno
4249,20.0,F,formal_no_calificado,propia,bajo,sin_cuenta,0.0,3018000.0,15.0,vehiculo,al_dia,bueno
4250,34.0,F,informal,arrendada,bajo,bajo,,8884000.0,21.0,educacion,mora_leve,bueno
4251,28.0,M,formal_calificado,propia,bajo,alto,961000.0,8041000.0,24.0,libre_inversion,sin_creditos_previos,bueno
4252,33.0,F,informal,propia,bajo,bajo,,1223000.0,15.0,electrodomesticos,al_dia,bueno
4253,56.0,M,informal,familiar,medio,alto,1215000.0,3457000.0,24.0,remodelacion,al_dia,bueno
4254,33.0,F,informal,familiar,bajo,bajo,111000.0,3762000.0,30.0,educacion,al_dia,bueno
4255,31.0,M,formal_calificado,propia,bajo,medio,635000.0,804000.0,9.0,otros,al_dia,bueno
4256,41.0,M,formal_calificado,propia,bajo,sin_cuenta,0.0,16960000.0,33.0,educacion,al_dia,bueno
4257,36.0,F,formal_no_calificado,propia,bajo,bajo,,2054000.0,15.0,libre_inversion,mora_severa,malo
4258,34.0,F,informal,arrendada,bajo,sin_cuenta,0.0,6478000.0,24.0,libre_inversion,al_dia,bueno
4259,37.0,M,alta_calificacion,propia,bajo,medio,624000.0,2874000.0,15.0,remodelacion,al_dia,bueno
4260,50.0,M,formal_calificado,arrendada,bajo,medio,295000.0,3601000.0,21.0,libre_inversion,mora_severa,bueno
4261,44.0,F,informal,propia,bajo,medio,432000.0,5355000.0,33.0,libre_inversion,al_dia,bueno
4262,31.0,M,formal_calificado,arrendada,bajo,sin_cuenta,0.0,6429000.0,18.0,negocio,sin_creditos_previos,malo
4263,55.0,M,alta_calificacion,familiar,bajo,bajo,91000.0,6345000.0,21.0,vehiculo,mora_severa,malo
4264,29.0,F,informal,propia,,medio,689000.0,16393000.0,36.0,vehiculo,mora_severa,bueno
4265,34.0,M,informal,arrendada,medio,sin_cuenta,0.0,8653000.0,15.0,vehiculo,mora_severa,bueno
4266,,M,formal_no_calificado,familiar,bajo,sin_cuenta,0.0,1753000.0,12.0,libre_inversion,al_dia,bueno
4267,30.0,M,informal,propia,bajo,medio,572000.0,6168000.0,30.0,libre_inversion,al_dia,bueno
4268,52.0,M,formal_calificado,familiar,bajo,sin_cuenta,0.0,1448000.0,18.0,otros,al_dia,bueno
4269,30.0,M,formal_no_calificado,arrendada,bajo,sin_cuenta,0.0,2269000.0,15.0,libre_inversion,al_dia,bueno
4270,32.0,F,informal,arrendada,bajo,medio,569000.0,4360000.0,33.0,electrodomesticos,al_dia,malo
4271,46.0,M,informal,arrendada,bajo,alto,2327000.0,2137000.0,12.0,libre_inversion,sin_creditos_previos,bueno
4272,29.0,F,formal_no_calificado,propia,,sin_cuenta,0.0,4307000.0,24.0,libre_inversion,al_dia,bueno
4273,24.0,M,informal,propia,bajo,alto,1572000.0,9834000.0,42.0,libre_inversion,sin_creditos_previos,bueno
4274,34.0,M,informal,arrendada,muy_alto,medio,228000.0,2511000.0,9.0,libre_inversion,al_dia,malo
4275,25.0,M,informal,arrendada,bajo,bajo,117000.0,3299000.0,42.0,remodelacion,al_dia,bueno
4276,24.0,M,formal_calificado,familiar,bajo,medio,382000.0,,15.0,libre_inversion,al_dia,bueno
4277,20.0,F,informal,arrendada,bajo,alto,3233000.0,4336000.0,15.0,vehiculo,al_dia,bueno
4278,21.0,M,informal,propia,medio,medio,513000.0,1654000.0,9.0,remodelacion,mora_leve,bueno
4279,21.0,F,formal_calificado,propia,bajo,sin_cuenta,0.0,13338000.0,21.0,vehiculo,mora_severa,malo
4280,58.0,F,informal,familiar,,sin_cuenta,0.0,782000.0,9.0,libre_inversion,al_dia,bueno
4281,21.0,M,formal_calificado,propia,bajo,bajo,246000.0,4421000.0,24.0,libre_inversion,al_dia,bueno
4282,25.0,F,informal,familiar,bajo,sin_cuenta,0.0,6783000.0,18.0,libre_inversion,al_dia,malo
4283,32.0,M,formal_calificado,propia,medio,sin_cuenta,0.0,4130000.0,21.0,libre_inversion,mora_severa,malo
4284,40.0,M,informal,propia,,bajo,216000.0,5623000.0,27.0,vehiculo,al_dia,bueno
4285,42.0,M,informal,propia,bajo,sin_cuenta,0.0,13710000.0,48.0,vehiculo,mora_leve,malo
4286,26.0,F,informal,arrendada,bajo,sin_cuenta,0.0,7929000.0,18.0,libre_inversion,mora_leve,bueno
4287,,F,alta_calificacion,propia,bajo,medio,1157000.0,7863000.0,24.0,libre_inversion,al_dia,bueno
4288,32.0,F,formal_calificado,familiar,bajo,sin_cuenta,0.0,3637000.0,21.0,remodelacion,al_dia,bueno
4289,33.0,F,informal,arrendada,alto,bajo,,8214000.0,21.0,libre_inversion,mora_severa,bueno
4290,35.0,M,informal,propia,bajo,bajo,196000.0,4175000.0,9.0,vehiculo,sin_creditos_previos,bueno
4291,38.0,F,informal,arrendada,,alto,2629000.0,1114000.0,12.0,negocio,al_dia,bueno
4292,28.0,F,informal,arrendada,alto,sin_cuenta,0.0,1877000.0,9.0,educacion,al_dia,bueno
4293,49.0,F,informal,arrendada,bajo,sin_cuenta,0.0,29383000.0,39.0,vehiculo,al_dia,bueno
4294,61.0,F,formal_calificado,arrendada,bajo,bajo,156000.0,4706000.0,39.0,electrodomesticos,al_dia,bueno
4295,30.0,F,informal,familiar,bajo,bajo,89000.0,9374000.0,27.0,otros,al_dia,bueno
4296,70.0,M,,arrendada,bajo,medio,211000.0,3317000.0,30.0,remodelacion,al_dia,malo
4297,28.0,F,informal,propia,bajo,sin_cuenta,0.0,680000.0,9.0,electrodomesticos,al_dia,bueno
4298,34.0,F,formal_calificado,arrendada,bajo,sin_cuenta,0.0,5439000.0,24.0,electrodomesticos,al_dia,bueno
4299,32.0,F,informal,arrendada,bajo,sin_cuenta,0.0,5492000.0,12.0,negocio,al_dia,bueno
4300,34.0,M,informal,arrendada,bajo,medio,336000.0,1763000.0,9.0,libre_inversion,al_dia,bueno
4301,47.0,M,formal_calificado,propia,muy_alto,sin_cuenta,0.0,5940000.0,30.0,electrodomesticos,al_dia,bueno
4302,31.0,F,informal,propia,bajo,sin_cuenta,0.0,5946000.0,24.0,vehiculo,al_dia,malo
4303,24.0,F,formal_calificado,familiar,bajo,bajo,147000.0,1822000.0,9.0,vehiculo,al_dia,bueno
4304,28.0,F,formal_calificado,familiar,bajo,sin_cuenta,0.0,7991000.0,36.0,libre_inversion,al_dia,bueno
4305,31.0,F,alta_calificacion,propia,bajo,sin_cuenta,0.0,3331000.0,18.0,educacion,mora_severa,bueno
4306,35.0,M,formal_calificado,familiar,alto,sin_cuenta,0.0,6166000.0,27.0,libre_inversion,al_dia,bueno
4307,27.0,F,informal,arrendada,bajo,medio,210000.0,2252000.0,15.0,electrodomesticos,al_dia,bueno
4308,,M,informal,propia,bajo,bajo,211000.0,5349000.0,21.0,negocio,al_dia,bueno
4309,35.0,M,formal_calificado,familiar,bajo,bajo,,,27.0,libre_inversion,al_dia,bueno
4310,36.0,M,informal,familiar,muy_alto,bajo,59000.0,1900000.0,9.0,vehiculo,sin_creditos_previos,bueno
4311,44.0,M,formal_no_calificado,arrendada,bajo,alto,2727000.0,14367000.0,42.0,vehiculo,al_dia,malo
4312,28.0,M,informal,arrendada,,sin_cuenta,0.0,,27.0,electrodomesticos,al_dia,malo
4313,39.0,F,formal_no_calificado,propia,bajo,sin_cuenta,0.0,4613000.0,21.0,libre_inversion,mora_severa,bueno
4314,32.0,M,,arrendada,muy_alto,medio,714000.0,1372000.0,6.0,educacion,al_dia,bueno
4315,29.0,F,informal,arrendada,bajo,bajo,180000.0,6656000.0,18.0,remodelacion,mora_severa,bueno
4316,32.0,M,alta_calificacion,arrendada,alto,alto,1026000.0,6490000.0,30.0,libre_inversion,al_dia,bueno
4317,33.0,F,formal_calificado,propia,bajo,medio,1147000.0,630000.0,6.0,electrodomesticos,mora_leve,bueno
4318,24.0,M,informal,arrendada,bajo,medio,710000.0,7690000.0,39.0,vehiculo,al_dia,bueno
4319,24.0,F,informal,familiar,bajo,bajo,165000.0,2155000.0,9.0,vehiculo,al_dia,bueno
4320,41.0,F,formal_calificado,familiar,bajo,sin_cuenta,0.0,2465000.0,21.0,otros,mora_severa,bueno
4321,30.0,M,informal,propia,bajo,medio,820000.0,19638000.0,45.0,vehiculo,mora_severa,bueno
4322,35.0,M,formal_no_calificado,arrendada,bajo,bajo,52000.0,4360000.0,24.0,libre_inversion,mora_severa,bueno
4323,40.0,M,formal_calificado,propia,alto,sin_cuenta,0.0,11696000.0,30.0,vehiculo,mora_leve,bueno
4324,32.0,M,informal,arrendada,bajo,sin_cuenta,0.0,2067000.0,30.0,electrodomesticos,al_dia,bueno
4325,39.0,M,informal,propia,bajo,sin_cuenta,0.0,2754000.0,24.0,electrodomesticos,al_dia,bueno
4326,33.0,M,informal,familiar,bajo,sin_cuenta,0.0,2944000.0,12.0,libre_inversion,al_dia,bueno
4327,34.0,F,informal,arrendada,bajo,sin_cuenta,0.0,4729000.0,15.0,libre_inversion,mora_severa,bueno
4328,48.0,M,formal_no_calificado,arrendada,bajo,sin_cuenta,0.0,1290000.0,12.0,educacion,al_dia,bueno
4329,31.0,M,informal,arrendada,bajo,medio,339000.0,16118000.0,42.0,libre_inversion,mora_severa,malo
4330,41.0,M,alta_calificacion,propia,bajo,bajo,100000.0,5709000.0,15.0,libre_inversion,mora_leve,bueno
4331,23.0,M,formal_calificado,propia,medio,sin_cuenta,0.0,8955000.0,33.0,otros,al_dia,malo
4332,35.0,M,,propia,bajo,sin_cuenta,0.0,10676000.0,27.0,remodelacion,sin_creditos_previos,bueno
4333,53.0,F,formal_no_calificado,arrendada,bajo,medio,732000.0,3342000.0,21.0,libre_inversion,al_dia,bueno
4334,72.0,F,informal,familiar,bajo,medio,390000.0,1613000.0,12.0,libre_inversion,al_dia,bueno
4335,23.0,M,informal,propia,bajo,sin_cuenta,0.0,4232000.0,12.0,vehiculo,mora_severa,malo
4336,30.0,M,formal_no_calificado,arrendada,alto,alto,1294000.0,3140000.0,12.0,remodelacion,mora_severa,bueno
4337,25.0,M,informal,propia,medio,sin_cuenta,0.0,1342000.0,9.0,libre_inversion,mora_severa,malo
4338,31.0,F,informal,propia,alto,sin_cuenta,0.0,13523000.0,51.0,educacion,al_dia,bueno
4339,43.0,M,informal,arrendada,bajo,sin_cuenta,0.0,9791000.0,27.0,libre_inversion,mora_severa,bueno
4340,49.0,F,informal,familiar,bajo,alto,697000.0,6082000.0,21.0,libre_inversion,mora_severa,bueno
4341,50.0,F,formal_no_calificado,familiar,bajo,medio,617000.0,875000.0,6.0,electrodomesticos,mora_leve,bueno
4342,23.0,F,alta_calificacion,arrendada,bajo,bajo,219000.0,1273000.0,18.0,remodelacion,sin_creditos_previos,bueno
4343,33.0,M,formal_no_calificado,arrendada,bajo,bajo,374000.0,,18.0,remodelacion,al_dia,bueno
4344,28.0,F,alta_calificacion,propia,bajo,sin_cuenta,0.0,3820000.0,21.0,libre_inversion,al_dia,bueno
4345,31.0,M,formal_no_calificado,propia,bajo,sin_cuenta,0.0,9358000.0,21.0,vehiculo,al_dia,bueno
4346,29.0,M,informal,familiar,bajo,sin_cuenta,0.0,2323000.0,24.0,libre_inversion,al_dia,malo
4347,23.0,F,formal_calificado,arrendada,bajo,medio,,1868000.0,9.0,libre_inversion,al_dia,bueno
4348,49.0,F,informal,propia,bajo,medio,509000.0,7023000.0,15.0,vehiculo,mora_severa,malo
4349,27.0,M,informal,propia,bajo,bajo,61000.0,3098000.0,24.0,electrodomesticos,al_dia,bueno
4350,28.0,M,alta_calificacion,propia,bajo,alto,3081000.0,3741000.0,24.0,educacion,sin_creditos_previos,bueno
4351,53.0,M,formal_no_calificado,arrendada,bajo,sin_cuenta,0.0,1800000.0,21.0,otros,sin_creditos_previos,bueno
4352,22.0,F,alta_calificacion,arrendada,medio,sin_cuenta,0.0,5677000.0,30.0,electrodomesticos,al_dia,malo
4353,38.0,M,informal,familiar,bajo,sin_cuenta,0.0,,15.0,educacion,al_dia,bueno
4354,46.0,M,formal_calificado,arrendada,alto,alto,6943000.0,7445000.0,18.0,libre_inversion,mora_leve,malo
4355,51.0,M,informal,familiar,muy_alto,sin_cuenta,0.0,,30.0,educacion,mora_leve,malo
4356,37.0,F,informal,propia,bajo,sin_cuenta,0.0,2124000.0,9.0,libre_inversion,mora_severa,bueno
4357,41.0,F,formal_calificado,propia,bajo,sin_cuenta,0.0,19773000.0,42.0,vehiculo,sin_creditos_previos,bueno
4358,46.0,M,informal,propia,medio,alto,2439000.0,4272000.0,27.0,libre_inversion,mora_leve,bueno
4359,32.0,F,formal_no_calificado,propia,medio,sin_cuenta,0.0,5072000.0,12.0,vehiculo,al_dia,malo
4360,26.0,M,formal_calificado,familiar,bajo,medio,938000.0,4806000.0,30.0,remodelacion,al_dia,bueno
4361,55.0,F,formal_calificado,familiar,muy_alto,medio,546000.0,1225000.0,9.0,libre_inversion,al_dia,bueno
4362,40.0,F,informal,propia,medio,medio,699000.0,5177000.0,39.0,educacion,al_dia,bueno
4363,33.0,M,informal,arrendada,alto,sin_cuenta,0.0,1514000.0,6.0,negocio,sin_creditos_previos,malo
4364,23.0,F,alta_calificacion,arrendada,bajo,sin_cuenta,0.0,3310000.0,9.0,electrodomesticos,al_dia,bueno
4365,20.0,F,formal_no_calificado,arrendada,bajo,sin_cuenta,0.0,1534000.0,12.0,libre_inversion,mora_leve,bueno
4366,37.0,M,formal_no_calificado,propia,bajo,medio,1690000.0,3638000.0,12.0,remodelacion,al_dia,bueno
4367,20.0,M,informal,propia,bajo,medio,785000.0,3589000.0,21.0,libre_inversion,mora_severa,bueno
4368,33.0,F,informal,propia,bajo,sin_cuenta,0.0,3285000.0,30.0,libre_inversion,al_dia,bueno
4369,27.0,M,alta_calificacion,familiar,bajo,sin_cuenta,0.0,2590000.0,9.0,libre_inversion,al_dia,bueno
4370,29.0,F,formal_no_calificado,arrendada,alto,sin_cuenta,0.0,9835000.0,39.0,vehiculo,al_dia,bueno
4371,50.0,M,formal_calificado,arrendada,bajo,bajo,293000.0,3675000.0,24.0,libre_inversion,al_dia,malo
4372,27.0,F,informal,familiar,bajo,sin_cuenta,0.0,26748000.0,,vehiculo,mora_severa,malo
4373,34.0,F,informal,propia,bajo,alto,2573000.0,5285000.0,18.0,vehiculo,sin_creditos_previos,bueno
4374,27.0,F,formal_no_calificado,propia,alto,sin_cuenta,0.0,9471000.0,42.0,educacion,mora_severa,malo
4375,36.0,M,formal_calificado,propia,alto,sin_cuenta,0.0,14359000.0,51.0,negocio,mora_severa,malo
4376,35.0,F,informal,arrendada,bajo,bajo,53000.0,2481000.0,12.0,educacion,mora_leve,malo
4377,33.0,M,informal,arrendada,bajo,medio,389000.0,1262000.0,12.0,libre_inversion,al_dia,bueno
4378,46.0,F,formal_no_calificado,propia,bajo,sin_cuenta,0.0,4797000.0,15.0,educacion,al_dia,bueno
4379,22.0,F,informal,propia,bajo,medio,459000.0,3740000.0,15.0,remodelacion,al_dia,bueno
4380,21.0,M,informal,arrendada,medio,bajo,376000.0,5853000.0,21.0,libre_inversion,mora_severa,malo
4381,24.0,F,formal_no_calificado,arrendada,muy_alto,bajo,141000.0,5307000.0,15.0,vehiculo,mora_severa,bueno
4382,35.0,M,informal,propia,bajo,bajo,106000.0,15954000.0,30.0,vehiculo,al_dia,bueno
4383,38.0,M,formal_no_calificado,arrendada,bajo,medio,965000.0,9436000.0,27.0,vehiculo,al_dia,malo
4384,19.0,F,informal,propia,bajo,bajo,201000.0,7013000.0,12.0,negocio,al_dia,bueno
4385,,M,formal_calificado,propia,,sin_cuenta,0.0,3799000.0,18.0,vehiculo,al_dia,bueno
4386,30.0,F,formal_calificado,propia,bajo,medio,1060000.0,3864000.0,30.0,libre_inversion,mora_leve,bueno
4387,55.0,M,formal_calificado,arrendada,bajo,sin_cuenta,0.0,11603000.0,24.0,educacion,mora_severa,malo
4388,,M,formal_no_calificado,arrendada,alto,sin_cuenta,0.0,8264000.0,,educacion,al_dia,bueno
4389,53.0,F,formal_no_calificado,arrendada,bajo,sin_cuenta,0.0,3974000.0,12.0,electrodomesticos,mora_severa,malo
4390,49.0,M,informal,propia,bajo,bajo,91000.0,7973000.0,18.0,vehiculo,mora_severa,malo
4391,30.0,F,informal,arrendada,bajo,medio,585000.0,1731000.0,9.0,educacion,mora_leve,bueno
4392,43.0,F,informal,arrendada,medio,bajo,222000.0,9603000.0,21.0,libre_inversion,mora_severa,malo
4393,30.0,M,formal_calificado,arrendada,medio,bajo,151000.0,1034000.0,18.0,electrodomesticos,sin_creditos_previos,malo
4394,58.0,M,informal,arrendada,medio,sin_cuenta,0.0,5262000.0,21.0,otros,mora_severa,malo
4395,30.0,M,informal,arrendada,bajo,alto,1593000.0,786000.0,12.0,educacion,al_dia,bueno
4396,39.0,F,formal_no_calificado,propia,bajo,sin_cuenta,0.0,9201000.0,24.0,libre_inversion,mora_severa,malo
4397,63.0,M,formal_no_calificado,propia,bajo,sin_cuenta,0.0,5935000.0,33.0,negocio,mora_severa,malo
4398,39.0,F,informal,propia,muy_alto,medio,258000.0,1052000.0,,libre_inversion,al_dia,bueno
4399,29.0,F,formal_no_calificado,arrendada,bajo,medio,354000.0,799000.0,9.0,electrodomesticos,al_dia,bueno
4400,23.0,M,formal_no_calificado,arrendada,bajo,sin_cuenta,0.0,3601000.0,12.0,remodelacion,al_dia,malo
4401,22.0,F,alta_calificacion,arrendada,bajo,bajo,17000.0,,15.0,libre_inversion,al_dia,bueno
4402,38.0,M,,propia,bajo,medio,660000.0,,12.0,libre_inversion,sin_creditos_previos,bueno
4403,32.0,F,informal,propia,bajo,sin_cuenta,0.0,923000.0,9.0,electrodomesticos,mora_severa,malo
4404,24.0,M,formal_calificado,propia,bajo,alto,1924000.0,2292000.0,21.0,libre_inversion,mora_severa,bueno
4405,42.0,F,informal,propia,bajo,sin_cuenta,0.0,5547000.0,21.0,vehiculo,al_dia,bueno
4406,41.0,M,informal,arrendada,bajo,bajo,100000.0,5887000.0,12.0,remodelacion,mora_leve,bueno
4407,32.0,F,informal,propia,bajo,sin_cuenta,0.0,8598000.0,24.0,remodelacion,al_dia,bueno
4408,54.0,M,formal_no_calificado,propia,bajo,sin_cuenta,0.0,9316000.0,18.0,negocio,al_dia,bueno
4409,22.0,F,formal_no_calificado,propia,bajo,sin_cuenta,0.0,9337000.0,42.0,negocio,al_dia,bueno
4410,,F,formal_no_calificado,propia,bajo,sin_cuenta,0.0,1506000.0,9.0,negocio,mora_severa,bueno
4411,39.0,F,,familiar,bajo,medio,822000.0,7933000.0,12.0,vehiculo,al_dia,bueno
4412,25.0,F,formal_no_calificado,familiar,bajo,bajo,183000.0,1518000.0,15.0,libre_inversion,mora_severa,bueno
4413,43.0,M,informal,arrendada,bajo,sin_cuenta,0.0,7147000.0,33.0,remodelacion,mora_severa,malo
4414,48.0,M,formal_no_calificado,propia,bajo,bajo,309000.0,5816000.0,27.0,negocio,mora_severa,bueno
4415,19.0,M,formal_calificado,arrendada,bajo,sin_cuenta,0.0,5190000.0,24.0,educacion,al_dia,bueno
4416,54.0,F,formal_no_calificado,arrendada,bajo,bajo,,929000.0,9.0,remodelacion,al_dia,bueno
4417,38.0,M,formal_no_calificado,arrendada,bajo,bajo,306000.0,3868000.0,12.0,educacion,al_dia,malo
4418,28.0,M,formal_no_calificado,propia,medio,sin_cuenta,0.0,11384000.0,18.0,vehiculo,al_dia,bueno
4419,23.0,F,formal_no_calificado,propia,bajo,medio,1038000.0,6452000.0,30.0,electrodomesticos,mora_severa,bueno
4420,45.0,M,informal,propia,bajo,bajo,,2044000.0,18.0,libre_inversion,mora_leve,bueno
4421,24.0,F,formal_calificado,propia,bajo,medio,195000.0,6459000.0,24.0,remodelacion,al_dia,bueno
4422,38.0,M,informal,arrendada,alto,bajo,252000.0,7249000.0,,vehiculo,al_dia,bueno
4423,24.0,M,informal,familiar,bajo,sin_cuenta,0.0,4531000.0,24.0,libre_inversion,al_dia,malo
4424,33.0,F,formal_calificado,propia,bajo,sin_cuenta,0.0,5118000.0,12.0,libre_inversion,al_dia,bueno
4425,45.0,M,formal_calificado,arrendada,bajo,sin_cuenta,0.0,2912000.0,27.0,electrodomesticos,al_dia,bueno
4426,28.0,F,formal_no_calificado,propia,bajo,medio,964000.0,4396000.0,24.0,electrodomesticos,al_dia,bueno
4427,54.0,M,formal_no_calificado,propia,bajo,medio,1309000.0,3754000.0,42.0,educacion,al_dia,bueno
4428,40.0,M,alta_calificacion,arrendada,bajo,alto,4708000.0,4705000.0,15.0,negocio,al_dia,bueno
4429,25.0,M,informal,propia,bajo,medio,160000.0,10719000.0,21.0,vehiculo,al_dia,bueno
4430,23.0,M,informal,familiar,bajo,medio,595000.0,2883000.0,9.0,vehiculo,al_dia,bueno
4431,26.0,F,formal_no_calificado,familiar,bajo,sin_cuenta,0.0,2383000.0,9.0,libre_inversion,al_dia,bueno
4432,32.0,M,informal,propia,,bajo,254000.0,9753000.0,45.0,vehiculo,sin_creditos_previos,bueno
4433,56.0,F,formal_no_calificado,propia,bajo,bajo,61000.0,4230000.0,24.0,remodelacion,sin_creditos_previos,bueno
4434,61.0,F,alta_calificacion,propia,bajo,medio,906000.0,1325000.0,6.0,remodelacion,mora_severa,bueno
4435,28.0,M,informal,familiar,bajo,alto,2322000.0,3513000.0,24.0,libre_inversion,al_dia,bueno
4436,28.0,F,informal,propia,bajo,medio,275000.0,3118000.0,15.0,electrodomesticos,al_dia,bueno
4437,42.0,M,informal,arrendada,medio,medio,454000.0,11883000.0,24.0,negocio,al_dia,bueno
4438,42.0,F,formal_no_calificado,propia,bajo,medio,813000.0,7969000.0,30.0,libre_inversion,al_dia,bueno
4439,51.0,M,formal_calificado,arrendada,bajo,sin_cuenta,0.0,1957000.0,21.0,negocio,mora_severa,malo
4440,51.0,F,alta_calificacion,propia,medio,bajo,315000.0,2498000.0,15.0,libre_inversion,mora_severa,bueno
4441,26.0,M,formal_calificado,familiar,medio,medio,448000.0,8880000.0,18.0,vehiculo,al_dia,bueno
4442,22.0,M,alta_calificacion,arrendada,bajo,bajo,,8136000.0,27.0,vehiculo,al_dia,malo
4443,40.0,M,informal,propia,bajo,bajo,137000.0,4566000.0,27.0,libre_inversion,mora_leve,bueno
4444,35.0,M,informal,propia,bajo,sin_cuenta,0.0,3641000.0,12.0,libre_inversion,al_dia,bueno
4445,20.0,F,,arrendada,muy_alto,sin_cuenta,0.0,2838000.0,9.0,libre_inversion,mora_leve,malo
4446,22.0,M,formal_calificado,arrendada,,medio,489000.0,2365000.0,9.0,libre_inversion,mora_leve,bueno
4447,39.0,F,informal,familiar,muy_alto,medio,674000.0,1015000.0,15.0,electrodomesticos,mora_severa,malo
4448,31.0,M,informal,arrendada,bajo,bajo,136000.0,2996000.0,27.0,libre_inversion,al_dia,malo
4449,39.0,M,informal,familiar,medio,sin_cuenta,0.0,4149000.0,18.0,libre_inversion,al_dia,bueno
4450,24.0,M,informal,propia,bajo,sin_cuenta,0.0,500000.0,9.0,electrodomesticos,al_dia,bueno
4451,40.0,M,formal_no_calificado,familiar,alto,bajo,87000.0,6081000.0,21.0,electrodomesticos,mora_leve,malo
4452,37.0,F,formal_calificado,familiar,medio,sin_cuenta,0.0,4272000.0,18.0,remodelacion,mora_severa,bueno
4453,42.0,M,informal,arrendada,medio,sin_cuenta,0.0,2566000.0,,electrodomesticos,al_dia,malo
4454,29.0,F,formal_no_calificado,familiar,muy_alto,sin_cuenta,0.0,2866000.0,12.0,negocio,al_dia,bueno
4455,27.0,M,informal,arrendada,medio,sin_cuenta,0.0,7041000.0,21.0,libre_inversion,al_dia,bueno
4456,23.0,M,informal,arrendada,bajo,sin_cuenta,0.0,2441000.0,21.0,educacion,al_dia,bueno
4457,30.0,M,informal,propia,bajo,medio,314000.0,3182000.0,24.0,vehiculo,al_dia,bueno
4458,47.0,F,,propia,medio,bajo,238000.0,5510000.0,30.0,negocio,al_dia,bueno
4459,52.0,M,formal_no_calificado,arrendada,medio,bajo,195000.0,1395000.0,6.0,libre_inversion,al_dia,bueno
4460,24.0,F,formal_no_calificado,familiar,bajo,alto,3216000.0,4508000.0,12.0,otros,al_dia,bueno
4461,32.0,M,formal_calificado,familiar,bajo,bajo,236000.0,9585000.0,18.0,negocio,mora_severa,bueno
4462,57.0,M,informal,arrendada,alto,medio,332000.0,1911000.0,12.0,libre_inversion,mora_leve,bueno
4463,60.0,F,formal_calificado,familiar,bajo,sin_cuenta,0.0,7905000.0,21.0,vehiculo,al_dia,bueno
4464,30.0,F,formal_no_calificado,arrendada,bajo,sin_cuenta,0.0,4062000.0,18.0,libre_inversion,mora_severa,bueno
4465,49.0,F,informal,arrendada,bajo,sin_cuenta,0.0,1981000.0,9.0,libre_inversion,al_dia,bueno
4466,45.0,M,informal,propia,medio,alto,4783000.0,3113000.0,24.0,vehiculo,al_dia,bueno
4467,44.0,F,informal,arrendada,bajo,medio,773000.0,1086000.0,9.0,electrodomesticos,al_dia,bueno
4468,21.0,M,informal,arrendada,bajo,bajo,171000.0,10033000.0,21.0,vehiculo,sin_creditos_previos,bueno
4469,28.0,F,informal,arrendada,bajo,medio,1008000.0,7516000.0,9.0,vehiculo,mora_leve,bueno
4470,,M,informal,arrendada,bajo,sin_cuenta,0.0,8343000.0,21.0,vehiculo,mora_severa,malo
4471,31.0,F,formal_calificado,familiar,medio,bajo,184000.0,5764000.0,18.0,libre_inversion,al_dia,bueno
4472,32.0,M,formal_calificado,familiar,bajo,sin_cuenta,0.0,5222000.0,18.0,libre_inversion,mora_severa,malo
4473,63.0,F,formal_no_calificado,arrendada,bajo,bajo,136000.0,2354000.0,21.0,electrodomesticos,mora_leve,bueno
4474,30.0,F,formal_calificado,arrendada,bajo,sin_cuenta,0.0,2991000.0,30.0,libre_inversion,sin_creditos_previos,bueno
4475,,F,alta_calificacion,arrendada,bajo,bajo,311000.0,5456000.0,15.0,educacion,al_dia,bueno
4476,37.0,M,informal,arrendada,alto,bajo,,4712000.0,9.0,educacion,mora_severa,malo
4477,32.0,M,formal_no_calificado,arrendada,bajo,bajo,183000.0,2152000.0,15.0,otros,sin_creditos_previos,malo
4478,24.0,F,formal_no_calificado,familiar,bajo,sin_cuenta,0.0,17003000.0,30.0,vehiculo,mora_severa,malo
4479,34.0,F,alta_calificacion,familiar,bajo,bajo,150000.0,1303000.0,6.0,libre_inversion,mora_severa,bueno
4480,20.0,F,formal_calificado,arrendada,bajo,sin_cuenta,0.0,933000.0,9.0,libre_inversion,mora_severa,bueno
4481,38.0,M,informal,propia,bajo,sin_cuenta,0.0,6111000.0,18.0,vehiculo,al_dia,bueno
4482,20.0,M,formal_calificado,arrendada,bajo,bajo,56000.0,6728000.0,30.0,negocio,al_dia,bueno
4483,37.0,M,informal,familiar,alto,sin_cuenta,0.0,2036000.0,12.0,electrodomesticos,al_dia,bueno
4484,27.0,F,informal,familiar,alto,bajo,49000.0,3166000.0,15.0,otros,sin_creditos_previos,bueno
4485,25.0,M,formal_no_calificado,familiar,bajo,sin_cuenta,0.0,2717000.0,12.0,negocio,al_dia,bueno
4486,42.0,M,formal_calificado,arrendada,bajo,bajo,130000.0,2718000.0,15.0,vehiculo,mora_severa,bueno
4487,29.0,F,informal,arrendada,bajo,bajo,336000.0,7085000.0,27.0,vehiculo,al_dia,malo
4488,33.0,F,,propia,medio,sin_cuenta,0.0,10503000.0,27.0,libre_inversion,al_dia,malo
4489,22.0,F,formal_calificado,arrendada,bajo,sin_cuenta,0.0,3231000.0,27.0,educacion,al_dia,malo
4490,55.0,M,informal,propia,,bajo,107000.0,4490000.0,24.0,electrodomesticos,mora_leve,bueno
4491,34.0,M,formal_calificado,familiar,bajo,medio,744000.0,2365000.0,9.0,libre_inversion,mora_severa,bueno
4492,33.0,M,formal_no_calificado,propia,bajo,sin_cuenta,0.0,9334000.0,42.0,negocio,mora_severa,bueno
4493,39.0,M,formal_no_calificado,familiar,bajo,sin_cuenta,0.0,,39.0,educacion,al_dia,bueno
4494,19.0,F,informal,arrendada,muy_alto,medio,1263000.0,4126000.0,18.0,otros,mora_leve,bueno
4495,56.0,M,alta_calificacion,propia,bajo,sin_cuenta,0.0,5530000.0,30.0,libre_inversion,al_dia,bueno
4496,30.0,M,formal_calificado,arrendada,bajo,sin_cuenta,0.0,1059000.0,6.0,educacion,mora_severa,bueno
4497,55.0,M,informal,arrendada,bajo,sin_cuenta,0.0,8895000.0,33.0,remodelacion,mora_leve,bueno
4498,29.0,F,formal_no_calificado,arrendada,bajo,alto,4241000.0,8574000.0,21.0,libre_inversion,al_dia,bueno
4499,27.0,F,formal_calificado,arrendada,bajo,bajo,109000.0,,12.0,libre_inversion,al_dia,bueno
4500,38.0,M,informal,arrendada,bajo,sin_cuenta,0.0,6516000.0,33.0,libre_inversion,mora_leve,malo
4501,68.0,M,formal_no_calificado,propia,bajo,bajo,92000.0,500000.0,6.0,libre_inversion,mora_leve,bueno
4502,49.0,M,formal_calificado,familiar,bajo,sin_cuenta,0.0,5265000.0,,remodelacion,al_dia,bueno
4503,39.0,F,formal_no_calificado,familiar,bajo,sin_cuenta,0.0,6002000.0,33.0,negocio,al_dia,malo
4504,38.0,M,alta_calificacion,arrendada,bajo,alto,2234000.0,5479000.0,36.0,otros,al_dia,bueno
4505,34.0,M,,propia,muy_alto,bajo,75000.0,1031000.0,6.0,libre_inversion,al_dia,bueno
4506,54.0,F,alta_calificacion,arrendada,muy_alto,medio,752000.0,1788000.0,9.0,remodelacion,sin_creditos_previos,bueno
4507,43.0,M,alta_calificacion,propia,bajo,medio,1649000.0,2961000.0,9.0,libre_inversion,al_dia,bueno
4508,22.0,F,informal,familiar,bajo,sin_cuenta,0.0,4555000.0,27.0,libre_inversion,al_dia,bueno
4509,25.0,M,informal,propia,bajo,sin_cuenta,0.0,10649000.0,42.0,negocio,al_dia,bueno
4510,40.0,F,formal_no_calificado,propia,bajo,sin_cuenta,0.0,5131000.0,24.0,otros,al_dia,bueno
4511,24.0,M,formal_calificado,propia,medio,medio,619000.0,1596000.0,15.0,otros,al_dia,bueno
4512,34.0,M,informal,arrendada,bajo,sin_cuenta,0.0,10632000.0,39.0,vehiculo,al_dia,bueno
4513,,M,informal,arrendada,bajo,bajo,94000.0,4173000.0,39.0,educacion,mora_leve,malo
4514,38.0,M,formal_calificado,arrendada,bajo,sin_cuenta,0.0,17915000.0,42.0,vehiculo,mora_severa,malo
4515,23.0,F,informal,propia,medio,sin_cuenta,0.0,2313000.0,9.0,remodelacion,al_dia,bueno
4516,25.0,M,formal_no_calificado,familiar,bajo,bajo,,4720000.0,9.0,libre_inversion,sin_creditos_previos,malo
4517,38.0,M,formal_no_calificado,arrendada,bajo,sin_cuenta,0.0,564000.0,6.0,libre_inversion,al_dia,bueno
4518,65.0,F,alta_calificacion,propia,bajo,medio,686000.0,2548000.0,9.0,otros,al_dia,bueno
4519,32.0,M,informal,arrendada,bajo,alto,2335000.0,923000.0,6.0,vehiculo,mora_severa,bueno
4520,45.0,F,alta_calificacion,arrendada,bajo,medio,745000.0,5614000.0,30.0,negocio,al_dia,bueno
4521,38.0,F,formal_no_calificado,arrendada,bajo,bajo,121000.0,1456000.0,21.0,libre_inversion,mora_severa,bueno
4522,27.0,M,formal_calificado,arrendada,bajo,sin_cuenta,0.0,20852000.0,72.0,negocio,mora_severa,malo
4523,45.0,F,informal,arrendada,bajo,bajo,118000.0,3547000.0,18.0,otros,mora_severa,bueno
4524,21.0,F,formal_no_calificado,propia,bajo,sin_cuenta,0.0,,18.0,libre_inversion,mora_leve,malo
4525,43.0,F,formal_calificado,arrendada,alto,alto,1738000.0,3807000.0,33.0,vehiculo,al_dia,bueno
4526,39.0,M,formal_calificado,arrendada,medio,medio,423000.0,2496000.0,15.0,educacion,al_dia,bueno
4527,28.0,M,informal,arrendada,bajo,sin_cuenta,0.0,2493000.0,12.0,libre_inversion,al_dia,bueno
4528,24.0,F,formal_no_calificado,propia,medio,medio,390000.0,4502000.0,21.0,vehiculo,mora_severa,bueno
4529,28.0,F,informal,propia,bajo,sin_cuenta,0.0,3403000.0,18.0,libre_inversion,sin_creditos_previos,malo
4530,27.0,M,informal,propia,bajo,medio,364000.0,6635000.0,21.0,libre_inversion,mora_leve,malo
4531,30.0,M,formal_calificado,arrendada,bajo,bajo,112000.0,5890000.0,42.0,libre_inversion,mora_severa,bueno
4532,29.0,F,alta_calificacion,propia,bajo,medio,440000.0,1408000.0,12.0,libre_inversion,al_dia,bueno
4533,28.0,F,formal_no_calificado,arrendada,bajo,alto,2966000.0,2259000.0,12.0,libre_inversion,al_dia,bueno
4534,21.0,F,informal,propia,bajo,sin_cuenta,0.0,11901000.0,30.0,otros,al_dia,bueno
4535,24.0,F,informal,arrendada,,bajo,188000.0,2975000.0,12.0,libre_inversion,al_dia,bueno
4536,47.0,M,informal,arrendada,bajo,sin_cuenta,0.0,6332000.0,72.0,libre_inversion,al_dia,malo
4537,28.0,F,informal,propia,alto,medio,1865000.0,7209000.0,18.0,educacion,al_dia,bueno
4538,30.0,M,formal_calificado,arrendada,muy_alto,bajo,206000.0,3632000.0,21.0,educacion,al_dia,bueno
4539,29.0,M,informal,arrendada,bajo,alto,1710000.0,9526000.0,33.0,vehiculo,al_dia,bueno
4540,54.0,M,informal,arrendada,bajo,medio,1626000.0,3776000.0,21.0,vehiculo,mora_leve,bueno
4541,26.0,F,formal_calificado,arrendada,bajo,sin_cuenta,0.0,6409000.0,18.0,vehiculo,mora_severa,malo
4542,26.0,M,informal,propia,medio,sin_cuenta,0.0,2024000.0,30.0,otros,mora_severa,malo
4543,39.0,M,informal,propia,,bajo,53000.0,2167000.0,12.0,negocio,al_dia,bueno
4544,35.0,M,formal_no_calificado,arrendada,medio,sin_cuenta,0.0,,21.0,libre_inversion,mora_severa,malo
4545,40.0,M,,familiar,,sin_cuenta,0.0,3284000.0,9.0,vehiculo,mora_severa,malo
4546,40.0,M,formal_no_calificado,propia,bajo,bajo,103000.0,4345000.0,30.0,educacion,mora_severa,bueno
4547,45.0,M,formal_no_calificado,propia,medio,bajo,154000.0,2926000.0,15.0,educacion,al_dia,bueno
4548,23.0,M,formal_no_calificado,arrendada,bajo,bajo,212000.0,5541000.0,21.0,libre_inversion,al_dia,bueno
4549,38.0,M,informal,arrendada,bajo,sin_cuenta,0.0,7217000.0,36.0,otros,al_dia,malo
4550,26.0,F,informal,familiar,alto,sin_cuenta,0.0,3540000.0,12.0,educacion,mora_severa,bueno
4551,20.0,F,formal_no_calificado,propia,bajo,sin_cuenta,0.0,1828000.0,24.0,electrodomesticos,sin_creditos_previos,bueno
4552,39.0,F,informal,familiar,bajo,medio,499000.0,2831000.0,30.0,electrodomesticos,al_dia,bueno
4553,38.0,M,informal,arrendada,bajo,bajo,176000.0,8872000.0,27.0,electrodomesticos,al_dia,bueno
4554,33.0,M,informal,arrendada,bajo,bajo,,2660000.0,15.0,educacion,mora_severa,bueno
4555,45.0,M,informal,propia,bajo,alto,2704000.0,1014000.0,9.0,electrodomesticos,mora_severa,bueno
4556,26.0,F,informal,propia,bajo,medio,474000.0,7801000.0,36.0,educacion,mora_severa,bueno
4557,41.0,M,alta_calificacion,propia,bajo,sin_cuenta,0.0,3106000.0,9.0,negocio,mora_leve,bueno
4558,31.0,M,formal_no_calificado,arrendada,bajo,medio,,1298000.0,9.0,remodelacion,al_dia,bueno
4559,32.0,F,formal_no_calificado,propia,bajo,sin_cuenta,0.0,1070000.0,18.0,libre_inversion,mora_leve,bueno
4560,21.0,F,informal,propia,bajo,medio,346000.0,3496000.0,12.0,vehiculo,mora_severa,bueno
4561,46.0,M,informal,propia,bajo,sin_cuenta,0.0,4492000.0,24.0,libre_inversion,al_dia,bueno
4562,37.0,F,formal_calificado,familiar,medio,sin_cuenta,0.0,2439000.0,30.0,libre_inversion,al_dia,bueno
4563,40.0,M,formal_calificado,propia,bajo,alto,4086000.0,3820000.0,15.0,remodelacion,al_dia,bueno
4564,25.0,M,alta_calificacion,arrendada,bajo,bajo,70000.0,8506000.0,57.0,electrodomesticos,al_dia,malo
4565,,M,informal,arrendada,medio,sin_cuenta,0.0,3706000.0,12.0,libre_inversion,al_dia,bueno
4566,31.0,F,,familiar,bajo,medio,383000.0,842000.0,6.0,remodelacion,al_dia,bueno
4567,,M,formal_calificado,arrendada,bajo,sin_cuenta,0.0,4099000.0,18.0,libre_inversion,al_dia,bueno
4568,35.0,F,informal,arrendada,bajo,sin_cuenta,0.0,4044000.0,18.0,otros,sin_creditos_previos,malo
4569,58.0,M,informal,propia,bajo,bajo,209000.0,10547000.0,24.0,remodelacion,mora_severa,malo
4570,51.0,F,informal,propia,bajo,medio,469000.0,4328000.0,15.0,libre_inversion,al_dia,bueno
4571,30.0,F,informal,propia,medio,medio,437000.0,4600000.0,9.0,negocio,mora_severa,malo
4572,39.0,F,formal_calificado,arrendada,bajo,bajo,557000.0,3705000.0,18.0,libre_inversion,al_dia,bueno
4573,29.0,F,,propia,medio,bajo,167000.0,3666000.0,24.0,libre_inversion,mora_leve,malo
4574,45.0,F,formal_no_calificado,arrendada,medio,bajo,172000.0,12570000.0,21.0,vehiculo,al_dia,bueno
4575,32.0,F,informal,arrendada,bajo,sin_cuenta,0.0,2496000.0,24.0,libre_inversion,sin_creditos_previos,bueno
4576,28.0,M,formal_calificado,arrendada,medio,sin_cuenta,0.0,8830000.0,21.0,educacion,al_dia,bueno
4577,36.0,F,formal_no_calificado,propia,bajo,sin_cuenta,0.0,5241000.0,,otros,sin_creditos_previos,bueno
4578,49.0,M,formal_calificado,familiar,muy_alto,medio,672000.0,2737000.0,15.0,educacion,sin_creditos_previos,bueno
4579,46.0,M,formal_no_calificado,familiar,bajo,medio,915000.0,1927000.0,12.0,vehiculo,mora_leve,bueno
4580,29.0,M,alta_calificacion,propia,bajo,bajo,222000.0,7968000.0,45.0,libre_inversion,al_dia,bueno
4581,56.0,M,informal,arrendada,bajo,sin_cuenta,0.0,3017000.0,12.0,vehiculo,mora_severa,malo
4582,26.0,F,formal_no_calificado,familiar,bajo,bajo,,3915000.0,45.0,libre_inversion,al_dia,malo
4583,27.0,M,formal_calificado,familiar,medio,sin_cuenta,0.0,2813000.0,12.0,negocio,mora_severa,malo
4584,44.0,M,formal_calificado,arrendada,bajo,bajo,92000.0,10990000.0,39.0,libre_inversion,sin_creditos_previos,malo
4585,20.0,F,alta_calificacion,propia,medio,bajo,169000.0,5577000.0,30.0,libre_inversion,mora_severa,bueno
4586,33.0,F,informal,familiar,bajo,bajo,60000.0,,27.0,remodelacion,al_dia,malo
4587,30.0,M,formal_calificado,arrendada,muy_alto,sin_cuenta,0.0,675000.0,6.0,remodelacion,al_dia,bueno
4588,58.0,F,informal,arrendada,bajo,alto,797000.0,1949000.0,12.0,otros,al_dia,bueno
4589,24.0,M,formal_no_calificado,propia,bajo,sin_cuenta,0.0,7569000.0,21.0,otros,mora_leve,bueno
4590,25.0,M,informal,familiar,bajo,sin_cuenta,0.0,9885000.0,,vehiculo,mora_leve,malo
4591,61.0,F,informal,arrendada,alto,sin_cuenta,0.0,4564000.0,18.0,negocio,al_dia,bueno
4592,30.0,F,alta_calificacion,arrendada,medio,medio,400000.0,2296000.0,9.0,otros,al_dia,bueno
4593,49.0,F,formal_calificado,arrendada,bajo,medio,1306000.0,9876000.0,18.0,negocio,al_dia,malo
4594,29.0,M,formal_no_calificado,propia,alto,bajo,206000.0,7847000.0,24.0,otros,al_dia,bueno
4595,27.0,M,,arrendada,bajo,bajo,228000.0,2403000.0,15.0,electrodomesticos,sin_creditos_previos,bueno
4596,50.0,M,informal,arrendada,bajo,bajo,62000.0,,42.0,libre_inversion,mora_leve,malo
4597,67.0,F,informal,arrendada,bajo,sin_cuenta,0.0,8622000.0,18.0,negocio,al_dia,bueno
4598,51.0,M,informal,familiar,bajo,sin_cuenta,0.0,8841000.0,33.0,vehiculo,al_dia,bueno
4599,28.0,M,formal_calificado,arrendada,bajo,sin_cuenta,0.0,2873000.0,12.0,negocio,al_dia,malo
4600,,M,formal_no_calificado,propia,bajo,bajo,179000.0,2260000.0,27.0,electrodomesticos,al_dia,bueno
4601,25.0,F,informal,propia,bajo,bajo,143000.0,2133000.0,12.0,electrodomesticos,al_dia,bueno
4602,26.0,M,formal_calificado,arrendada,bajo,alto,719000.0,12466000.0,27.0,negocio,mora_leve,bueno
4603,26.0,F,informal,propia,bajo,bajo,395000.0,3673000.0,,vehiculo,mora_severa,bueno
4604,29.0,M,informal,arrendada,bajo,medio,722000.0,2415000.0,9.0,libre_inversion,al_dia,bueno
4605,34.0,M,informal,arrendada,bajo,alto,2133000.0,5374000.0,15.0,educacion,mora_severa,bueno
4606,33.0,M,informal,propia,bajo,sin_cuenta,0.0,2787000.0,12.0,libre_inversion,al_dia,bueno
4607,42.0,M,formal_no_calificado,propia,bajo,bajo,357000.0,4550000.0,15.0,negocio,mora_severa,bueno
4608,35.0,F,formal_calificado,arrendada,bajo,medio,973000.0,2606000.0,9.0,negocio,al_dia,bueno
4609,40.0,F,formal_no_calificado,propia,medio,bajo,270000.0,2273000.0,9.0,vehiculo,al_dia,bueno
4610,43.0,M,formal_calificado,arrendada,bajo,medio,469000.0,3898000.0,12.0,remodelacion,al_dia,bueno
4611,29.0,M,alta_calificacion,propia,bajo,bajo,337000.0,2075000.0,6.0,libre_inversion,al_dia,bueno
4612,31.0,M,formal_calificado,familiar,muy_alto,medio,807000.0,7833000.0,36.0,educacion,sin_creditos_previos,bueno
4613,75.0,F,alta_calificacion,arrendada,medio,sin_cuenta,0.0,4850000.0,18.0,vehiculo,sin_creditos_previos,malo
4614,28.0,F,alta_calificacion,arrendada,bajo,medio,766000.0,5031000.0,21.0,libre_inversion,mora_severa,bueno
4615,41.0,F,formal_calificado,familiar,medio,sin_cuenta,0.0,2975000.0,15.0,negocio,mora_severa,bueno
4616,23.0,M,informal,familiar,bajo,sin_cuenta,0.0,5588000.0,9.0,vehiculo,sin_creditos_previos,bueno
4617,43.0,M,informal,familiar,bajo,sin_cuenta,0.0,8566000.0,24.0,educacion,al_dia,malo
4618,27.0,F,formal_calificado,propia,bajo,bajo,131000.0,8741000.0,21.0,vehiculo,al_dia,bueno
4619,34.0,M,,propia,bajo,sin_cuenta,0.0,1321000.0,9.0,otros,mora_leve,bueno
4620,23.0,F,formal_calificado,arrendada,alto,sin_cuenta,0.0,5383000.0,27.0,remodelacion,al_dia,bueno
4621,32.0,F,,arrendada,bajo,bajo,190000.0,915000.0,9.0,remodelacion,al_dia,bueno
4622,33.0,F,formal_calificado,arrendada,bajo,bajo,140000.0,2406000.0,18.0,libre_inversion,al_dia,bueno
4623,31.0,F,formal_calificado,arrendada,bajo,sin_cuenta,0.0,8747000.0,30.0,educacion,sin_creditos_previos,bueno
4624,,M,formal_no_calificado,propia,bajo,bajo,89000.0,3523000.0,39.0,electrodomesticos,al_dia,malo
4625,48.0,F,informal,propia,bajo,medio,1339000.0,10348000.0,15.0,remodelacion,mora_severa,bueno
4626,25.0,M,formal_no_calificado,arrendada,bajo,medio,855000.0,2914000.0,12.0,negocio,mora_severa,malo
4627,31.0,F,informal,arrendada,alto,bajo,171000.0,1341000.0,9.0,remodelacion,al_dia,bueno
4628,23.0,M,informal,familiar,bajo,medio,955000.0,2395000.0,15.0,electrodomesticos,al_dia,bueno
4629,21.0,F,formal_no_calificado,arrendada,bajo,medio,446000.0,5443000.0,15.0,negocio,mora_severa,bueno
4630,35.0,F,informal,propia,bajo,sin_cuenta,0.0,12878000.0,33.0,educacion,mora_severa,malo
4631,25.0,F,alta_calificacion,propia,bajo,sin_cuenta,0.0,3379000.0,18.0,educacion,al_dia,bueno
4632,33.0,M,formal_no_calificado,arrendada,bajo,sin_cuenta,0.0,1844000.0,9.0,negocio,mora_severa,malo
4633,35.0,M,formal_calificado,propia,bajo,bajo,,3854000.0,27.0,libre_inversion,al_dia,bueno
4634,22.0,F,informal,arrendada,bajo,alto,3273000.0,6951000.0,30.0,electrodomesticos,al_dia,bueno
4635,37.0,F,,arrendada,bajo,sin_cuenta,0.0,8635000.0,21.0,libre_inversion,al_dia,bueno
4636,47.0,M,formal_no_calificado,familiar,medio,bajo,144000.0,4679000.0,30.0,educacion,al_dia,bueno
4637,40.0,F,formal_no_calificado,arrendada,bajo,sin_cuenta,0.0,5571000.0,18.0,vehiculo,al_dia,bueno
4638,25.0,F,formal_no_calificado,propia,,bajo,157000.0,11282000.0,27.0,remodelacion,mora_severa,bueno
4639,32.0,F,formal_no_calificado,arrendada,bajo,medio,1134000.0,3315000.0,12.0,libre_inversion,mora_severa,malo
4640,34.0,F,formal_no_calificado,propia,muy_alto,medio,296000.0,6334000.0,39.0,remodelacion,al_dia,bueno
4641,32.0,F,formal_calificado,propia,medio,alto,2603000.0,1022000.0,9.0,libre_inversion,mora_severa,bueno
4642,23.0,F,formal_calificado,arrendada,bajo,bajo,169000.0,14945000.0,66.0,vehiculo,al_dia,bueno
4643,,M,informal,arrendada,bajo,medio,436000.0,9085000.0,48.0,electrodomesticos,mora_leve,bueno
4644,31.0,F,alta_calificacion,propia,bajo,medio,697000.0,4090000.0,39.0,remodelacion,al_dia,bueno
4645,35.0,F,informal,arrendada,,medio,317000.0,1796000.0,12.0,electrodomesticos,al_dia,bueno
4646,,F,informal,arrendada,bajo,alto,1060000.0,2665000.0,15.0,educacion,al_dia,malo
4647,21.0,F,informal,propia,bajo,sin_cuenta,0.0,2030000.0,15.0,libre_inversion,sin_creditos_previos,bueno
4648,28.0,F,informal,arrendada,bajo,sin_cuenta,0.0,2141000.0,12.0,remodelacion,al_dia,bueno
4649,58.0,M,informal,propia,bajo,sin_cuenta,0.0,6059000.0,12.0,vehiculo,al_dia,bueno
4650,37.0,M,formal_calificado,arrendada,bajo,medio,359000.0,5749000.0,24.0,libre_inversion,al_dia,bueno
4651,35.0,M,formal_no_calificado,arrendada,alto,sin_cuenta,0.0,7305000.0,15.0,negocio,al_dia,bueno
4652,26.0,F,alta_calificacion,arrendada,alto,medio,360000.0,1062000.0,9.0,otros,mora_leve,bueno
4653,29.0,F,informal,arrendada,bajo,bajo,277000.0,545000.0,6.0,libre_inversion,al_dia,bueno
4654,21.0,M,,arrendada,bajo,medio,735000.0,6032000.0,30.0,libre_inversion,al_dia,bueno
4655,26.0,M,informal,propia,bajo,medio,547000.0,4330000.0,,educacion,sin_creditos_previos,bueno
4656,37.0,F,formal_no_calificado,arrendada,bajo,bajo,115000.0,2447000.0,18.0,otros,mora_severa,bueno
4657,35.0,M,informal,propia,bajo,sin_cuenta,0.0,820000.0,6.0,vehiculo,mora_severa,bueno
4658,,M,formal_calificado,propia,bajo,bajo,76000.0,2920000.0,9.0,educacion,mora_severa,malo
4659,32.0,M,formal_calificado,arrendada,alto,alto,3760000.0,851000.0,18.0,libre_inversion,al_dia,bueno
4660,33.0,F,informal,propia,bajo,sin_cuenta,0.0,6251000.0,24.0,libre_inversion,mora_severa,bueno
4661,28.0,F,informal,arrendada,bajo,sin_cuenta,0.0,1639000.0,,libre_inversion,al_dia,bueno
4662,,F,informal,arrendada,bajo,medio,1015000.0,5252000.0,18.0,remodelacion,al_dia,bueno
4663,35.0,M,informal,arrendada,medio,sin_cuenta,0.0,2692000.0,21.0,electrodomesticos,mora_severa,malo
4664,29.0,M,formal_no_calificado,familiar,bajo,sin_cuenta,0.0,924000.0,12.0,remodelacion,sin_creditos_previos,bueno
4665,23.0,F,formal_no_calificado,arrendada,bajo,medio,1680000.0,2845000.0,33.0,libre_inversion,al_dia,bueno
4666,28.0,F,formal_calificado,familiar,bajo,medio,693000.0,1189000.0,9.0,libre_inversion,mora_severa,bueno
4667,28.0,M,alta_calificacion,arrendada,bajo,sin_cuenta,0.0,6618000.0,21.0,electrodomesticos,al_dia,bueno
4668,27.0,F,informal,arrendada,bajo,alto,6871000.0,3159000.0,15.0,electrodomesticos,al_dia,bueno
4669,22.0,F,alta_calificacion,arrendada,muy_alto,medio,451000.0,7114000.0,24.0,vehiculo,al_dia,bueno
4670,52.0,F,formal_calificado,familiar,bajo,sin_cuenta,0.0,2962000.0,18.0,remodelacion,al_dia,malo
4671,51.0,M,informal,arrendada,bajo,bajo,244000.0,11159000.0,33.0,vehiculo,mora_leve,bueno
4672,31.0,M,formal_calificado,familiar,bajo,medio,,4110000.0,9.0,negocio,al_dia,bueno
4673,35.0,M,formal_no_calificado,arrendada,bajo,medio,,3641000.0,15.0,educacion,al_dia,bueno
4674,38.0,F,formal_calificado,familiar,medio,bajo,272000.0,3956000.0,24.0,vehiculo,al_dia,bueno
4675,31.0,F,formal_calificado,arrendada,bajo,bajo,,12123000.0,21.0,negocio,mora_severa,bueno
4676,36.0,M,formal_calificado,propia,muy_alto,sin_cuenta,0.0,4417000.0,27.0,electrodomesticos,mora_severa,malo
4677,39.0,M,formal_calificado,propia,bajo,bajo,82000.0,6831000.0,27.0,vehiculo,al_dia,bueno
4678,34.0,M,formal_calificado,arrendada,medio,sin_cuenta,0.0,6856000.0,,remodelacion,mora_leve,bueno
4679,42.0,F,informal,propia,bajo,medio,577000.0,6305000.0,21.0,otros,mora_severa,bueno
4680,27.0,F,alta_calificacion,propia,alto,sin_cuenta,0.0,5993000.0,27.0,libre_inversion,mora_leve,bueno
4681,32.0,M,formal_no_calificado,propia,bajo,sin_cuenta,0.0,4186000.0,18.0,libre_inversion,mora_severa,malo
4682,75.0,F,formal_calificado,arrendada,bajo,sin_cuenta,0.0,10158000.0,24.0,educacion,mora_leve,malo
4683,46.0,F,formal_calificado,propia,bajo,medio,2313000.0,2277000.0,9.0,vehiculo,al_dia,bueno
4684,35.0,F,informal,arrendada,bajo,bajo,150000.0,3941000.0,21.0,negocio,al_dia,bueno
4685,24.0,F,informal,arrendada,medio,bajo,,5550000.0,21.0,vehiculo,al_dia,bueno
4686,33.0,M,formal_calificado,arrendada,bajo,bajo,86000.0,10370000.0,42.0,otros,al_dia,malo
4687,44.0,F,alta_calificacion,arrendada,medio,bajo,103000.0,4550000.0,15.0,libre_inversion,sin_creditos_previos,bueno
4688,41.0,F,formal_calificado,propia,bajo,medio,534000.0,1743000.0,9.0,otros,mora_severa,malo
4689,21.0,F,formal_no_calificado,familiar,bajo,sin_cuenta,0.0,1325000.0,9.0,educacion,mora_severa,malo
4690,22.0,F,informal,familiar,bajo,sin_cuenta,0.0,16113000.0,42.0,otros,sin_creditos_previos,malo
4691,22.0,M,formal_no_calificado,propia,bajo,medio,705000.0,3860000.0,36.0,libre_inversion,mora_severa,bueno
4692,38.0,F,informal,propia,bajo,bajo,149000.0,5580000.0,21.0,vehiculo,mora_leve,malo
4693,22.0,F,formal_calificado,arrendada,alto,bajo,331000.0,872000.0,6.0,libre_inversion,al_dia,bueno
4694,25.0,M,formal_no_calificado,familiar,bajo,sin_cuenta,0.0,7266000.0,21.0,educacion,mora_severa,malo
4695,31.0,F,,familiar,bajo,medio,546000.0,4171000.0,24.0,libre_inversion,mora_severa,bueno
4696,47.0,M,formal_no_calificado,familiar,,alto,1301000.0,5266000.0,18.0,electrodomesticos,mora_severa,bueno
4697,38.0,F,alta_calificacion,familiar,bajo,bajo,186000.0,5817000.0,21.0,libre_inversion,sin_creditos_previos,malo
4698,30.0,M,formal_no_calificado,arrendada,bajo,sin_cuenta,0.0,2176000.0,15.0,remodelacion,al_dia,bueno
4699,42.0,M,informal,propia,alto,sin_cuenta,0.0,1157000.0,6.0,educacion,sin_creditos_previos,bueno
4700,66.0,F,formal_no_calificado,propia,bajo,sin_cuenta,0.0,4360000.0,30.0,libre_inversion,mora_severa,bueno
4701,33.0,F,formal_no_calificado,propia,bajo,bajo,115000.0,8890000.0,21.0,remodelacion,al_dia,bueno
4702,23.0,F,informal,propia,bajo,bajo,144000.0,9917000.0,36.0,libre_inversion,mora_severa,bueno
4703,25.0,F,formal_calificado,propia,bajo,bajo,109000.0,2177000.0,27.0,otros,mora_severa,malo
4704,25.0,M,informal,arrendada,bajo,sin_cuenta,0.0,4710000.0,12.0,negocio,sin_creditos_previos,bueno
4705,26.0,F,formal_no_calificado,arrendada,alto,sin_cuenta,0.0,1179000.0,6.0,libre_inversion,mora_severa,bueno
4706,29.0,F,,propia,bajo,alto,1418000.0,4314000.0,24.0,vehiculo,al_dia,bueno
4707,35.0,M,formal_no_calificado,familiar,medio,sin_cuenta,0.0,1648000.0,18.0,electrodomesticos,mora_severa,malo
4708,22.0,F,formal_no_calificado,familiar,bajo,alto,2225000.0,3444000.0,18.0,educacion,al_dia,bueno
4709,23.0,M,formal_calificado,propia,medio,bajo,127000.0,1277000.0,21.0,otros,al_dia,bueno
4710,39.0,M,informal,propia,medio,sin_cuenta,0.0,2336000.0,6.0,vehiculo,al_dia,bueno
4711,28.0,M,informal,arrendada,medio,bajo,251000.0,2529000.0,18.0,electrodomesticos,mora_severa,bueno
4712,26.0,F,formal_calificado,familiar,bajo,alto,2032000.0,2082000.0,12.0,libre_inversion,al_dia,bueno
4713,30.0,M,formal_calificado,arrendada,bajo,medio,477000.0,7039000.0,21.0,vehiculo,al_dia,bueno
4714,50.0,F,informal,propia,bajo,sin_cuenta,0.0,1909000.0,12.0,otros,al_dia,bueno
4715,41.0,M,informal,arrendada,bajo,sin_cuenta,0.0,,15.0,otros,al_dia,bueno
4716,40.0,F,,familiar,bajo,bajo,,3720000.0,15.0,vehiculo,al_dia,bueno
4717,57.0,M,informal,propia,muy_alto,sin_cuenta,0.0,2013000.0,15.0,libre_inversion,al_dia,malo
4718,36.0,M,alta_calificacion,arrendada,bajo,sin_cuenta,0.0,5309000.0,30.0,electrodomesticos,al_dia,bueno
4719,60.0,M,formal_calificado,arrendada,bajo,medio,778000.0,3047000.0,15.0,vehiculo,mora_leve,bueno
4720,62.0,M,informal,propia,bajo,bajo,358000.0,4776000.0,30.0,educacion,mora_severa,malo
4721,23.0,M,informal,familiar,bajo,medio,297000.0,1429000.0,6.0,remodelacion,sin_creditos_previos,bueno
4722,22.0,F,alta_calificacion,propia,bajo,bajo,,1332000.0,12.0,remodelacion,al_dia,bueno
4723,25.0,F,informal,familiar,bajo,sin_cuenta,0.0,1699000.0,6.0,vehiculo,al_dia,bueno
4724,48.0,F,formal_no_calificado,arrendada,,sin_cuenta,0.0,5954000.0,27.0,remodelacion,mora_severa,malo
4725,30.0,M,informal,propia,medio,medio,545000.0,4309000.0,18.0,remodelacion,al_dia,bueno
4726,29.0,F,,arrendada,bajo,bajo,179000.0,3950000.0,15.0,remodelacion,al_dia,bueno
4727,43.0,M,formal_calificado,propia,muy_alto,bajo,99000.0,1895000.0,12.0,remodelacion,al_dia,bueno
4728,28.0,F,formal_no_calificado,propia,bajo,sin_cuenta,0.0,5228000.0,30.0,negocio,al_dia,malo
4729,,F,,propia,bajo,sin_cuenta,0.0,3187000.0,21.0,libre_inversion,al_dia,bueno
4730,,M,formal_no_calificado,familiar,medio,sin_cuenta,0.0,2557000.0,12.0,libre_inversion,al_dia,malo
4731,25.0,M,formal_no_calificado,familiar,alto,sin_cuenta,0.0,8049000.0,51.0,libre_inversion,al_dia,malo
4732,24.0,F,informal,propia,,medio,283000.0,1983000.0,15.0,remodelacion,al_dia,bueno
4733,33.0,M,formal_calificado,arrendada,bajo,medio,1396000.0,5930000.0,6.0,vehiculo,al_dia,bueno
4734,34.0,F,,familiar,bajo,medio,1028000.0,2966000.0,33.0,electrodomesticos,mora_leve,malo
4735,42.0,F,informal,arrendada,bajo,medio,391000.0,1251000.0,12.0,libre_inversion,mora_severa,bueno
4736,24.0,M,alta_calificacion,propia,bajo,bajo,327000.0,2642000.0,12.0,negocio,mora_severa,bueno
4737,26.0,M,formal_no_calificado,arrendada,bajo,sin_cuenta,0.0,4793000.0,24.0,electrodomesticos,al_dia,bueno
4738,62.0,M,informal,arrendada,bajo,bajo,192000.0,5218000.0,21.0,libre_inversion,mora_severa,bueno
4739,45.0,F,informal,propia,muy_alto,sin_cuenta,0.0,9407000.0,12.0,vehiculo,al_dia,bueno
4740,31.0,M,informal,arrendada,medio,medio,215000.0,2528000.0,12.0,vehiculo,al_dia,bueno
4741,48.0,M,informal,arrendada,bajo,medio,782000.0,6897000.0,27.0,negocio,al_dia,bueno
4742,24.0,M,informal,arrendada,bajo,bajo,119000.0,8707000.0,18.0,negocio,mora_leve,bueno
4743,30.0,F,formal_calificado,propia,,sin_cuenta,0.0,3421000.0,27.0,educacion,al_dia,bueno
4744,34.0,F,formal_no_calificado,arrendada,bajo,sin_cuenta,0.0,10309000.0,18.0,vehiculo,al_dia,bueno
4745,29.0,F,informal,arrendada,bajo,sin_cuenta,0.0,1642000.0,9.0,otros,al_dia,bueno
4746,30.0,F,formal_calificado,arrendada,alto,sin_cuenta,0.0,2743000.0,21.0,libre_inversion,mora_leve,bueno
4747,41.0,F,formal_calificado,propia,bajo,alto,4510000.0,2351000.0,24.0,remodelacion,mora_severa,bueno
4748,45.0,F,formal_no_calificado,arrendada,,sin_cuenta,0.0,2613000.0,15.0,electrodomesticos,mora_leve,bueno
4749,28.0,M,alta_calificacion,arrendada,medio,alto,2598000.0,11964000.0,18.0,vehiculo,mora_leve,bueno
4750,23.0,M,informal,propia,bajo,bajo,91000.0,2753000.0,12.0,libre_inversion,al_dia,bueno
4751,22.0,F,informal,arrendada,alto,bajo,128000.0,,9.0,libre_inversion,mora_severa,bueno
4752,20.0,M,informal,arrendada,alto,sin_cuenta,0.0,6342000.0,27.0,educacion,al_dia,bueno
4753,57.0,M,informal,arrendada,bajo,sin_cuenta,0.0,3200000.0,9.0,remodelacion,sin_creditos_previos,bueno
4754,,F,formal_no_calificado,arrendada,bajo,bajo,183000.0,6430000.0,21.0,otros,al_dia,bueno
4755,38.0,F,informal,arrendada,bajo,bajo,279000.0,1678000.0,30.0,remodelacion,al_dia,malo
4756,27.0,M,formal_no_calificado,arrendada,bajo,bajo,193000.0,3900000.0,24.0,libre_inversion,al_dia,bueno
4757,27.0,M,formal_calificado,arrendada,alto,sin_cuenta,0.0,3791000.0,27.0,libre_inversion,al_dia,bueno
4758,46.0,M,formal_calificado,familiar,bajo,sin_cuenta,0.0,7788000.0,33.0,remodelacion,mora_severa,malo
4759,22.0,M,formal_no_calificado,arrendada,alto,sin_cuenta,0.0,,6.0,libre_inversion,al_dia,bueno
4760,29.0,M,formal_no_calificado,propia,muy_alto,medio,592000.0,5588000.0,24.0,libre_inversion,al_dia,bueno
4761,49.0,M,formal_calificado,familiar,bajo,bajo,,8096000.0,21.0,vehiculo,mora_severa,malo
4762,29.0,F,formal_no_calificado,propia,,sin_cuenta,0.0,1549000.0,18.0,educacion,al_dia,bueno
4763,40.0,M,informal,arrendada,bajo,medio,2051000.0,1893000.0,24.0,remodelacion,al_dia,bueno
4764,,M,,familiar,bajo,sin_cuenta,0.0,2614000.0,9.0,libre_inversion,al_dia,bueno
4765,19.0,F,informal,propia,bajo,medio,1291000.0,7070000.0,36.0,negocio,sin_creditos_previos,malo
4766,31.0,M,formal_no_calificado,propia,bajo,bajo,133000.0,9199000.0,24.0,otros,al_dia,bueno
4767,33.0,M,formal_no_calificado,propia,bajo,medio,847000.0,2004000.0,6.0,educacion,mora_severa,bueno
4768,31.0,M,informal,familiar,bajo,sin_cuenta,0.0,1957000.0,24.0,libre_inversion,al_dia,bueno
4769,24.0,F,informal,arrendada,bajo,medio,447000.0,923000.0,6.0,educacion,al_dia,bueno
4770,31.0,M,formal_calificado,arrendada,,medio,517000.0,4419000.0,30.0,electrodomesticos,al_dia,bueno
4771,20.0,M,informal,propia,bajo,sin_cuenta,0.0,4543000.0,30.0,libre_inversion,al_dia,bueno
4772,29.0,F,informal,propia,bajo,sin_cuenta,0.0,1912000.0,9.0,remodelacion,mora_leve,bueno
4773,41.0,F,informal,propia,bajo,medio,683000.0,653000.0,,otros,al_dia,bueno
4774,56.0,F,informal,familiar,bajo,bajo,272000.0,9242000.0,24.0,vehiculo,al_dia,malo
4775,52.0,F,formal_calificado,propia,bajo,bajo,144000.0,1226000.0,6.0,libre_inversion,al_dia,bueno
4776,24.0,F,informal,familiar,bajo,sin_cuenta,0.0,4137000.0,15.0,libre_inversion,al_dia,malo
4777,22.0,M,,arrendada,bajo,sin_cuenta,0.0,4952000.0,39.0,electrodomesticos,al_dia,bueno
4778,34.0,M,alta_calificacion,familiar,bajo,medio,726000.0,2385000.0,15.0,educacion,sin_creditos_previos,bueno
4779,32.0,M,formal_no_calificado,arrendada,bajo,sin_cuenta,0.0,5407000.0,27.0,libre_inversion,al_dia,bueno
4780,39.0,M,formal_no_calificado,arrendada,,sin_cuenta,0.0,8008000.0,36.0,libre_inversion,al_dia,bueno
4781,27.0,M,formal_no_calificado,propia,bajo,sin_cuenta,0.0,9629000.0,33.0,negocio,mora_severa,malo
4782,33.0,M,informal,arrendada,,medio,405000.0,11153000.0,21.0,negocio,al_dia,malo
4783,32.0,F,informal,arrendada,bajo,sin_cuenta,0.0,2209000.0,12.0,negocio,sin_creditos_previos,bueno
4784,29.0,F,informal,propia,alto,bajo,490000.0,10212000.0,36.0,libre_inversion,mora_leve,malo
4785,21.0,M,informal,familiar,medio,bajo,110000.0,620000.0,6.0,otros,sin_creditos_previos,bueno
4786,41.0,M,informal,propia,bajo,sin_cuenta,0.0,4206000.0,9.0,vehiculo,al_dia,bueno
4787,34.0,M,formal_no_calificado,propia,bajo,sin_cuenta,0.0,1071000.0,21.0,electrodomesticos,al_dia,bueno
4788,42.0,M,informal,arrendada,bajo,sin_cuenta,0.0,10827000.0,39.0,vehiculo,mora_severa,malo
4789,46.0,M,informal,arrendada,bajo,sin_cuenta,0.0,8690000.0,33.0,otros,mora_severa,malo
4790,31.0,M,formal_no_calificado,propia,bajo,medio,282000.0,2387000.0,15.0,libre_inversion,al_dia,bueno
4791,41.0,M,formal_no_calificado,familiar,muy_alto,medio,1725000.0,4828000.0,30.0,otros,mora_severa,bueno
4792,56.0,F,formal_no_calificado,propia,muy_alto,medio,608000.0,3532000.0,18.0,otros,al_dia,bueno
4793,64.0,M,informal,arrendada,bajo,medio,754000.0,1516000.0,15.0,negocio,al_dia,bueno
4794,36.0,F,formal_calificado,propia,,sin_cuenta,0.0,8970000.0,24.0,vehiculo,al_dia,bueno
4795,37.0,M,formal_calificado,propia,medio,medio,373000.0,3185000.0,15.0,vehiculo,al_dia,bueno
4796,35.0,M,formal_no_calificado,arrendada,bajo,bajo,206000.0,6993000.0,24.0,libre_inversion,al_dia,bueno
4797,39.0,M,formal_calificado,familiar,alto,medio,1266000.0,9160000.0,30.0,vehiculo,mora_severa,bueno
4798,45.0,F,informal,arrendada,bajo,alto,1840000.0,5684000.0,27.0,libre_inversion,mora_severa,bueno
4799,35.0,M,informal,propia,bajo,sin_cuenta,0.0,1168000.0,9.0,remodelacion,al_dia,bueno
4800,62.0,M,informal,propia,alto,bajo,605000.0,5266000.0,12.0,negocio,sin_creditos_previos,bueno
4801,59.0,F,formal_no_calificado,familiar,bajo,sin_cuenta,0.0,6296000.0,39.0,otros,al_dia,bueno
4802,33.0,M,formal_calificado,propia,bajo,medio,1058000.0,4683000.0,30.0,vehiculo,al_dia,bueno
4803,33.0,M,informal,arrendada,medio,sin_cuenta,0.0,5324000.0,21.0,vehiculo,al_dia,bueno
4804,28.0,F,informal,propia,alto,sin_cuenta,0.0,2736000.0,15.0,electrodomesticos,al_dia,bueno
4805,39.0,M,formal_calificado,propia,bajo,medio,617000.0,9137000.0,30.0,negocio,mora_severa,bueno
4806,30.0,F,informal,propia,bajo,sin_cuenta,0.0,3196000.0,12.0,libre_inversion,mora_severa,bueno
4807,28.0,M,formal_no_calificado,propia,bajo,bajo,304000.0,6460000.0,24.0,vehiculo,al_dia,bueno
4808,39.0,F,informal,arrendada,medio,bajo,255000.0,5941000.0,18.0,libre_inversion,mora_severa,malo
4809,24.0,M,alta_calificacion,arrendada,bajo,bajo,194000.0,8345000.0,21.0,educacion,al_dia,bueno
4810,45.0,F,informal,familiar,bajo,sin_cuenta,0.0,2149000.0,15.0,vehiculo,al_dia,bueno
4811,40.0,F,formal_calificado,propia,medio,sin_cuenta,0.0,5898000.0,27.0,otros,sin_creditos_previos,bueno
4812,57.0,F,formal_no_calificado,arrendada,bajo,bajo,,2182000.0,6.0,otros,sin_creditos_previos,bueno
4813,36.0,F,alta_calificacion,arrendada,,bajo,147000.0,3417000.0,9.0,negocio,al_dia,bueno
4814,42.0,F,,propia,bajo,alto,1538000.0,1954000.0,15.0,electrodomesticos,mora_severa,bueno
4815,,M,formal_calificado,propia,bajo,medio,670000.0,1632000.0,18.0,otros,mora_severa,bueno
4816,44.0,M,informal,propia,bajo,bajo,116000.0,9729000.0,36.0,vehiculo,al_dia,bueno
4817,50.0,M,formal_no_calificado,propia,medio,sin_cuenta,0.0,7451000.0,30.0,vehiculo,sin_creditos_previos,malo
4818,35.0,M,formal_calificado,arrendada,bajo,medio,699000.0,4641000.0,9.0,vehiculo,mora_leve,bueno
4819,28.0,M,formal_no_calificado,propia,bajo,sin_cuenta,0.0,7223000.0,21.0,remodelacion,al_dia,bueno
4820,36.0,F,formal_calificado,arrendada,bajo,alto,876000.0,3110000.0,18.0,libre_inversion,mora_severa,bueno
4821,45.0,F,formal_calificado,arrendada,bajo,alto,4984000.0,534000.0,6.0,electrodomesticos,mora_severa,bueno
4822,48.0,F,informal,arrendada,medio,alto,3193000.0,1471000.0,24.0,otros,al_dia,bueno
4823,21.0,M,,propia,bajo,sin_cuenta,0.0,5133000.0,21.0,libre_inversion,al_dia,malo
4824,75.0,F,informal,arrendada,bajo,sin_cuenta,0.0,6921000.0,30.0,libre_inversion,mora_severa,malo
4825,28.0,F,formal_calificado,arrendada,bajo,bajo,,1140000.0,18.0,otros,mora_severa,bueno
4826,42.0,F,formal_no_calificado,familiar,,bajo,239000.0,4581000.0,12.0,negocio,al_dia,bueno
4827,53.0,F,informal,propia,bajo,sin_cuenta,0.0,5066000.0,18.0,libre_inversion,mora_severa,bueno
4828,,M,formal_calificado,propia,bajo,bajo,65000.0,828000.0,9.0,vehiculo,mora_leve,bueno
4829,49.0,M,informal,familiar,bajo,medio,630000.0,3052000.0,15.0,vehiculo,al_dia,bueno
4830,21.0,F,informal,propia,bajo,sin_cuenta,0.0,7366000.0,12.0,libre_inversion,al_dia,malo
4831,49.0,F,formal_no_calificado,propia,bajo,sin_cuenta,0.0,6734000.0,36.0,libre_inversion,al_dia,bueno
4832,47.0,F,formal_no_calificado,familiar,medio,bajo,241000.0,9912000.0,18.0,libre_inversion,al_dia,malo
4833,38.0,F,informal,arrendada,bajo,sin_cuenta,0.0,2985000.0,12.0,remodelacion,al_dia,bueno
4834,46.0,F,formal_calificado,arrendada,bajo,medio,812000.0,22157000.0,42.0,vehiculo,al_dia,bueno
4835,59.0,F,formal_calificado,propia,bajo,medio,,5116000.0,18.0,vehiculo,al_dia,bueno
4836,53.0,F,formal_calificado,propia,bajo,medio,542000.0,1695000.0,,libre_inversion,al_dia,bueno
4837,33.0,F,alta_calificacion,propia,medio,medio,314000.0,1355000.0,15.0,libre_inversion,al_dia,bueno
4838,36.0,M,informal,arrendada,bajo,bajo,135000.0,4561000.0,27.0,electrodomesticos,al_dia,bueno
4839,31.0,M,informal,arrendada,bajo,medio,589000.0,3330000.0,24.0,educacion,al_dia,bueno
4840,30.0,M,informal,arrendada,bajo,bajo,92000.0,2283000.0,21.0,otros,al_dia,bueno
4841,44.0,M,formal_calificado,familiar,bajo,medio,,851000.0,9.0,libre_inversion,al_dia,bueno
4842,31.0,F,informal,familiar,bajo,sin_cuenta,0.0,7256000.0,39.0,libre_inversion,mora_severa,malo
4843,44.0,F,alta_calificacion,propia,bajo,medio,864000.0,9259000.0,30.0,remodelacion,al_dia,bueno
4844,32.0,M,formal_no_calificado,arrendada,bajo,sin_cuenta,0.0,15102000.0,54.0,vehiculo,al_dia,bueno
4845,34.0,M,formal_calificado,arrendada,medio,sin_cuenta,0.0,2076000.0,18.0,electrodomesticos,al_dia,bueno
4846,26.0,M,,arrendada,bajo,bajo,378000.0,,18.0,remodelacion,al_dia,bueno
4847,43.0,F,formal_calificado,familiar,bajo,sin_cuenta,0.0,982000.0,6.0,vehiculo,mora_leve,bueno
4848,21.0,F,formal_no_calificado,arrendada,bajo,sin_cuenta,0.0,11732000.0,15.0,vehiculo,al_dia,bueno
4849,50.0,M,formal_no_calificado,arrendada,bajo,medio,1229000.0,1113000.0,6.0,vehiculo,mora_severa,bueno
4850,73.0,M,formal_calificado,propia,bajo,bajo,68000.0,4742000.0,15.0,vehiculo,sin_creditos_previos,malo
4851,34.0,F,,arrendada,bajo,medio,1303000.0,7283000.0,33.0,libre_inversion,al_dia,bueno
4852,34.0,M,formal_calificado,arrendada,bajo,medio,878000.0,7173000.0,24.0,libre_inversion,mora_severa,bueno
4853,22.0,F,formal_calificado,arrendada,alto,bajo,109000.0,2211000.0,36.0,electrodomesticos,mora_severa,malo
4854,28.0,F,formal_calificado,arrendada,bajo,alto,2075000.0,5474000.0,27.0,libre_inversion,sin_creditos_previos,malo
4855,46.0,M,informal,arrendada,bajo,sin_cuenta,0.0,2170000.0,15.0,libre_inversion,al_dia,malo
4856,48.0,M,informal,arrendada,bajo,sin_cuenta,0.0,4934000.0,9.0,vehiculo,mora_leve,bueno
4857,35.0,M,informal,familiar,medio,sin_cuenta,0.0,7225000.0,30.0,vehiculo,al_dia,bueno
4858,45.0,M,formal_no_calificado,propia,medio,medio,662000.0,1386000.0,18.0,libre_inversion,mora_severa,bueno
4859,26.0,M,informal,arrendada,bajo,sin_cuenta,0.0,11417000.0,33.0,negocio,mora_severa,malo
4860,38.0,M,alta_calificacion,arrendada,bajo,bajo,115000.0,3932000.0,21.0,libre_inversion,mora_leve,bueno
4861,55.0,M,alta_calificacion,arrendada,muy_alto,bajo,178000.0,16364000.0,24.0,negocio,al_dia,bueno
4862,41.0,F,,arrendada,bajo,medio,721000.0,7205000.0,27.0,otros,mora_severa,malo
4863,59.0,M,formal_calificado,arrendada,bajo,medio,435000.0,4407000.0,36.0,libre_inversion,al_dia,bueno
4864,,F,informal,arrendada,medio,sin_cuenta,0.0,5446000.0,18.0,libre_inversion,sin_creditos_previos,bueno
4865,39.0,M,informal,propia,bajo,sin_cuenta,0.0,3608000.0,18.0,libre_inversion,mora_severa,malo
4866,18.0,M,informal,familiar,bajo,medio,927000.0,11112000.0,,negocio,al_dia,bueno
4867,48.0,M,formal_calificado,arrendada,medio,medio,1237000.0,1486000.0,12.0,otros,mora_severa,bueno
4868,24.0,M,formal_calificado,propia,muy_alto,sin_cuenta,0.0,2989000.0,27.0,electrodomesticos,al_dia,bueno
4869,19.0,M,informal,propia,bajo,medio,1059000.0,6881000.0,30.0,otros,al_dia,bueno
4870,21.0,F,informal,propia,bajo,sin_cuenta,0.0,16056000.0,57.0,educacion,mora_leve,malo
4871,49.0,F,formal_no_calificado,propia,bajo,sin_cuenta,0.0,1347000.0,27.0,electrodomesticos,mora_severa,bueno
4872,39.0,M,formal_no_calificado,propia,alto,sin_cuenta,0.0,13715000.0,36.0,negocio,al_dia,bueno
4873,36.0,M,informal,propia,medio,medio,811000.0,3380000.0,15.0,vehiculo,al_dia,bueno
4874,41.0,M,formal_calificado,familiar,alto,medio,523000.0,5613000.0,15.0,vehiculo,al_dia,bueno
4875,21.0,F,alta_calificacion,arrendada,bajo,bajo,,1841000.0,18.0,remodelacion,al_dia,bueno
4876,31.0,M,informal,familiar,bajo,medio,491000.0,3857000.0,12.0,educacion,al_dia,bueno
4877,27.0,M,formal_calificado,arrendada,bajo,bajo,391000.0,12071000.0,27.0,vehiculo,sin_creditos_previos,malo
4878,35.0,F,formal_no_calificado,arrendada,bajo,sin_cuenta,0.0,2759000.0,12.0,vehiculo,mora_severa,bueno
4879,35.0,F,formal_no_calificado,familiar,bajo,medio,547000.0,2834000.0,12.0,libre_inversion,al_dia,bueno
4880,,F,formal_calificado,propia,bajo,sin_cuenta,0.0,2306000.0,12.0,libre_inversion,sin_creditos_previos,bueno
4881,42.0,M,formal_no_calificado,arrendada,bajo,medio,400000.0,10473000.0,24.0,vehiculo,al_dia,bueno
4882,21.0,M,formal_no_calificado,familiar,bajo,medio,695000.0,863000.0,12.0,electrodomesticos,al_dia,bueno
4883,31.0,M,informal,familiar,medio,medio,128000.0,1327000.0,12.0,libre_inversion,mora_severa,bueno
4884,33.0,F,formal_calificado,arrendada,bajo,bajo,71000.0,1663000.0,12.0,libre_inversion,al_dia,bueno
4885,23.0,F,informal,familiar,medio,medio,444000.0,1186000.0,6.0,libre_inversion,mora_severa,bueno
4886,23.0,M,informal,arrendada,bajo,sin_cuenta,0.0,9794000.0,15.0,negocio,al_dia,malo
4887,21.0,F,formal_no_calificado,propia,bajo,bajo,1888000.0,6387000.0,27.0,remodelacion,al_dia,bueno
4888,22.0,M,informal,propia,bajo,sin_cuenta,0.0,7069000.0,24.0,libre_inversion,mora_severa,bueno
4889,45.0,F,informal,arrendada,medio,bajo,86000.0,3488000.0,24.0,remodelacion,al_dia,malo
4890,22.0,M,informal,propia,bajo,medio,620000.0,2730000.0,27.0,electrodomesticos,al_dia,bueno
4891,22.0,M,formal_calificado,propia,medio,sin_cuenta,0.0,2600000.0,27.0,electrodomesticos,al_dia,bueno
4892,34.0,M,formal_no_calificado,propia,bajo,sin_cuenta,0.0,,15.0,educacion,al_dia,bueno
4893,38.0,F,informal,familiar,bajo,bajo,959000.0,11907000.0,27.0,vehiculo,al_dia,bueno
4894,33.0,M,formal_calificado,familiar,alto,alto,2339000.0,,9.0,libre_inversion,al_dia,bueno
4895,24.0,M,formal_calificado,familiar,bajo,medio,2364000.0,3827000.0,21.0,educacion,al_dia,bueno
4896,23.0,F,informal,arrendada,bajo,bajo,314000.0,3083000.0,12.0,libre_inversion,al_dia,bueno
4897,34.0,F,formal_no_calificado,familiar,bajo,alto,,2900000.0,12.0,negocio,al_dia,bueno
4898,32.0,F,informal,arrendada,bajo,medio,599000.0,4190000.0,36.0,otros,mora_severa,malo
4899,29.0,F,formal_no_calificado,arrendada,medio,medio,611000.0,4294000.0,15.0,vehiculo,mora_severa,bueno
4900,44.0,F,formal_calificado,arrendada,muy_alto,bajo,152000.0,6114000.0,,educacion,al_dia,bueno
4901,31.0,F,informal,propia,medio,bajo,186000.0,13293000.0,30.0,negocio,mora_severa,malo
4902,23.0,M,formal_no_calificado,arrendada,medio,sin_cuenta,0.0,8978000.0,12.0,negocio,al_dia,malo
4903,29.0,M,,arrendada,bajo,medio,,2458000.0,24.0,libre_inversion,al_dia,bueno
4904,40.0,M,formal_no_calificado,familiar,medio,sin_cuenta,0.0,4796000.0,21.0,libre_inversion,al_dia,bueno
4905,31.0,M,informal,propia,bajo,medio,1538000.0,2040000.0,18.0,electrodomesticos,al_dia,bueno
4906,39.0,M,formal_calificado,propia,bajo,medio,382000.0,1428000.0,12.0,electrodomesticos,mora_severa,malo
4907,42.0,M,formal_no_calificado,propia,bajo,bajo,130000.0,6481000.0,42.0,vehiculo,al_dia,bueno
4908,31.0,M,informal,propia,bajo,sin_cuenta,0.0,4323000.0,12.0,libre_inversion,al_dia,malo
4909,33.0,F,formal_calificado,familiar,bajo,sin_cuenta,0.0,5692000.0,39.0,vehiculo,mora_severa,malo
4910,30.0,F,informal,arrendada,muy_alto,medio,1827000.0,6886000.0,24.0,libre_inversion,mora_severa,malo
4911,40.0,F,formal_no_calificado,propia,medio,sin_cuenta,0.0,8070000.0,30.0,vehiculo,al_dia,bueno
4912,30.0,F,formal_no_calificado,arrendada,medio,sin_cuenta,0.0,2695000.0,21.0,libre_inversion,al_dia,bueno
4913,38.0,M,informal,arrendada,medio,sin_cuenta,0.0,9089000.0,45.0,vehiculo,al_dia,malo
4914,35.0,M,informal,propia,medio,bajo,200000.0,6692000.0,51.0,electrodomesticos,mora_leve,bueno
4915,21.0,M,informal,arrendada,bajo,bajo,105000.0,5032000.0,18.0,vehiculo,al_dia,bueno
4916,39.0,F,formal_calificado,propia,bajo,sin_cuenta,0.0,2907000.0,15.0,libre_inversion,al_dia,bueno
4917,34.0,M,formal_calificado,arrendada,,bajo,249000.0,2722000.0,,vehiculo,mora_severa,bueno
4918,51.0,F,informal,familiar,bajo,bajo,182000.0,1099000.0,15.0,libre_inversion,mora_severa,bueno
4919,24.0,M,informal,propia,bajo,bajo,90000.0,2831000.0,36.0,libre_inversion,al_dia,bueno
4920,36.0,M,formal_calificado,arrendada,bajo,medio,401000.0,8588000.0,27.0,remodelacion,mora_severa,bueno
4921,29.0,M,informal,arrendada,bajo,sin_cuenta,0.0,4097000.0,9.0,remodelacion,al_dia,bueno
4922,21.0,M,informal,propia,bajo,bajo,210000.0,2734000.0,9.0,vehiculo,al_dia,bueno
4923,20.0,F,formal_calificado,arrendada,bajo,sin_cuenta,0.0,5125000.0,21.0,otros,al_dia,bueno
4924,55.0,F,informal,propia,medio,sin_cuenta,0.0,8667000.0,36.0,educacion,al_dia,malo
4925,36.0,F,alta_calificacion,propia,bajo,bajo,203000.0,6374000.0,12.0,negocio,mora_leve,bueno
4926,31.0,F,,arrendada,bajo,medio,1002000.0,13843000.0,24.0,vehiculo,mora_severa,malo
4927,22.0,M,formal_calificado,propia,alto,bajo,106000.0,2209000.0,30.0,electrodomesticos,al_dia,malo
4928,54.0,M,informal,arrendada,bajo,medio,579000.0,6448000.0,,remodelacion,mora_leve,bueno
4929,27.0,F,informal,arrendada,bajo,medio,438000.0,1882000.0,9.0,electrodomesticos,al_dia,bueno
4930,36.0,M,informal,arrendada,medio,sin_cuenta,0.0,5050000.0,15.0,remodelacion,mora_severa,malo
4931,34.0,M,alta_calificacion,familiar,medio,bajo,126000.0,7208000.0,15.0,vehiculo,mora_leve,bueno
4932,64.0,M,formal_no_calificado,propia,bajo,bajo,,5518000.0,30.0,libre_inversion,mora_severa,malo
4933,33.0,F,informal,arrendada,bajo,bajo,313000.0,4405000.0,15.0,educacion,mora_severa,bueno
4934,28.0,M,alta_calificacion,arrendada,muy_alto,bajo,149000.0,1587000.0,9.0,vehiculo,al_dia,bueno
4935,36.0,F,informal,arrendada,bajo,alto,760000.0,,27.0,electrodomesticos,mora_leve,bueno
4936,37.0,M,informal,familiar,bajo,bajo,284000.0,8264000.0,12.0,vehiculo,al_dia,malo
4937,75.0,M,informal,propia,bajo,medio,1041000.0,2098000.0,9.0,electrodomesticos,al_dia,bueno
4938,31.0,M,formal_calificado,propia,muy_alto,bajo,,7090000.0,15.0,remodelacion,al_dia,bueno
4939,23.0,M,informal,arrendada,bajo,medio,1240000.0,1170000.0,9.0,electrodomesticos,al_dia,bueno
4940,29.0,M,informal,arrendada,bajo,bajo,356000.0,767000.0,6.0,libre_inversion,mora_severa,bueno
4941,36.0,F,alta_calificacion,arrendada,bajo,sin_cuenta,0.0,1112000.0,6.0,libre_inversion,al_dia,bueno
4942,38.0,M,formal_no_calificado,arrendada,,bajo,209000.0,,24.0,libre_inversion,mora_severa,malo
4943,,M,informal,propia,bajo,bajo,95000.0,1639000.0,18.0,electrodomesticos,mora_severa,bueno
4944,28.0,M,formal_no_calificado,arrendada,bajo,sin_cuenta,0.0,16471000.0,57.0,vehiculo,al_dia,bueno
4945,63.0,M,informal,arrendada,bajo,medio,539000.0,5141000.0,15.0,libre_inversion,sin_creditos_previos,malo
4946,25.0,F,formal_no_calificado,arrendada,alto,medio,589000.0,8011000.0,42.0,libre_inversion,sin_creditos_previos,malo
4947,44.0,M,informal,propia,bajo,medio,476000.0,4175000.0,24.0,educacion,sin_creditos_previos,bueno
4948,30.0,F,formal_no_calificado,familiar,bajo,sin_cuenta,0.0,4137000.0,15.0,libre_inversion,al_dia,malo
4949,34.0,M,formal_calificado,arrendada,bajo,bajo,278000.0,2473000.0,9.0,vehiculo,sin_creditos_previos,bueno
4950,22.0,M,informal,propia,medio,medio,676000.0,,21.0,vehiculo,al_dia,malo
4951,31.0,F,informal,propia,bajo,alto,934000.0,,12.0,vehiculo,al_dia,bueno
4952,36.0,M,,arrendada,medio,sin_cuenta,0.0,,21.0,libre_inversion,mora_severa,malo
4953,33.0,F,formal_calificado,familiar,bajo,sin_cuenta,0.0,2442000.0,12.0,remodelacion,mora_severa,bueno
4954,,M,formal_calificado,arrendada,bajo,sin_cuenta,0.0,3342000.0,9.0,libre_inversion,sin_creditos_previos,bueno
4955,41.0,M,formal_calificado,familiar,bajo,bajo,145000.0,,6.0,remodelacion,mora_severa,bueno
4956,23.0,F,alta_calificacion,arrendada,bajo,medio,,6753000.0,21.0,vehiculo,al_dia,bueno
4957,36.0,M,formal_calificado,arrendada,bajo,sin_cuenta,0.0,2733000.0,18.0,electrodomesticos,mora_leve,bueno
4958,20.0,F,alta_calificacion,arrendada,bajo,medio,136000.0,2550000.0,9.0,vehiculo,al_dia,bueno
4959,49.0,F,formal_no_calificado,propia,alto,sin_cuenta,0.0,1437000.0,18.0,otros,al_dia,bueno
4960,31.0,M,informal,propia,alto,sin_cuenta,0.0,4277000.0,9.0,vehiculo,al_dia,bueno
4961,43.0,M,formal_no_calificado,arrendada,bajo,bajo,221000.0,3908000.0,18.0,libre_inversion,al_dia,bueno
4962,,F,informal,propia,bajo,bajo,112000.0,7023000.0,18.0,vehiculo,al_dia,malo
4963,41.0,M,informal,propia,bajo,sin_cuenta,0.0,2116000.0,27.0,electrodomesticos,al_dia,bueno
4964,26.0,F,informal,propia,muy_alto,sin_cuenta,0.0,3669000.0,9.0,libre_inversion,al_dia,bueno
4965,33.0,M,informal,propia,bajo,sin_cuenta,0.0,1557000.0,6.0,negocio,mora_severa,malo
4966,41.0,M,formal_calificado,propia,bajo,medio,,14082000.0,39.0,libre_inversion,al_dia,bueno
4967,32.0,M,informal,propia,bajo,medio,529000.0,1522000.0,24.0,otros,mora_severa,bueno
4968,39.0,F,informal,familiar,bajo,bajo,114000.0,3328000.0,12.0,vehiculo,al_dia,bueno
4969,30.0,F,,arrendada,bajo,alto,1939000.0,9605000.0,36.0,electrodomesticos,mora_severa,bueno
4970,54.0,F,formal_no_calificado,arrendada,bajo,bajo,107000.0,10642000.0,54.0,remodelacion,al_dia,bueno
4971,31.0,M,informal,propia,bajo,sin_cuenta,0.0,,24.0,libre_inversion,mora_severa,bueno
4972,32.0,M,informal,propia,medio,bajo,73000.0,3807000.0,18.0,vehiculo,sin_creditos_previos,bueno
4973,32.0,M,,familiar,bajo,medio,332000.0,2037000.0,9.0,libre_inversion,al_dia,malo
4974,33.0,M,formal_calificado,arrendada,bajo,medio,560000.0,5695000.0,15.0,libre_inversion,al_dia,malo
4975,23.0,M,informal,familiar,bajo,alto,1919000.0,1812000.0,9.0,remodelacion,mora_severa,malo
4976,25.0,F,alta_calificacion,propia,bajo,bajo,114000.0,7585000.0,24.0,libre_inversion,mora_severa,bueno
4977,45.0,M,informal,arrendada,bajo,medio,451000.0,10054000.0,66.0,electrodomesticos,al_dia,bueno
4978,43.0,M,formal_calificado,arrendada,muy_alto,medio,409000.0,6474000.0,24.0,vehiculo,sin_creditos_previos,malo
4979,42.0,F,informal,propia,bajo,medio,418000.0,8727000.0,36.0,otros,mora_severa,malo
4980,38.0,M,,familiar,bajo,alto,2175000.0,8495000.0,18.0,negocio,mora_severa,bueno
4981,28.0,F,informal,propia,,sin_cuenta,0.0,3960000.0,24.0,libre_inversion,al_dia,malo
4982,27.0,M,informal,arrendada,bajo,bajo,89000.0,2286000.0,15.0,educacion,sin_creditos_previos,bueno
4983,32.0,M,alta_calificacion,propia,bajo,sin_cuenta,0.0,835000.0,9.0,libre_inversion,mora_severa,bueno
4984,48.0,F,formal_calificado,arrendada,,medio,1017000.0,2562000.0,6.0,vehiculo,al_dia,bueno
4985,35.0,F,informal,arrendada,bajo,bajo,229000.0,9124000.0,60.0,educacion,al_dia,bueno
4986,25.0,F,formal_calificado,arrendada,bajo,sin_cuenta,0.0,2999000.0,12.0,libre_inversion,mora_severa,bueno
4987,22.0,M,informal,familiar,medio,bajo,86000.0,,18.0,educacion,mora_severa,malo
4988,43.0,M,alta_calificacion,propia,medio,sin_cuenta,0.0,1433000.0,,libre_inversion,al_dia,bueno
4989,54.0,F,informal,familiar,bajo,bajo,104000.0,4211000.0,15.0,negocio,al_dia,malo
4990,22.0,M,informal,arrendada,bajo,sin_cuenta,0.0,4825000.0,27.0,vehiculo,al_dia,bueno
4991,44.0,F,informal,familiar,bajo,alto,,6331000.0,27.0,libre_inversion,al_dia,bueno
4992,38.0,M,informal,arrendada,bajo,bajo,163000.0,5114000.0,18.0,libre_inversion,mora_leve,bueno
4993,26.0,M,alta_calificacion,arrendada,bajo,alto,1845000.0,11777000.0,30.0,electrodomesticos,al_dia,bueno
4994,35.0,M,informal,arrendada,bajo,sin_cuenta,0.0,2062000.0,12.0,remodelacion,al_dia,bueno
4995,24.0,F,informal,familiar,medio,sin_cuenta,0.0,5106000.0,39.0,remodelacion,al_dia,bueno
4996,31.0,M,formal_calificado,familiar,bajo,alto,1387000.0,5240000.0,72.0,electrodomesticos,mora_leve,bueno
4997,33.0,F,informal,arrendada,bajo,medio,680000.0,10385000.0,33.0,vehiculo,al_dia,bueno
4998,50.0,M,informal,arrendada,bajo,sin_cuenta,0.0,5844000.0,18.0,remodelacion,mora_severa,malo
4999,30.0,M,formal_no_calificado,arrendada,,medio,1412000.0,3566000.0,12.0,libre_inversion,al_dia,bueno
5000,27.0,M,informal,propia,bajo,sin_cuenta,0.0,3732000.0,9.0,libre_inversion,mora_severa,malo
5001,37.0,F,formal_calificado,propia,bajo,sin_cuenta,0.0,4134000.0,18.0,libre_inversion,al_dia,bueno
5002,40.0,F,formal_no_calificado,arrendada,medio,medio,632000.0,1123000.0,9.0,educacion,mora_severa,bueno
5003,27.0,M,informal,arrendada,bajo,medio,209000.0,7746000.0,21.0,vehiculo,al_dia,bueno
5004,25.0,M,formal_no_calificado,arrendada,bajo,medio,336000.0,1286000.0,18.0,libre_inversion,mora_severa,bueno
5005,25.0,F,informal,arrendada,bajo,sin_cuenta,0.0,3127000.0,12.0,negocio,mora_severa,malo
5006,50.0,M,formal_no_calificado,propia,medio,sin_cuenta,0.0,5669000.0,21.0,vehiculo,al_dia,bueno
5007,39.0,F,formal_no_calificado,propia,bajo,sin_cuenta,0.0,4957000.0,21.0,libre_inversion,sin_creditos_previos,bueno
5008,30.0,F,formal_calificado,propia,bajo,bajo,483000.0,9661000.0,24.0,vehiculo,mora_severa,malo
5009,47.0,M,formal_no_calificado,propia,bajo,sin_cuenta,0.0,2205000.0,18.0,otros,al_dia,bueno
5010,,F,formal_calificado,arrendada,alto,medio,636000.0,3589000.0,24.0,educacion,mora_leve,bueno
5011,32.0,F,informal,arrendada,bajo,medio,682000.0,4840000.0,36.0,electrodomesticos,al_dia,bueno
5012,24.0,M,alta_calificacion,familiar,,alto,2262000.0,2468000.0,9.0,educacion,al_dia,bueno
5013,46.0,M,informal,propia,bajo,medio,433000.0,1778000.0,9.0,electrodomesticos,sin_creditos_previos,bueno
5014,26.0,M,formal_calificado,familiar,medio,sin_cuenta,0.0,4459000.0,27.0,educacion,mora_severa,bueno
5015,26.0,F,formal_no_calificado,arrendada,bajo,bajo,107000.0,3596000.0,12.0,negocio,al_dia,bueno
5016,36.0,F,informal,propia,bajo,medio,386000.0,7077000.0,36.0,vehiculo,al_dia,bueno
5017,,M,informal,arrendada,bajo,sin_cuenta,0.0,5989000.0,30.0,vehiculo,al_dia,bueno
5018,23.0,M,alta_calificacion,familiar,bajo,sin_cuenta,0.0,2686000.0,36.0,libre_inversion,mora_severa,bueno
5019,42.0,M,formal_calificado,propia,,sin_cuenta,0.0,1048000.0,6.0,remodelacion,al_dia,bueno
5020,25.0,M,,arrendada,alto,bajo,,6291000.0,18.0,libre_inversion,mora_severa,bueno
5021,74.0,M,informal,propia,bajo,alto,948000.0,15292000.0,24.0,vehiculo,al_dia,bueno
5022,35.0,M,formal_no_calificado,propia,alto,bajo,74000.0,2109000.0,9.0,otros,mora_severa,bueno
5023,21.0,M,informal,propia,bajo,bajo,97000.0,9590000.0,18.0,vehiculo,mora_severa,bueno
5024,55.0,F,formal_no_calificado,propia,bajo,bajo,110000.0,5843000.0,21.0,libre_inversion,mora_severa,bueno
5025,35.0,F,informal,arrendada,medio,medio,427000.0,2546000.0,12.0,libre_inversion,sin_creditos_previos,bueno
5026,31.0,M,formal_calificado,propia,bajo,sin_cuenta,0.0,514000.0,9.0,otros,al_dia,bueno
5027,35.0,F,formal_calificado,arrendada,bajo,bajo,649000.0,9628000.0,15.0,remodelacion,mora_severa,bueno
5028,21.0,M,informal,familiar,medio,medio,552000.0,7577000.0,39.0,remodelacion,mora_severa,bueno
5029,32.0,M,formal_no_calificado,familiar,bajo,alto,2406000.0,7110000.0,24.0,vehiculo,mora_severa,bueno
5030,25.0,F,informal,propia,bajo,sin_cuenta,0.0,,21.0,electrodomesticos,mora_severa,malo
5031,32.0,M,informal,propia,medio,sin_cuenta,0.0,4256000.0,30.0,electrodomesticos,mora_severa,malo
5032,28.0,M,informal,arrendada,bajo,medio,581000.0,12448000.0,18.0,educacion,sin_creditos_previos,bueno
5033,34.0,M,informal,propia,bajo,medio,326000.0,1383000.0,15.0,electrodomesticos,al_dia,bueno
5034,30.0,F,informal,propia,muy_alto,sin_cuenta,0.0,6619000.0,12.0,vehiculo,mora_severa,bueno
5035,28.0,M,formal_no_calificado,arrendada,bajo,sin_cuenta,0.0,1821000.0,15.0,electrodomesticos,mora_severa,bueno
5036,25.0,F,formal_calificado,arrendada,bajo,sin_cuenta,0.0,6174000.0,27.0,remodelacion,al_dia,bueno
5037,21.0,M,formal_no_calificado,propia,bajo,bajo,,803000.0,6.0,libre_inversion,mora_severa,bueno
5038,21.0,M,alta_calificacion,propia,muy_alto,sin_cuenta,0.0,3739000.0,15.0,vehiculo,al_dia,bueno
5039,23.0,F,formal_calificado,familiar,bajo,sin_cuenta,0.0,10963000.0,18.0,vehiculo,mora_leve,bueno
5040,40.0,F,informal,familiar,bajo,medio,684000.0,5802000.0,15.0,negocio,al_dia,bueno
5041,24.0,M,formal_no_calificado,arrendada,bajo,sin_cuenta,0.0,11849000.0,30.0,vehiculo,mora_severa,malo
5042,27.0,F,formal_calificado,arrendada,bajo,alto,1418000.0,2445000.0,24.0,remodelacion,al_dia,bueno
5043,27.0,F,informal,arrendada,bajo,bajo,135000.0,2365000.0,15.0,vehiculo,al_dia,bueno
5044,29.0,M,informal,propia,bajo,bajo,495000.0,4013000.0,30.0,educacion,mora_severa,malo
5045,38.0,M,alta_calificacion,familiar,bajo,alto,2505000.0,2324000.0,9.0,negocio,mora_severa,bueno
5046,30.0,M,formal_calificado,propia,bajo,sin_cuenta,0.0,4319000.0,24.0,libre_inversion,mora_leve,bueno
5047,43.0,F,formal_calificado,arrendada,bajo,sin_cuenta,0.0,2722000.0,12.0,libre_inversion,mora_severa,malo
5048,23.0,F,formal_calificado,propia,bajo,bajo,113000.0,8515000.0,24.0,remodelacion,sin_creditos_previos,bueno
5049,41.0,M,informal,arrendada,bajo,bajo,130000.0,9258000.0,21.0,remodelacion,al_dia,bueno
5050,53.0,F,formal_calificado,arrendada,bajo,bajo,123000.0,3083000.0,21.0,electrodomesticos,al_dia,bueno
5051,32.0,M,formal_calificado,arrendada,bajo,alto,1967000.0,4650000.0,21.0,vehiculo,mora_severa,bueno
5052,24.0,F,informal,arrendada,muy_alto,alto,2013000.0,5370000.0,18.0,educacion,al_dia,bueno
5053,38.0,F,informal,arrendada,bajo,sin_cuenta,0.0,5059000.0,21.0,remodelacion,sin_creditos_previos,malo
5054,32.0,M,informal,arrendada,bajo,sin_cuenta,0.0,3853000.0,9.0,vehiculo,al_dia,malo
5055,36.0,M,formal_calificado,arrendada,bajo,bajo,301000.0,10537000.0,18.0,vehiculo,al_dia,bueno
5056,44.0,M,formal_calificado,arrendada,bajo,alto,3164000.0,1346000.0,9.0,otros,mora_leve,bueno
5057,29.0,F,formal_calificado,arrendada,bajo,sin_cuenta,0.0,28302000.0,45.0,vehiculo,mora_severa,bueno
5058,28.0,M,informal,arrendada,bajo,sin_cuenta,0.0,1201000.0,12.0,libre_inversion,mora_severa,bueno
5059,75.0,F,formal_no_calificado,propia,bajo,sin_cuenta,0.0,9161000.0,39.0,otros,mora_severa,malo
5060,38.0,M,informal,arrendada,alto,alto,3405000.0,5249000.0,33.0,remodelacion,al_dia,bueno
5061,47.0,M,alta_calificacion,propia,bajo,sin_cuenta,0.0,2271000.0,15.0,electrodomesticos,mora_severa,bueno
5062,43.0,F,formal_no_calificado,arrendada,bajo,bajo,156000.0,3026000.0,,educacion,mora_leve,bueno
5063,47.0,M,formal_calificado,arrendada,bajo,sin_cuenta,0.0,2460000.0,15.0,libre_inversion,mora_severa,bueno
5064,,F,informal,familiar,bajo,bajo,402000.0,4836000.0,51.0,electrodomesticos,al_dia,malo
5065,45.0,M,informal,propia,medio,bajo,211000.0,1946000.0,15.0,libre_inversion,al_dia,malo
5066,27.0,M,informal,arrendada,bajo,bajo,,11958000.0,36.0,negocio,mora_leve,bueno
5067,21.0,M,formal_calificado,propia,medio,sin_cuenta,0.0,9686000.0,39.0,libre_inversion,al_dia,bueno
5068,25.0,M,informal,familiar,bajo,sin_cuenta,0.0,,12.0,libre_inversion,mora_severa,bueno
5069,31.0,F,formal_calificado,propia,bajo,sin_cuenta,0.0,3058000.0,18.0,libre_inversion,mora_leve,malo
5070,30.0,M,informal,arrendada,bajo,medio,680000.0,1023000.0,6.0,vehiculo,al_dia,bueno
5071,32.0,M,formal_no_calificado,propia,bajo,medio,562000.0,4986000.0,21.0,libre_inversion,al_dia,bueno
5072,26.0,M,informal,arrendada,bajo,sin_cuenta,0.0,1242000.0,21.0,electrodomesticos,al_dia,bueno
5073,20.0,F,informal,propia,bajo,sin_cuenta,0.0,8092000.0,18.0,educacion,al_dia,bueno
5074,29.0,F,formal_no_calificado,arrendada,muy_alto,bajo,,4142000.0,15.0,libre_inversion,sin_creditos_previos,bueno
5075,22.0,F,informal,propia,bajo,sin_cuenta,0.0,4949000.0,27.0,negocio,al_dia,bueno
5076,32.0,F,informal,propia,bajo,medio,408000.0,4567000.0,33.0,negocio,al_dia,bueno
5077,37.0,M,formal_no_calificado,propia,medio,sin_cuenta,0.0,3737000.0,30.0,libre_inversion,sin_creditos_previos,bueno
5078,29.0,M,informal,arrendada,bajo,medio,864000.0,4427000.0,18.0,libre_inversion,al_dia,bueno
5079,24.0,M,formal_no_calificado,propia,medio,bajo,59000.0,2489000.0,27.0,electrodomesticos,al_dia,bueno
5080,33.0,M,formal_no_calificado,familiar,muy_alto,medio,1237000.0,8478000.0,18.0,vehiculo,al_dia,bueno
5081,75.0,F,informal,arrendada,bajo,medio,467000.0,3176000.0,15.0,electrodomesticos,mora_severa,malo
5082,38.0,F,informal,arrendada,muy_alto,sin_cuenta,0.0,1858000.0,18.0,electrodomesticos,al_dia,bueno
5083,39.0,M,informal,propia,bajo,sin_cuenta,0.0,5105000.0,15.0,remodelacion,mora_severa,malo
5084,28.0,F,informal,propia,bajo,bajo,60000.0,4575000.0,12.0,educacion,al_dia,malo
5085,26.0,M,informal,familiar,bajo,sin_cuenta,0.0,13632000.0,36.0,negocio,sin_creditos_previos,malo
5086,47.0,F,formal_no_calificado,arrendada,,bajo,,4616000.0,27.0,electrodomesticos,sin_creditos_previos,bueno
5087,19.0,M,informal,arrendada,bajo,alto,7421000.0,1801000.0,12.0,libre_inversion,al_dia,malo
5088,26.0,F,formal_calificado,arrendada,bajo,sin_cuenta,0.0,6094000.0,12.0,libre_inversion,al_dia,bueno
5089,58.0,M,formal_calificado,propia,bajo,medio,423000.0,2924000.0,21.0,remodelacion,al_dia,bueno
5090,31.0,F,informal,familiar,,sin_cuenta,0.0,3254000.0,18.0,remodelacion,al_dia,bueno
5091,22.0,F,formal_no_calificado,arrendada,bajo,sin_cuenta,0.0,4983000.0,15.0,educacion,al_dia,bueno
5092,37.0,M,informal,familiar,,sin_cuenta,0.0,1713000.0,15.0,electrodomesticos,mora_severa,bueno
5093,29.0,M,informal,arrendada,muy_alto,sin_cuenta,0.0,1436000.0,12.0,electrodomesticos,al_dia,bueno
5094,21.0,F,alta_calificacion,propia,medio,sin_cuenta,0.0,1905000.0,21.0,otros,mora_severa,bueno
5095,35.0,F,formal_no_calificado,arrendada,muy_alto,alto,3324000.0,7789000.0,30.0,vehiculo,mora_severa,bueno
5096,33.0,F,informal,familiar,,bajo,65000.0,10728000.0,18.0,libre_inversion,mora_severa,malo
5097,33.0,F,formal_calificado,propia,bajo,sin_cuenta,0.0,2216000.0,15.0,otros,al_dia,bueno
5098,38.0,F,alta_calificacion,arrendada,bajo,sin_cuenta,0.0,5107000.0,9.0,negocio,al_dia,bueno
5099,23.0,F,formal_no_calificado,arrendada,bajo,alto,1892000.0,1412000.0,9.0,libre_inversion,mora_severa,malo
5100,36.0,M,formal_calificado,propia,bajo,sin_cuenta,0.0,1875000.0,9.0,vehiculo,mora_severa,bueno
5101,34.0,F,,propia,bajo,sin_cuenta,0.0,3059000.0,21.0,educacion,mora_severa,bueno
5102,46.0,M,formal_calificado,arrendada,medio,medio,772000.0,5615000.0,,libre_inversion,al_dia,bueno
5103,26.0,M,formal_no_calificado,familiar,bajo,bajo,343000.0,500000.0,6.0,libre_inversion,al_dia,bueno
5104,50.0,F,formal_calificado,arrendada,bajo,sin_cuenta,0.0,3978000.0,9.0,libre_inversion,mora_leve,bueno
5105,42.0,M,formal_no_calificado,familiar,bajo,medio,314000.0,2558000.0,15.0,electrodomesticos,al_dia,bueno
5106,31.0,M,informal,propia,bajo,sin_cuenta,0.0,2433000.0,15.0,libre_inversion,al_dia,bueno
5107,33.0,F,informal,propia,bajo,bajo,144000.0,7455000.0,60.0,libre_inversion,al_dia,malo
5108,19.0,F,informal,propia,,sin_cuenta,0.0,950000.0,6.0,libre_inversion,al_dia,bueno
5109,32.0,M,informal,arrendada,bajo,medio,296000.0,5787000.0,15.0,remodelacion,al_dia,bueno
5110,41.0,M,informal,arrendada,bajo,bajo,235000.0,1334000.0,9.0,negocio,al_dia,bueno
5111,30.0,M,formal_no_calificado,propia,bajo,sin_cuenta,0.0,4300000.0,21.0,educacion,sin_creditos_previos,bueno
5112,46.0,M,alta_calificacion,arrendada,bajo,bajo,121000.0,3989000.0,12.0,libre_inversion,al_dia,bueno
5113,37.0,M,informal,arrendada,,sin_cuenta,0.0,1013000.0,15.0,otros,al_dia,bueno
5114,65.0,M,informal,arrendada,medio,medio,418000.0,818000.0,6.0,otros,al_dia,bueno
5115,27.0,F,formal_calificado,arrendada,bajo,sin_cuenta,0.0,,27.0,libre_inversion,al_dia,bueno
5116,39.0,F,informal,arrendada,muy_alto,sin_cuenta,0.0,4835000.0,54.0,otros,al_dia,malo
5117,23.0,F,formal_calificado,familiar,bajo,medio,708000.0,6618000.0,18.0,vehiculo,mora_severa,bueno
5118,30.0,F,formal_no_calificado,arrendada,medio,sin_cuenta,0.0,4679000.0,18.0,libre_inversion,mora_severa,malo
5119,38.0,F,,familiar,bajo,sin_cuenta,0.0,3257000.0,30.0,electrodomesticos,mora_severa,malo
5120,41.0,F,informal,familiar,medio,medio,368000.0,1201000.0,18.0,electrodomesticos,mora_leve,bueno
5121,29.0,M,informal,familiar,alto,medio,591000.0,3601000.0,18.0,negocio,mora_severa,malo
5122,48.0,F,formal_no_calificado,propia,bajo,sin_cuenta,0.0,10589000.0,27.0,vehiculo,mora_leve,bueno
5123,53.0,M,informal,arrendada,bajo,bajo,267000.0,,6.0,educacion,sin_creditos_previos,malo
5124,27.0,M,informal,arrendada,bajo,bajo,50000.0,2534000.0,21.0,educacion,al_dia,bueno
5125,31.0,M,informal,propia,bajo,medio,198000.0,1866000.0,12.0,libre_inversion,al_dia,malo
5126,30.0,M,formal_no_calificado,arrendada,bajo,medio,838000.0,11168000.0,36.0,remodelacion,mora_severa,bueno
5127,28.0,M,formal_no_calificado,propia,bajo,bajo,158000.0,7606000.0,21.0,vehiculo,al_dia,bueno
5128,51.0,F,formal_calificado,arrendada,bajo,medio,1319000.0,1436000.0,12.0,libre_inversion,al_dia,bueno
5129,,M,formal_calificado,familiar,bajo,sin_cuenta,0.0,8858000.0,24.0,vehiculo,al_dia,bueno
5130,30.0,M,informal,arrendada,alto,bajo,220000.0,6748000.0,30.0,negocio,al_dia,bueno
5131,40.0,M,formal_calificado,familiar,bajo,medio,362000.0,2958000.0,18.0,remodelacion,al_dia,bueno
5132,46.0,F,formal_calificado,arrendada,bajo,bajo,231000.0,8887000.0,39.0,remodelacion,al_dia,bueno
5133,35.0,M,informal,familiar,bajo,bajo,135000.0,3977000.0,36.0,libre_inversion,al_dia,malo
5134,29.0,M,formal_no_calificado,propia,muy_alto,sin_cuenta,0.0,3772000.0,21.0,remodelacion,mora_severa,malo
5135,26.0,F,,familiar,bajo,bajo,58000.0,5243000.0,15.0,educacion,al_dia,bueno
5136,41.0,F,formal_calificado,propia,bajo,bajo,299000.0,3508000.0,6.0,otros,mora_severa,bueno
5137,23.0,M,informal,familiar,bajo,medio,,,15.0,educacion,mora_severa,bueno
5138,30.0,F,informal,propia,bajo,sin_cuenta,0.0,1553000.0,12.0,libre_inversion,mora_severa,malo
5139,28.0,M,alta_calificacion,propia,muy_alto,medio,533000.0,6075000.0,21.0,otros,al_dia,bueno
5140,23.0,F,formal_no_calificado,propia,bajo,sin_cuenta,0.0,2113000.0,18.0,educacion,al_dia,bueno
5141,31.0,F,informal,arrendada,bajo,medio,633000.0,3248000.0,18.0,libre_inversion,mora_severa,malo
5142,31.0,F,formal_no_calificado,familiar,bajo,bajo,129000.0,10796000.0,21.0,remodelacion,al_dia,bueno
5143,25.0,M,formal_calificado,arrendada,bajo,bajo,136000.0,7552000.0,33.0,vehiculo,al_dia,bueno
5144,50.0,F,informal,arrendada,bajo,medio,522000.0,1816000.0,15.0,electrodomesticos,mora_severa,malo
5145,41.0,M,formal_no_calificado,propia,bajo,bajo,616000.0,1584000.0,15.0,libre_inversion,al_dia,bueno
5146,33.0,M,formal_no_calificado,familiar,bajo,sin_cuenta,0.0,7735000.0,27.0,educacion,mora_severa,malo
5147,44.0,F,,arrendada,bajo,bajo,172000.0,3327000.0,42.0,libre_inversion,al_dia,bueno
5148,48.0,F,alta_calificacion,familiar,bajo,bajo,119000.0,5137000.0,24.0,negocio,al_dia,bueno
5149,51.0,M,formal_no_calificado,arrendada,bajo,medio,505000.0,5603000.0,57.0,libre_inversion,al_dia,bueno
5150,26.0,F,formal_no_calificado,propia,medio,sin_cuenta,0.0,2965000.0,18.0,libre_inversion,al_dia,bueno
5151,44.0,M,formal_calificado,propia,bajo,sin_cuenta,0.0,10843000.0,24.0,libre_inversion,mora_severa,malo
5152,31.0,F,,arrendada,medio,sin_cuenta,0.0,6027000.0,15.0,vehiculo,al_dia,bueno
5153,35.0,M,informal,familiar,,bajo,115000.0,15403000.0,66.0,remodelacion,al_dia,bueno
5154,27.0,M,alta_calificacion,arrendada,alto,bajo,240000.0,4537000.0,30.0,electrodomesticos,al_dia,bueno
5155,31.0,F,formal_calificado,familiar,bajo,medio,378000.0,6846000.0,21.0,vehiculo,mora_severa,bueno
5156,44.0,M,informal,familiar,alto,sin_cuenta,0.0,35447000.0,69.0,negocio,mora_severa,malo
5157,57.0,F,informal,propia,bajo,bajo,99000.0,2940000.0,15.0,electrodomesticos,al_dia,bueno
5158,31.0,M,informal,arrendada,bajo,alto,1499000.0,500000.0,6.0,electrodomesticos,mora_leve,bueno
5159,25.0,F,informal,arrendada,bajo,sin_cuenta,0.0,6430000.0,12.0,vehiculo,al_dia,malo
5160,60.0,M,informal,propia,bajo,bajo,221000.0,2371000.0,12.0,otros,al_dia,bueno
5161,26.0,F,formal_no_calificado,arrendada,bajo,alto,2698000.0,5613000.0,24.0,libre_inversion,al_dia,bueno
5162,21.0,F,informal,propia,medio,sin_cuenta,0.0,1972000.0,27.0,libre_inversion,al_dia,bueno
5163,27.0,F,formal_no_calificado,arrendada,muy_alto,bajo,315000.0,1258000.0,9.0,electrodomesticos,al_dia,bueno
5164,20.0,M,alta_calificacion,arrendada,bajo,sin_cuenta,0.0,4933000.0,24.0,remodelacion,al_dia,bueno
5165,47.0,F,,familiar,muy_alto,sin_cuenta,0.0,877000.0,6.0,libre_inversion,al_dia,bueno
5166,26.0,F,formal_calificado,arrendada,bajo,medio,327000.0,4636000.0,9.0,negocio,mora_leve,bueno
5167,24.0,M,formal_no_calificado,arrendada,muy_alto,sin_cuenta,0.0,2597000.0,30.0,libre_inversion,mora_severa,bueno
5168,34.0,F,formal_no_calificado,propia,bajo,medio,1093000.0,37176000.0,42.0,remodelacion,al_dia,malo
5169,57.0,F,formal_no_calificado,familiar,bajo,bajo,154000.0,3628000.0,33.0,libre_inversion,sin_creditos_previos,malo
5170,38.0,F,informal,arrendada,bajo,sin_cuenta,0.0,5674000.0,15.0,negocio,al_dia,malo
5171,23.0,M,formal_calificado,arrendada,muy_alto,sin_cuenta,0.0,4498000.0,12.0,vehiculo,mora_severa,malo
5172,70.0,M,formal_no_calificado,familiar,bajo,medio,236000.0,10622000.0,33.0,libre_inversion,al_dia,bueno
5173,36.0,F,formal_no_calificado,arrendada,bajo,sin_cuenta,0.0,5147000.0,12.0,libre_inversion,mora_severa,malo
5174,45.0,F,informal,propia,alto,sin_cuenta,0.0,6403000.0,24.0,vehiculo,sin_creditos_previos,bueno
5175,22.0,M,informal,propia,bajo,sin_cuenta,0.0,5460000.0,15.0,vehiculo,al_dia,bueno
5176,64.0,F,formal_calificado,arrendada,bajo,bajo,294000.0,3708000.0,24.0,libre_inversion,mora_leve,bueno
5177,29.0,M,,propia,bajo,sin_cuenta,0.0,799000.0,9.0,electrodomesticos,al_dia,bueno
5178,22.0,M,informal,propia,medio,alto,5266000.0,13586000.0,42.0,vehiculo,al_dia,bueno
5179,35.0,F,formal_no_calificado,propia,alto,sin_cuenta,0.0,1242000.0,9.0,electrodomesticos,mora_severa,malo
5180,45.0,F,formal_calificado,arrendada,bajo,sin_cuenta,0.0,2359000.0,12.0,libre_inversion,al_dia,bueno
5181,40.0,F,informal,arrendada,bajo,bajo,156000.0,,21.0,vehiculo,mora_severa,malo
5182,,F,informal,arrendada,bajo,sin_cuenta,0.0,7633000.0,39.0,otros,mora_severa,malo
5183,38.0,M,formal_calificado,arrendada,bajo,medio,591000.0,4468000.0,9.0,vehiculo,sin_creditos_previos,bueno
5184,34.0,M,alta_calificacion,arrendada,,medio,577000.0,1819000.0,15.0,educacion,mora_severa,bueno
5185,22.0,M,formal_no_calificado,propia,bajo,bajo,108000.0,4609000.0,18.0,libre_inversion,mora_severa,bueno
5186,,F,formal_calificado,familiar,bajo,medio,582000.0,12779000.0,33.0,libre_inversion,mora_severa,bueno
5187,29.0,M,informal,arrendada,bajo,medio,861000.0,887000.0,9.0,otros,al_dia,bueno
5188,51.0,F,formal_calificado,familiar,bajo,sin_cuenta,0.0,6334000.0,27.0,remodelacion,al_dia,bueno
5189,47.0,M,formal_no_calificado,arrendada,bajo,sin_cuenta,0.0,9584000.0,36.0,remodelacion,al_dia,malo
5190,28.0,M,formal_calificado,propia,alto,bajo,60000.0,10001000.0,21.0,vehiculo,al_dia,bueno
5191,42.0,M,formal_calificado,arrendada,medio,alto,3663000.0,2046000.0,6.0,educacion,mora_severa,bueno
5192,32.0,F,informal,propia,bajo,medio,487000.0,14003000.0,27.0,negocio,mora_severa,malo
5193,21.0,M,informal,familiar,alto,bajo,192000.0,7664000.0,39.0,libre_inversion,mora_severa,bueno
5194,19.0,F,formal_calificado,arrendada,muy_alto,sin_cuenta,0.0,1815000.0,15.0,libre_inversion,al_dia,bueno
5195,40.0,F,informal,propia,medio,medio,855000.0,2366000.0,9.0,negocio,al_dia,bueno
5196,24.0,M,formal_no_calificado,arrendada,bajo,medio,1780000.0,7868000.0,21.0,libre_inversion,al_dia,bueno
5197,,F,formal_no_calificado,arrendada,bajo,alto,1429000.0,3953000.0,18.0,vehiculo,al_dia,bueno
5198,26.0,M,informal,propia,medio,medio,549000.0,2278000.0,9.0,libre_inversion,al_dia,bueno
5199,41.0,M,formal_calificado,propia,bajo,sin_cuenta,0.0,13072000.0,27.0,vehiculo,al_dia,bueno
5200,47.0,M,formal_no_calificado,familiar,bajo,bajo,194000.0,9227000.0,21.0,vehiculo,al_dia,bueno
5201,47.0,F,formal_calificado,propia,bajo,bajo,,5338000.0,18.0,libre_inversion,sin_creditos_previos,bueno
5202,21.0,F,informal,propia,bajo,bajo,277000.0,2857000.0,15.0,libre_inversion,al_dia,bueno
5203,,M,informal,propia,medio,bajo,572000.0,6598000.0,21.0,vehiculo,al_dia,bueno
5204,25.0,F,informal,arrendada,alto,medio,195000.0,2954000.0,9.0,electrodomesticos,sin_creditos_previos,bueno
5205,41.0,F,informal,arrendada,bajo,medio,552000.0,17132000.0,33.0,educacion,al_dia,bueno
5206,26.0,F,formal_no_calificado,arrendada,bajo,sin_cuenta,0.0,15277000.0,36.0,remodelacion,mora_leve,bueno
5207,31.0,F,informal,familiar,muy_alto,sin_cuenta,0.0,4465000.0,18.0,libre_inversion,mora_severa,malo
5208,42.0,F,informal,propia,bajo,sin_cuenta,0.0,,15.0,vehiculo,al_dia,malo
5209,33.0,F,alta_calificacion,propia,bajo,medio,516000.0,3924000.0,12.0,negocio,sin_creditos_previos,bueno
5210,36.0,M,informal,propia,bajo,bajo,,1184000.0,9.0,electrodomesticos,mora_severa,bueno
5211,31.0,F,informal,arrendada,bajo,bajo,202000.0,7631000.0,15.0,negocio,al_dia,bueno
5212,45.0,M,formal_calificado,propia,bajo,bajo,108000.0,3749000.0,18.0,otros,mora_severa,bueno
5213,47.0,F,formal_no_calificado,arrendada,bajo,medio,745000.0,11561000.0,27.0,vehiculo,al_dia,bueno
5214,38.0,F,informal,familiar,bajo,sin_cuenta,0.0,1758000.0,9.0,libre_inversion,mora_severa,malo
5215,47.0,M,alta_calificacion,propia,bajo,bajo,284000.0,1068000.0,18.0,libre_inversion,sin_creditos_previos,bueno
5216,75.0,M,formal_no_calificado,familiar,medio,medio,199000.0,,18.0,libre_inversion,mora_severa,malo
5217,42.0,F,informal,familiar,muy_alto,sin_cuenta,0.0,5109000.0,24.0,remodelacion,al_dia,bueno
5218,32.0,F,informal,arrendada,medio,sin_cuenta,0.0,3698000.0,12.0,libre_inversion,mora_severa,bueno
5219,36.0,F,alta_calificacion,familiar,bajo,medio,714000.0,,39.0,otros,sin_creditos_previos,bueno
5220,49.0,F,informal,arrendada,bajo,sin_cuenta,0.0,13954000.0,30.0,remodelacion,al_dia,bueno
5221,29.0,M,formal_calificado,propia,bajo,bajo,93000.0,2810000.0,21.0,otros,al_dia,bueno
5222,28.0,M,informal,arrendada,bajo,medio,474000.0,4579000.0,36.0,electrodomesticos,sin_creditos_previos,bueno
5223,36.0,F,informal,propia,bajo,sin_cuenta,0.0,4567000.0,24.0,libre_inversion,al_dia,bueno
5224,32.0,M,formal_calificado,arrendada,medio,medio,,3019000.0,33.0,libre_inversion,al_dia,bueno
5225,25.0,F,alta_calificacion,familiar,bajo,sin_cuenta,0.0,7510000.0,30.0,educacion,al_dia,bueno
5226,34.0,M,informal,arrendada,bajo,bajo,,6687000.0,24.0,libre_inversion,mora_severa,bueno
5227,53.0,M,,arrendada,bajo,sin_cuenta,0.0,8659000.0,24.0,negocio,mora_leve,malo
5228,38.0,F,formal_calificado,arrendada,bajo,medio,449000.0,11866000.0,,libre_inversion,mora_severa,malo
5229,24.0,F,formal_no_calificado,familiar,medio,alto,2875000.0,5018000.0,60.0,electrodomesticos,al_dia,bueno
5230,40.0,F,informal,propia,bajo,sin_cuenta,0.0,4727000.0,,vehiculo,mora_severa,bueno
5231,30.0,M,informal,propia,bajo,medio,963000.0,2650000.0,21.0,remodelacion,al_dia,malo
5232,68.0,F,alta_calificacion,propia,bajo,medio,260000.0,8266000.0,39.0,educacion,al_dia,bueno
5233,39.0,M,informal,familiar,alto,alto,2504000.0,4122000.0,12.0,libre_inversion,mora_leve,bueno
5234,27.0,F,informal,arrendada,bajo,medio,603000.0,3922000.0,21.0,otros,al_dia,bueno
5235,41.0,F,informal,propia,medio,medio,350000.0,1311000.0,12.0,electrodomesticos,al_dia,bueno
5236,35.0,M,informal,arrendada,bajo,alto,4013000.0,12082000.0,18.0,vehiculo,al_dia,bueno
5237,51.0,F,formal_no_calificado,arrendada,muy_alto,medio,457000.0,2485000.0,,otros,al_dia,bueno
5238,28.0,F,informal,propia,bajo,medio,2666000.0,2314000.0,21.0,educacion,al_dia,bueno
5239,37.0,M,formal_no_calificado,familiar,bajo,sin_cuenta,0.0,,12.0,libre_inversion,sin_creditos_previos,bueno
5240,22.0,F,informal,arrendada,bajo,sin_cuenta,0.0,5407000.0,21.0,libre_inversion,sin_creditos_previos,bueno
5241,34.0,M,informal,propia,bajo,bajo,105000.0,3131000.0,9.0,negocio,mora_severa,bueno
5242,24.0,F,formal_calificado,familiar,medio,sin_cuenta,0.0,4380000.0,15.0,electrodomesticos,mora_severa,bueno
5243,35.0,M,formal_no_calificado,propia,medio,bajo,258000.0,4787000.0,15.0,vehiculo,mora_severa,bueno
5244,37.0,M,informal,propia,bajo,medio,354000.0,1385000.0,6.0,libre_inversion,al_dia,bueno
5245,38.0,F,informal,arrendada,bajo,bajo,336000.0,2733000.0,33.0,electrodomesticos,al_dia,malo
5246,28.0,M,formal_no_calificado,propia,medio,alto,2626000.0,5916000.0,45.0,libre_inversion,mora_severa,malo
5247,34.0,F,,arrendada,medio,sin_cuenta,0.0,3628000.0,24.0,libre_inversion,al_dia,bueno
5248,48.0,M,formal_no_calificado,propia,bajo,sin_cuenta,0.0,8280000.0,18.0,vehiculo,mora_severa,malo
5249,59.0,M,formal_calificado,propia,bajo,sin_cuenta,0.0,2111000.0,15.0,libre_inversion,al_dia,bueno
5250,35.0,M,informal,familiar,bajo,alto,2567000.0,2689000.0,21.0,electrodomesticos,mora_severa,bueno
5251,49.0,M,alta_calificacion,propia,bajo,bajo,64000.0,5304000.0,27.0,remodelacion,mora_severa,bueno
5252,26.0,M,informal,arrendada,muy_alto,medio,487000.0,6953000.0,33.0,remodelacion,mora_leve,bueno
5253,,M,informal,propia,bajo,sin_cuenta,0.0,3486000.0,27.0,libre_inversion,al_dia,bueno
5254,36.0,M,formal_no_calificado,familiar,bajo,sin_cuenta,0.0,2129000.0,12.0,libre_inversion,mora_severa,bueno
5255,32.0,M,informal,propia,bajo,medio,318000.0,1865000.0,15.0,educacion,al_dia,bueno
5256,31.0,M,formal_no_calificado,propia,bajo,bajo,73000.0,1235000.0,9.0,electrodomesticos,mora_severa,bueno
5257,47.0,M,,familiar,bajo,bajo,187000.0,2315000.0,12.0,libre_inversion,al_dia,bueno
5258,25.0,M,formal_calificado,propia,muy_alto,bajo,176000.0,5797000.0,27.0,educacion,al_dia,bueno
5259,25.0,M,formal_calificado,familiar,bajo,bajo,137000.0,7776000.0,18.0,vehiculo,al_dia,bueno
5260,23.0,M,formal_no_calificado,arrendada,bajo,medio,504000.0,11865000.0,27.0,libre_inversion,al_dia,bueno
5261,36.0,M,informal,familiar,medio,sin_cuenta,0.0,2840000.0,30.0,educacion,mora_severa,bueno
5262,30.0,M,informal,propia,bajo,sin_cuenta,0.0,5813000.0,21.0,vehiculo,mora_severa,malo
5263,45.0,M,formal_calificado,familiar,bajo,sin_cuenta,0.0,6323000.0,30.0,vehiculo,al_dia,bueno
5264,35.0,F,formal_no_calificado,propia,bajo,bajo,122000.0,5266000.0,15.0,negocio,al_dia,bueno
5265,28.0,M,formal_no_calificado,propia,bajo,medio,550000.0,5569000.0,21.0,libre_inversion,al_dia,bueno
5266,27.0,M,informal,arrendada,bajo,medio,399000.0,711000.0,9.0,electrodomesticos,mora_leve,malo
5267,19.0,F,informal,propia,bajo,alto,1079000.0,3368000.0,15.0,libre_inversion,al_dia,bueno
5268,31.0,M,informal,propia,muy_alto,bajo,97000.0,3189000.0,12.0,otros,al_dia,bueno
5269,24.0,M,formal_calificado,arrendada,alto,bajo,199000.0,3778000.0,9.0,vehiculo,mora_severa,malo
5270,47.0,F,formal_calificado,propia,bajo,bajo,90000.0,5343000.0,21.0,negocio,mora_severa,malo
5271,29.0,F,alta_calificacion,propia,bajo,medio,1421000.0,8213000.0,18.0,vehiculo,sin_creditos_previos,bueno
5272,22.0,F,informal,arrendada,bajo,sin_cuenta,0.0,4035000.0,15.0,negocio,sin_creditos_previos,malo
5273,51.0,F,formal_no_calificado,arrendada,bajo,bajo,203000.0,,15.0,educacion,al_dia,bueno
5274,32.0,F,formal_calificado,arrendada,bajo,bajo,,2107000.0,9.0,libre_inversion,mora_severa,bueno
5275,40.0,F,informal,arrendada,bajo,alto,3524000.0,5391000.0,27.0,remodelacion,mora_severa,malo
5276,28.0,M,formal_no_calificado,propia,bajo,sin_cuenta,0.0,2807000.0,27.0,libre_inversion,al_dia,bueno
5277,52.0,F,formal_no_calificado,arrendada,,sin_cuenta,0.0,2365000.0,12.0,libre_inversion,al_dia,bueno
5278,26.0,F,informal,propia,bajo,bajo,126000.0,1870000.0,9.0,vehiculo,mora_severa,bueno
5279,30.0,M,informal,propia,bajo,bajo,338000.0,3160000.0,24.0,remodelacion,al_dia,bueno
5280,21.0,M,informal,propia,alto,sin_cuenta,0.0,,39.0,libre_inversion,sin_creditos_previos,bueno
5281,51.0,F,formal_no_calificado,arrendada,alto,bajo,289000.0,3866000.0,18.0,remodelacion,mora_severa,bueno
5282,27.0,M,informal,propia,bajo,bajo,,3196000.0,27.0,educacion,al_dia,bueno
5283,36.0,F,informal,arrendada,medio,sin_cuenta,0.0,4651000.0,15.0,vehiculo,mora_severa,malo
5284,39.0,M,informal,propia,medio,bajo,96000.0,3571000.0,21.0,libre_inversion,al_dia,bueno
5285,48.0,F,formal_calificado,propia,bajo,sin_cuenta,0.0,646000.0,6.0,electrodomesticos,mora_leve,bueno
5286,36.0,M,formal_calificado,propia,bajo,medio,1127000.0,2571000.0,15.0,libre_inversion,mora_severa,malo
5287,,F,formal_calificado,arrendada,bajo,sin_cuenta,0.0,2397000.0,9.0,libre_inversion,al_dia,bueno
5288,46.0,M,formal_calificado,arrendada,bajo,bajo,,7731000.0,,libre_inversion,al_dia,malo
5289,38.0,M,informal,arrendada,muy_alto,bajo,69000.0,4533000.0,18.0,libre_inversion,al_dia,bueno
5290,31.0,M,informal,familiar,muy_alto,sin_cuenta,0.0,13262000.0,66.0,remodelacion,al_dia,bueno
5291,52.0,M,formal_no_calificado,propia,bajo,medio,355000.0,9648000.0,18.0,vehiculo,al_dia,malo
5292,39.0,M,formal_no_calificado,propia,bajo,bajo,389000.0,9171000.0,21.0,negocio,al_dia,malo
5293,23.0,F,formal_calificado,familiar,alto,sin_cuenta,0.0,3449000.0,18.0,educacion,mora_leve,bueno
5294,56.0,M,informal,arrendada,bajo,alto,951000.0,1906000.0,15.0,otros,al_dia,bueno
5295,28.0,F,alta_calificacion,propia,bajo,medio,936000.0,5827000.0,,remodelacion,mora_leve,bueno
5296,48.0,F,informal,propia,bajo,medio,459000.0,3962000.0,27.0,libre_inversion,al_dia,bueno
5297,22.0,M,formal_no_calificado,arrendada,bajo,bajo,177000.0,1123000.0,12.0,libre_inversion,al_dia,bueno
5298,46.0,F,formal_calificado,propia,bajo,bajo,115000.0,4098000.0,15.0,libre_inversion,sin_creditos_previos,bueno
5299,24.0,F,formal_no_calificado,arrendada,bajo,sin_cuenta,0.0,1556000.0,9.0,remodelacion,mora_severa,bueno
5300,35.0,F,formal_calificado,propia,medio,sin_cuenta,0.0,533000.0,6.0,remodelacion,al_dia,bueno
5301,39.0,F,formal_calificado,familiar,muy_alto,bajo,164000.0,4891000.0,27.0,libre_inversion,al_dia,bueno
5302,31.0,F,formal_calificado,arrendada,bajo,medio,304000.0,8177000.0,24.0,remodelacion,mora_leve,bueno
5303,33.0,F,formal_calificado,arrendada,bajo,bajo,368000.0,2198000.0,15.0,libre_inversion,al_dia,bueno
5304,25.0,M,informal,propia,,medio,402000.0,4472000.0,24.0,remodelacion,al_dia,bueno
5305,44.0,M,informal,arrendada,bajo,sin_cuenta,0.0,11107000.0,27.0,vehiculo,al_dia,bueno
5306,36.0,F,formal_calificado,familiar,bajo,sin_cuenta,0.0,4953000.0,33.0,libre_inversion,al_dia,bueno
5307,26.0,M,formal_no_calificado,propia,bajo,bajo,,815000.0,6.0,electrodomesticos,mora_severa,bueno
5308,36.0,F,formal_no_calificado,arrendada,bajo,medio,299000.0,4753000.0,18.0,otros,sin_creditos_previos,bueno
5309,37.0,M,,propia,medio,sin_cuenta,0.0,2852000.0,9.0,remodelacion,al_dia,bueno
5310,34.0,M,informal,arrendada,medio,sin_cuenta,0.0,4523000.0,12.0,vehiculo,mora_leve,bueno
5311,19.0,F,formal_no_calificado,familiar,,medio,1002000.0,755000.0,12.0,electrodomesticos,al_dia,bueno
5312,29.0,M,alta_calificacion,arrendada,bajo,bajo,301000.0,9107000.0,,vehiculo,al_dia,bueno
5313,44.0,M,informal,arrendada,bajo,sin_cuenta,0.0,1949000.0,12.0,libre_inversion,al_dia,bueno
5314,39.0,F,informal,propia,bajo,bajo,333000.0,1776000.0,6.0,remodelacion,mora_severa,bueno
5315,39.0,F,informal,familiar,bajo,medio,369000.0,2222000.0,24.0,libre_inversion,al_dia,malo
5316,36.0,F,formal_no_calificado,arrendada,bajo,bajo,134000.0,1955000.0,9.0,electrodomesticos,sin_creditos_previos,bueno
5317,46.0,M,informal,propia,medio,medio,1213000.0,1203000.0,9.0,libre_inversion,al_dia,bueno
5318,28.0,F,formal_calificado,familiar,medio,sin_cuenta,0.0,17420000.0,72.0,educacion,al_dia,bueno
5319,26.0,F,informal,propia,bajo,bajo,156000.0,11147000.0,39.0,libre_inversion,mora_severa,malo
5320,62.0,F,informal,propia,bajo,sin_cuenta,0.0,4887000.0,12.0,vehiculo,sin_creditos_previos,malo
5321,27.0,M,informal,familiar,bajo,alto,2312000.0,4876000.0,12.0,vehiculo,mora_leve,bueno
5322,,M,informal,propia,bajo,sin_cuenta,0.0,5840000.0,27.0,educacion,al_dia,bueno
5323,31.0,M,formal_calificado,propia,bajo,alto,1575000.0,6565000.0,72.0,otros,al_dia,bueno
5324,34.0,F,formal_calificado,propia,medio,bajo,177000.0,14381000.0,42.0,libre_inversion,al_dia,bueno
5325,46.0,M,formal_calificado,familiar,alto,bajo,253000.0,8483000.0,27.0,libre_inversion,al_dia,malo
5326,30.0,M,formal_calificado,propia,bajo,bajo,105000.0,7487000.0,42.0,remodelacion,al_dia,bueno
5327,29.0,F,informal,propia,medio,sin_cuenta,0.0,905000.0,24.0,libre_inversion,mora_severa,malo
5328,33.0,M,formal_calificado,propia,medio,sin_cuenta,0.0,12381000.0,42.0,libre_inversion,mora_severa,malo
5329,28.0,M,formal_no_calificado,propia,bajo,sin_cuenta,0.0,997000.0,12.0,libre_inversion,al_dia,bueno
5330,22.0,M,formal_calificado,propia,bajo,medio,645000.0,7877000.0,33.0,libre_inversion,mora_leve,malo
5331,24.0,F,formal_no_calificado,familiar,bajo,medio,478000.0,1726000.0,18.0,electrodomesticos,al_dia,bueno
5332,50.0,F,informal,arrendada,bajo,alto,1520000.0,11012000.0,27.0,vehiculo,al_dia,bueno
5333,42.0,F,informal,familiar,bajo,sin_cuenta,0.0,8891000.0,45.0,vehiculo,mora_severa,malo
5334,33.0,F,informal,arrendada,bajo,medio,,2908000.0,15.0,libre_inversion,al_dia,malo
5335,39.0,F,informal,propia,bajo,sin_cuenta,0.0,1052000.0,12.0,libre_inversion,mora_severa,bueno
5336,42.0,M,formal_no_calificado,propia,bajo,bajo,,9690000.0,33.0,negocio,al_dia,bueno
5337,27.0,F,alta_calificacion,arrendada,alto,sin_cuenta,0.0,6906000.0,21.0,vehiculo,sin_creditos_previos,bueno
5338,25.0,F,informal,propia,bajo,alto,3108000.0,8775000.0,21.0,negocio,al_dia,bueno
5339,48.0,M,formal_no_calificado,arrendada,bajo,bajo,153000.0,1696000.0,12.0,otros,mora_leve,bueno
5340,20.0,F,formal_no_calificado,propia,bajo,bajo,245000.0,,27.0,electrodomesticos,al_dia,malo
5341,40.0,M,informal,arrendada,bajo,sin_cuenta,0.0,,30.0,negocio,al_dia,malo
5342,35.0,F,informal,propia,medio,bajo,810000.0,2904000.0,12.0,libre_inversion,mora_severa,bueno
5343,46.0,F,informal,arrendada,bajo,sin_cuenta,0.0,7184000.0,18.0,vehiculo,mora_leve,bueno
5344,40.0,F,formal_no_calificado,familiar,bajo,medio,1566000.0,5095000.0,,remodelacion,mora_severa,bueno
5345,39.0,F,informal,propia,alto,bajo,105000.0,2612000.0,24.0,libre_inversion,sin_creditos_previos,bueno
5346,25.0,M,informal,propia,bajo,sin_cuenta,0.0,4853000.0,39.0,electrodomesticos,mora_severa,malo
5347,43.0,M,informal,propia,bajo,sin_cuenta,0.0,1127000.0,3.0,negocio,al_dia,bueno
5348,38.0,F,formal_calificado,propia,,sin_cuenta,0.0,6171000.0,15.0,otros,mora_severa,bueno
5349,26.0,M,formal_calificado,arrendada,bajo,bajo,171000.0,16598000.0,51.0,electrodomesticos,al_dia,bueno
5350,35.0,M,informal,familiar,medio,sin_cuenta,0.0,2012000.0,18.0,educacion,al_dia,bueno
5351,24.0,F,formal_no_calificado,familiar,bajo,sin_cuenta,0.0,2108000.0,21.0,electrodomesticos,al_dia,bueno
5352,31.0,M,alta_calificacion,arrendada,bajo,sin_cuenta,0.0,6620000.0,,vehiculo,sin_creditos_previos,malo
5353,,M,informal,arrendada,medio,sin_cuenta,0.0,42609000.0,48.0,vehiculo,sin_creditos_previos,malo
5354,25.0,M,informal,propia,bajo,bajo,103000.0,6114000.0,24.0,remodelacion,al_dia,bueno
5355,22.0,M,informal,familiar,bajo,medio,601000.0,7853000.0,18.0,vehiculo,al_dia,bueno
5356,24.0,F,informal,arrendada,bajo,sin_cuenta,0.0,5337000.0,30.0,educacion,al_dia,bueno
5357,31.0,M,formal_calificado,propia,alto,bajo,121000.0,2360000.0,12.0,libre_inversion,mora_severa,malo
5358,,M,formal_calificado,familiar,bajo,bajo,85000.0,5729000.0,15.0,remodelacion,sin_creditos_previos,bueno
5359,33.0,F,formal_no_calificado,arrendada,bajo,sin_cuenta,0.0,769000.0,9.0,electrodomesticos,mora_severa,bueno
5360,23.0,M,informal,propia,bajo,alto,2187000.0,1380000.0,,libre_inversion,al_dia,malo
5361,41.0,F,formal_calificado,arrendada,bajo,medio,453000.0,4830000.0,18.0,negocio,mora_severa,bueno
5362,21.0,M,informal,propia,medio,bajo,,3209000.0,24.0,electrodomesticos,mora_severa,bueno
5363,23.0,M,informal,propia,alto,bajo,331000.0,7274000.0,27.0,educacion,al_dia,bueno
5364,28.0,F,informal,propia,bajo,bajo,202000.0,2927000.0,15.0,libre_inversion,al_dia,bueno
5365,48.0,F,formal_calificado,arrendada,medio,sin_cuenta,0.0,2684000.0,21.0,libre_inversion,mora_leve,bueno
5366,34.0,F,formal_calificado,propia,bajo,sin_cuenta,0.0,9428000.0,39.0,negocio,mora_severa,malo
5367,34.0,M,formal_no_calificado,propia,bajo,medio,955000.0,10554000.0,30.0,vehiculo,sin_creditos_previos,bueno
5368,23.0,M,formal_calificado,arrendada,bajo,medio,824000.0,3201000.0,12.0,libre_inversion,al_dia,bueno
5369,29.0,M,informal,propia,bajo,alto,521000.0,3887000.0,18.0,electrodomesticos,al_dia,bueno
5370,45.0,F,informal,arrendada,bajo,bajo,172000.0,10150000.0,36.0,vehiculo,mora_severa,malo
5371,37.0,M,formal_calificado,arrendada,bajo,alto,1946000.0,1522000.0,12.0,otros,al_dia,bueno
5372,42.0,F,alta_calificacion,propia,bajo,medio,347000.0,1538000.0,12.0,libre_inversion,mora_leve,bueno
5373,,F,formal_no_calificado,propia,medio,bajo,96000.0,2861000.0,12.0,electrodomesticos,al_dia,bueno
5374,45.0,M,informal,propia,bajo,medio,599000.0,4870000.0,18.0,vehiculo,mora_severa,malo
5375,23.0,M,alta_calificacion,arrendada,bajo,alto,1736000.0,1639000.0,12.0,libre_inversion,sin_creditos_previos,bueno
5376,31.0,M,informal,familiar,bajo,bajo,,3645000.0,15.0,remodelacion,mora_severa,malo
5377,39.0,M,informal,propia,bajo,medio,221000.0,15353000.0,39.0,libre_inversion,sin_creditos_previos,malo
5378,22.0,F,informal,propia,bajo,medio,586000.0,4315000.0,36.0,libre_inversion,mora_severa,malo
5379,19.0,F,informal,propia,bajo,bajo,81000.0,1130000.0,6.0,electrodomesticos,al_dia,bueno
5380,62.0,M,,arrendada,bajo,bajo,,2499000.0,9.0,vehiculo,mora_severa,malo
5381,34.0,M,formal_no_calificado,propia,bajo,sin_cuenta,0.0,9259000.0,30.0,negocio,sin_creditos_previos,bueno
5382,21.0,M,informal,arrendada,bajo,alto,4660000.0,3991000.0,12.0,remodelacion,mora_severa,bueno
5383,34.0,M,informal,arrendada,bajo,sin_cuenta,0.0,4155000.0,12.0,libre_inversion,al_dia,bueno
5384,23.0,F,formal_no_calificado,propia,alto,sin_cuenta,0.0,3534000.0,24.0,libre_inversion,sin_creditos_previos,bueno
5385,25.0,F,informal,arrendada,bajo,sin_cuenta,0.0,5083000.0,27.0,electrodomesticos,mora_severa,malo
5386,48.0,F,informal,familiar,bajo,bajo,199000.0,6265000.0,30.0,libre_inversion,al_dia,bueno
5387,28.0,F,informal,propia,bajo,sin_cuenta,0.0,6126000.0,27.0,libre_inversion,al_dia,bueno
5388,28.0,M,formal_calificado,arrendada,bajo,sin_cuenta,0.0,7331000.0,24.0,otros,sin_creditos_previos,malo
5389,23.0,F,alta_calificacion,arrendada,bajo,medio,,2413000.0,15.0,remodelacion,al_dia,bueno
5390,30.0,F,informal,propia,bajo,bajo,118000.0,15303000.0,33.0,vehiculo,mora_leve,bueno
5391,35.0,M,formal_calificado,arrendada,bajo,alto,1040000.0,5985000.0,30.0,libre_inversion,al_dia,bueno
5392,28.0,M,,propia,medio,medio,764000.0,11826000.0,33.0,educacion,mora_leve,bueno
5393,69.0,F,informal,propia,bajo,bajo,103000.0,2005000.0,12.0,electrodomesticos,mora_severa,malo
5394,25.0,F,formal_calificado,arrendada,bajo,sin_cuenta,0.0,3788000.0,12.0,vehiculo,al_dia,bueno
5395,24.0,M,formal_no_calificado,familiar,bajo,sin_cuenta,0.0,13119000.0,69.0,electrodomesticos,mora_severa,malo
5396,29.0,F,formal_no_calificado,propia,medio,alto,6922000.0,7367000.0,33.0,negocio,al_dia,bueno
5397,65.0,F,formal_no_calificado,arrendada,medio,bajo,121000.0,1944000.0,12.0,libre_inversion,mora_severa,malo
5398,42.0,F,informal,propia,bajo,medio,345000.0,2252000.0,15.0,educacion,mora_severa,malo
5399,28.0,M,formal_calificado,arrendada,bajo,alto,3664000.0,5922000.0,27.0,negocio,al_dia,bueno
5400,28.0,M,formal_calificado,arrendada,muy_alto,sin_cuenta,0.0,,30.0,electrodomesticos,al_dia,bueno
5401,24.0,F,informal,arrendada,bajo,medio,398000.0,864000.0,6.0,otros,al_dia,bueno
5402,29.0,M,formal_no_calificado,familiar,bajo,medio,684000.0,4379000.0,24.0,libre_inversion,al_dia,bueno
5403,31.0,M,alta_calificacion,arrendada,bajo,bajo,265000.0,9306000.0,30.0,remodelacion,sin_creditos_previos,bueno
5404,41.0,F,formal_calificado,propia,medio,alto,1855000.0,3261000.0,15.0,vehiculo,al_dia,bueno
5405,38.0,M,formal_no_calificado,familiar,bajo,bajo,184000.0,1664000.0,6.0,vehiculo,al_dia,bueno
5406,,M,informal,propia,bajo,bajo,62000.0,5422000.0,27.0,remodelacion,mora_severa,bueno
5407,55.0,F,informal,arrendada,bajo,sin_cuenta,0.0,1803000.0,9.0,electrodomesticos,al_dia,bueno
5408,27.0,M,informal,arrendada,bajo,medio,1188000.0,13560000.0,39.0,vehiculo,mora_severa,bueno
5409,22.0,F,formal_calificado,familiar,bajo,medio,628000.0,4849000.0,12.0,vehiculo,al_dia,bueno
5410,35.0,M,formal_calificado,arrendada,,sin_cuenta,0.0,10476000.0,21.0,vehiculo,mora_leve,malo
5411,47.0,M,alta_calificacion,arrendada,medio,sin_cuenta,0.0,1392000.0,6.0,otros,al_dia,bueno
5412,32.0,M,informal,arrendada,bajo,sin_cuenta,0.0,3324000.0,21.0,educacion,mora_severa,malo
5413,23.0,M,alta_calificacion,arrendada,bajo,bajo,251000.0,13356000.0,18.0,vehiculo,mora_leve,malo
5414,34.0,M,alta_calificacion,familiar,medio,bajo,225000.0,2056000.0,15.0,vehiculo,al_dia,bueno
5415,36.0,F,formal_no_calificado,propia,,medio,439000.0,6938000.0,15.0,negocio,al_dia,bueno
5416,37.0,F,formal_calificado,propia,bajo,sin_cuenta,0.0,3942000.0,15.0,educacion,al_dia,bueno
5417,35.0,M,informal,arrendada,bajo,sin_cuenta,0.0,6047000.0,15.0,remodelacion,mora_severa,malo
5418,49.0,M,informal,propia,alto,sin_cuenta,0.0,5279000.0,27.0,remodelacion,mora_severa,bueno
5419,25.0,F,informal,familiar,,alto,1704000.0,3162000.0,21.0,libre_inversion,al_dia,bueno
5420,19.0,M,informal,propia,bajo,bajo,182000.0,2379000.0,21.0,libre_inversion,al_dia,bueno
5421,21.0,M,informal,arrendada,bajo,sin_cuenta,0.0,4198000.0,21.0,vehiculo,al_dia,bueno
5422,23.0,M,formal_calificado,arrendada,bajo,sin_cuenta,0.0,4648000.0,15.0,vehiculo,al_dia,bueno
5423,44.0,M,informal,familiar,bajo,sin_cuenta,0.0,3545000.0,24.0,remodelacion,mora_severa,malo
5424,30.0,M,informal,arrendada,bajo,medio,1018000.0,4432000.0,30.0,educacion,al_dia,bueno
5425,57.0,M,informal,propia,bajo,bajo,437000.0,4319000.0,24.0,negocio,al_dia,bueno
5426,24.0,F,formal_no_calificado,propia,bajo,medio,641000.0,9109000.0,30.0,libre_inversion,sin_creditos_previos,bueno
5427,56.0,M,alta_calificacion,arrendada,,sin_cuenta,0.0,3989000.0,27.0,educacion,sin_creditos_previos,bueno
5428,25.0,M,informal,familiar,medio,bajo,165000.0,4954000.0,24.0,otros,al_dia,bueno
5429,31.0,M,formal_calificado,arrendada,bajo,bajo,211000.0,1682000.0,9.0,libre_inversion,al_dia,bueno
5430,21.0,M,alta_calificacion,arrendada,bajo,sin_cuenta,0.0,2762000.0,12.0,libre_inversion,al_dia,malo
5431,53.0,F,formal_calificado,propia,bajo,sin_cuenta,0.0,1684000.0,6.0,negocio,mora_severa,malo
5432,32.0,F,formal_calificado,arrendada,bajo,sin_cuenta,0.0,8065000.0,30.0,libre_inversion,mora_severa,malo
5433,70.0,F,formal_no_calificado,arrendada,bajo,medio,659000.0,2767000.0,9.0,remodelacion,mora_leve,bueno
5434,48.0,M,alta_calificacion,propia,bajo,bajo,216000.0,7180000.0,12.0,vehiculo,sin_creditos_previos,bueno
5435,31.0,M,informal,propia,medio,bajo,273000.0,3685000.0,15.0,vehiculo,al_dia,bueno
5436,26.0,M,formal_calificado,arrendada,bajo,bajo,142000.0,1763000.0,15.0,otros,mora_severa,malo
5437,44.0,F,informal,arrendada,alto,sin_cuenta,0.0,4979000.0,18.0,vehiculo,al_dia,bueno
5438,33.0,F,informal,propia,muy_alto,medio,926000.0,10244000.0,30.0,vehiculo,al_dia,bueno
5439,26.0,M,formal_calificado,familiar,muy_alto,medio,,5807000.0,24.0,libre_inversion,sin_creditos_previos,bueno
5440,34.0,M,formal_calificado,propia,bajo,sin_cuenta,0.0,3776000.0,27.0,libre_inversion,al_dia,bueno
5441,20.0,M,formal_calificado,arrendada,bajo,medio,357000.0,4467000.0,12.0,vehiculo,al_dia,bueno
5442,37.0,M,alta_calificacion,arrendada,bajo,bajo,111000.0,5405000.0,27.0,remodelacion,mora_severa,malo
5443,40.0,M,formal_calificado,familiar,bajo,bajo,292000.0,2070000.0,12.0,libre_inversion,mora_severa,bueno
5444,,F,formal_no_calificado,familiar,medio,bajo,,5953000.0,18.0,vehiculo,mora_severa,bueno
5445,50.0,F,alta_calificacion,arrendada,bajo,medio,549000.0,8234000.0,12.0,vehiculo,mora_severa,malo
5446,46.0,M,informal,arrendada,medio,sin_cuenta,0.0,4648000.0,15.0,educacion,mora_leve,malo
5447,36.0,M,informal,arrendada,bajo,sin_cuenta,0.0,17723000.0,60.0,libre_inversion,al_dia,bueno
5448,25.0,M,informal,familiar,alto,alto,1494000.0,5393000.0,15.0,negocio,al_dia,bueno
5449,41.0,M,formal_no_calificado,arrendada,bajo,alto,2654000.0,2515000.0,6.0,otros,mora_severa,bueno
5450,29.0,F,formal_no_calificado,arrendada,bajo,medio,1101000.0,8513000.0,30.0,libre_inversion,al_dia,bueno
5451,35.0,M,,propia,bajo,sin_cuenta,0.0,3059000.0,18.0,vehiculo,al_dia,bueno
5452,42.0,F,informal,arrendada,bajo,bajo,350000.0,7052000.0,24.0,educacion,mora_severa,bueno
5453,22.0,F,formal_calificado,propia,alto,bajo,,2751000.0,12.0,libre_inversion,al_dia,bueno
5454,21.0,M,formal_no_calificado,arrendada,bajo,sin_cuenta,0.0,5106000.0,18.0,educacion,al_dia,bueno
5455,28.0,F,alta_calificacion,propia,bajo,sin_cuenta,0.0,1542000.0,18.0,otros,sin_creditos_previos,bueno
5456,65.0,F,informal,propia,bajo,medio,1691000.0,2014000.0,18.0,remodelacion,al_dia,bueno
5457,72.0,F,formal_no_calificado,propia,bajo,sin_cuenta,0.0,3298000.0,18.0,libre_inversion,mora_severa,malo
5458,37.0,M,formal_calificado,arrendada,bajo,sin_cuenta,0.0,2455000.0,30.0,libre_inversion,al_dia,malo
5459,46.0,F,formal_no_calificado,familiar,muy_alto,sin_cuenta,0.0,,30.0,vehiculo,mora_severa,malo
5460,32.0,M,informal,propia,bajo,bajo,61000.0,2515000.0,12.0,libre_inversion,al_dia,malo
5461,34.0,M,informal,propia,medio,medio,305000.0,15468000.0,30.0,educacion,al_dia,bueno
5462,31.0,F,informal,arrendada,medio,sin_cuenta,0.0,4850000.0,12.0,vehiculo,mora_severa,bueno
5463,48.0,M,formal_no_calificado,arrendada,bajo,medio,1470000.0,7297000.0,24.0,remodelacion,al_dia,malo
5464,57.0,M,formal_no_calificado,propia,bajo,sin_cuenta,0.0,1124000.0,6.0,electrodomesticos,al_dia,bueno
5465,34.0,M,formal_no_calificado,arrendada,,sin_cuenta,0.0,5814000.0,30.0,libre_inversion,mora_leve,malo
5466,34.0,M,formal_calificado,familiar,bajo,sin_cuenta,0.0,5566000.0,24.0,remodelacion,al_dia,malo
5467,31.0,M,informal,propia,bajo,bajo,180000.0,2525000.0,12.0,educacion,al_dia,bueno
5468,57.0,M,informal,arrendada,medio,alto,1366000.0,1947000.0,18.0,vehiculo,mora_severa,bueno
5469,44.0,F,formal_calificado,propia,bajo,medio,488000.0,4119000.0,18.0,electrodomesticos,mora_severa,bueno
5470,25.0,F,formal_calificado,familiar,bajo,sin_cuenta,0.0,,21.0,libre_inversion,al_dia,malo
5471,64.0,M,formal_calificado,familiar,bajo,alto,2042000.0,6962000.0,21.0,remodelacion,al_dia,bueno
5472,19.0,F,formal_calificado,arrendada,bajo,medio,604000.0,3254000.0,18.0,otros,sin_creditos_previos,bueno
5473,55.0,F,,familiar,bajo,bajo,166000.0,8411000.0,42.0,remodelacion,al_dia,bueno
5474,47.0,F,,propia,bajo,medio,1521000.0,1702000.0,15.0,libre_inversion,mora_severa,bueno
5475,34.0,F,formal_no_calificado,arrendada,alto,medio,477000.0,4362000.0,24.0,vehiculo,al_dia,bueno
5476,33.0,F,informal,arrendada,bajo,medio,514000.0,2733000.0,21.0,otros,mora_severa,bueno
5477,32.0,M,informal,familiar,bajo,sin_cuenta,0.0,3708000.0,15.0,remodelacion,mora_leve,bueno
5478,25.0,F,formal_no_calificado,arrendada,,sin_cuenta,0.0,14852000.0,39.0,vehiculo,al_dia,bueno
5479,62.0,F,informal,propia,bajo,medio,419000.0,1298000.0,12.0,electrodomesticos,mora_severa,bueno
5480,33.0,F,informal,propia,bajo,medio,610000.0,2747000.0,27.0,libre_inversion,al_dia,bueno
5481,25.0,M,informal,propia,bajo,medio,709000.0,5197000.0,24.0,negocio,sin_creditos_previos,malo
5482,60.0,F,alta_calificacion,familiar,bajo,medio,409000.0,7428000.0,24.0,vehiculo,al_dia,bueno
5483,38.0,F,informal,arrendada,medio,medio,1326000.0,1655000.0,18.0,libre_inversion,mora_severa,malo
5484,39.0,M,formal_calificado,arrendada,medio,sin_cuenta,0.0,,30.0,libre_inversion,al_dia,malo
5485,66.0,F,formal_calificado,propia,bajo,sin_cuenta,0.0,3809000.0,9.0,libre_inversion,al_dia,bueno
5486,41.0,F,formal_calificado,arrendada,bajo,sin_cuenta,0.0,1869000.0,12.0,remodelacion,mora_severa,bueno
5487,27.0,M,informal,arrendada,bajo,sin_cuenta,0.0,14259000.0,,remodelacion,al_dia,bueno
5488,41.0,M,formal_calificado,arrendada,bajo,bajo,340000.0,1958000.0,12.0,remodelacion,al_dia,bueno
5489,,F,formal_no_calificado,propia,bajo,bajo,,,12.0,vehiculo,mora_severa,bueno
5490,29.0,F,informal,propia,bajo,sin_cuenta,0.0,9241000.0,36.0,educacion,al_dia,malo
5491,37.0,M,formal_no_calificado,propia,,bajo,235000.0,10224000.0,36.0,negocio,mora_leve,bueno
5492,46.0,F,informal,familiar,bajo,sin_cuenta,0.0,1440000.0,24.0,electrodomesticos,mora_leve,malo
5493,28.0,M,formal_calificado,arrendada,bajo,bajo,47000.0,3066000.0,,remodelacion,al_dia,bueno
5494,31.0,F,formal_calificado,arrendada,bajo,bajo,99000.0,3008000.0,15.0,libre_inversion,mora_severa,malo
5495,31.0,F,formal_no_calificado,familiar,bajo,sin_cuenta,0.0,5534000.0,21.0,negocio,sin_creditos_previos,bueno
5496,49.0,F,alta_calificacion,arrendada,medio,medio,403000.0,3567000.0,18.0,libre_inversion,al_dia,bueno
5497,33.0,M,informal,arrendada,bajo,bajo,131000.0,6897000.0,27.0,educacion,al_dia,malo
5498,64.0,M,formal_calificado,arrendada,muy_alto,bajo,133000.0,2040000.0,9.0,vehiculo,mora_severa,bueno
5499,29.0,F,formal_calificado,propia,bajo,bajo,180000.0,3018000.0,12.0,libre_inversion,al_dia,bueno
5500,28.0,M,informal,propia,medio,sin_cuenta,0.0,2590000.0,18.0,libre_inversion,al_dia,bueno
5501,55.0,M,alta_calificacion,familiar,bajo,medio,786000.0,12406000.0,36.0,otros,al_dia,bueno
5502,40.0,M,alta_calificacion,arrendada,medio,alto,1142000.0,5208000.0,24.0,electrodomesticos,sin_creditos_previos,bueno
5503,75.0,M,informal,propia,bajo,sin_cuenta,0.0,4332000.0,21.0,vehiculo,sin_creditos_previos,malo
5504,54.0,F,formal_calificado,familiar,bajo,sin_cuenta,0.0,11163000.0,21.0,negocio,al_dia,bueno
5505,23.0,M,informal,propia,bajo,medio,606000.0,13986000.0,36.0,vehiculo,al_dia,bueno
5506,33.0,M,informal,arrendada,bajo,medio,1184000.0,,45.0,negocio,al_dia,bueno
5507,37.0,M,informal,arrendada,bajo,sin_cuenta,0.0,2571000.0,9.0,negocio,mora_severa,bueno
5508,36.0,M,formal_no_calificado,propia,muy_alto,bajo,396000.0,3756000.0,21.0,educacion,al_dia,bueno
5509,32.0,M,informal,propia,,medio,384000.0,3992000.0,24.0,libre_inversion,mora_severa,malo
5510,35.0,F,informal,arrendada,bajo,sin_cuenta,0.0,1677000.0,15.0,otros,mora_severa,bueno
5511,36.0,F,alta_calificacion,arrendada,bajo,medio,818000.0,1131000.0,12.0,remodelacion,al_dia,bueno
5512,28.0,F,formal_no_calificado,familiar,medio,medio,2262000.0,1560000.0,6.0,vehiculo,al_dia,bueno
5513,48.0,M,formal_calificado,familiar,medio,sin_cuenta,0.0,2818000.0,18.0,educacion,mora_severa,bueno
5514,60.0,M,informal,propia,bajo,alto,3361000.0,4935000.0,45.0,libre_inversion,mora_severa,malo
5515,43.0,M,informal,propia,bajo,alto,,7366000.0,30.0,libre_inversion,al_dia,bueno
5516,38.0,F,formal_calificado,arrendada,medio,medio,276000.0,5203000.0,21.0,remodelacion,al_dia,bueno
5517,32.0,F,informal,arrendada,alto,bajo,260000.0,3986000.0,24.0,remodelacion,sin_creditos_previos,bueno
5518,37.0,F,formal_no_calificado,propia,alto,bajo,94000.0,2099000.0,18.0,electrodomesticos,mora_severa,bueno
5519,38.0,M,alta_calificacion,propia,bajo,bajo,99000.0,4450000.0,18.0,remodelacion,al_dia,bueno
5520,25.0,F,informal,propia,bajo,sin_cuenta,0.0,3603000.0,30.0,otros,al_dia,bueno
5521,47.0,F,formal_no_calificado,propia,muy_alto,sin_cuenta,0.0,1183000.0,21.0,libre_inversion,al_dia,bueno
5522,29.0,M,formal_no_calificado,arrendada,bajo,sin_cuenta,0.0,5330000.0,9.0,vehiculo,mora_leve,bueno
5523,56.0,F,informal,familiar,bajo,sin_cuenta,0.0,2223000.0,12.0,libre_inversion,al_dia,bueno
5524,35.0,F,formal_calificado,propia,bajo,medio,364000.0,2980000.0,15.0,otros,mora_severa,bueno
5525,48.0,M,formal_no_calificado,arrendada,bajo,medio,1879000.0,4915000.0,24.0,libre_inversion,al_dia,bueno
5526,42.0,F,informal,propia,medio,sin_cuenta,0.0,2064000.0,12.0,vehiculo,mora_leve,bueno
5527,24.0,F,informal,arrendada,bajo,bajo,94000.0,1379000.0,6.0,negocio,mora_severa,bueno
5528,54.0,F,formal_no_calificado,propia,bajo,bajo,152000.0,3349000.0,15.0,remodelacion,mora_severa,malo
5529,27.0,M,,propia,bajo,bajo,264000.0,4128000.0,24.0,libre_inversion,al_dia,bueno
5530,29.0,M,alta_calificacion,propia,medio,medio,555000.0,3257000.0,33.0,otros,al_dia,bueno
5531,29.0,F,formal_calificado,arrendada,,sin_cuenta,0.0,2756000.0,12.0,libre_inversion,mora_severa,malo
5532,22.0,M,informal,arrendada,bajo,sin_cuenta,0.0,3176000.0,18.0,electrodomesticos,mora_severa,malo
5533,36.0,M,alta_calificacion,arrendada,bajo,sin_cuenta,0.0,1962000.0,12.0,libre_inversion,mora_severa,bueno
5534,49.0,M,formal_calificado,arrendada,bajo,alto,1655000.0,,15.0,remodelacion,mora_severa,bueno
5535,55.0,M,informal,propia,medio,alto,1895000.0,2293000.0,9.0,libre_inversion,al_dia,bueno
5536,32.0,F,informal,propia,bajo,bajo,290000.0,2366000.0,9.0,educacion,al_dia,bueno
5537,33.0,F,informal,propia,bajo,bajo,130000.0,995000.0,9.0,electrodomesticos,mora_severa,bueno
5538,42.0,M,informal,propia,bajo,bajo,,9817000.0,33.0,vehiculo,mora_severa,malo
5539,32.0,F,formal_no_calificado,propia,medio,bajo,444000.0,5444000.0,12.0,negocio,al_dia,bueno
5540,51.0,M,informal,familiar,medio,sin_cuenta,0.0,2835000.0,27.0,educacion,mora_severa,bueno
5541,33.0,M,alta_calificacion,familiar,bajo,sin_cuenta,0.0,656000.0,9.0,electrodomesticos,al_dia,bueno
5542,26.0,M,formal_no_calificado,arrendada,bajo,sin_cuenta,0.0,2006000.0,18.0,electrodomesticos,mora_severa,bueno
5543,36.0,M,informal,arrendada,bajo,alto,1446000.0,,21.0,vehiculo,sin_creditos_previos,bueno
5544,23.0,M,alta_calificacion,arrendada,alto,medio,636000.0,3051000.0,24.0,electrodomesticos,al_dia,bueno
5545,36.0,F,formal_no_calificado,arrendada,bajo,medio,497000.0,2434000.0,6.0,negocio,mora_severa,bueno
5546,38.0,M,informal,arrendada,medio,medio,1483000.0,5078000.0,24.0,libre_inversion,al_dia,bueno
5547,27.0,F,informal,propia,bajo,bajo,67000.0,8873000.0,27.0,vehiculo,al_dia,bueno
5548,38.0,M,formal_no_calificado,familiar,bajo,medio,242000.0,1179000.0,6.0,educacion,sin_creditos_previos,bueno
5549,31.0,F,formal_no_calificado,arrendada,bajo,medio,1179000.0,3117000.0,12.0,otros,al_dia,bueno
5550,26.0,F,formal_no_calificado,propia,bajo,sin_cuenta,0.0,7968000.0,24.0,libre_inversion,mora_severa,malo
5551,22.0,M,formal_calificado,arrendada,bajo,sin_cuenta,0.0,6711000.0,42.0,libre_inversion,mora_severa,bueno
5552,23.0,F,formal_calificado,arrendada,bajo,bajo,239000.0,6015000.0,24.0,educacion,al_dia,bueno
5553,58.0,F,formal_calificado,familiar,bajo,sin_cuenta,0.0,,6.0,otros,al_dia,malo
5554,30.0,M,formal_calificado,arrendada,medio,bajo,224000.0,2983000.0,24.0,remodelacion,al_dia,bueno
5555,38.0,F,formal_no_calificado,arrendada,bajo,medio,265000.0,575000.0,9.0,electrodomesticos,mora_leve,bueno
5556,31.0,F,informal,propia,bajo,medio,252000.0,6939000.0,21.0,libre_inversion,al_dia,bueno
5557,59.0,M,formal_no_calificado,propia,bajo,sin_cuenta,0.0,5973000.0,24.0,otros,al_dia,bueno
5558,26.0,F,,propia,,sin_cuenta,0.0,5605000.0,21.0,remodelacion,mora_severa,bueno
5559,34.0,M,formal_no_calificado,propia,bajo,alto,2644000.0,10407000.0,30.0,remodelacion,al_dia,bueno
5560,29.0,F,informal,arrendada,bajo,medio,328000.0,2526000.0,12.0,negocio,mora_severa,bueno
5561,47.0,F,formal_no_calificado,arrendada,bajo,sin_cuenta,0.0,12084000.0,27.0,negocio,al_dia,malo
5562,38.0,F,informal,arrendada,medio,medio,557000.0,3417000.0,15.0,libre_inversion,al_dia,bueno
5563,34.0,F,,arrendada,bajo,medio,403000.0,3702000.0,24.0,libre_inversion,mora_severa,bueno
5564,24.0,F,informal,propia,bajo,sin_cuenta,0.0,604000.0,9.0,libre_inversion,al_dia,bueno
5565,70.0,M,,arrendada,bajo,sin_cuenta,0.0,1879000.0,12.0,negocio,mora_leve,bueno
5566,32.0,M,informal,arrendada,bajo,alto,1032000.0,8016000.0,27.0,electrodomesticos,al_dia,bueno
5567,25.0,F,formal_calificado,arrendada,bajo,medio,390000.0,8848000.0,18.0,remodelacion,mora_severa,bueno
5568,22.0,M,formal_no_calificado,arrendada,,bajo,136000.0,2088000.0,12.0,vehiculo,mora_severa,bueno
5569,23.0,F,informal,propia,,alto,3765000.0,3437000.0,27.0,vehiculo,al_dia,bueno
5570,34.0,M,formal_calificado,propia,bajo,medio,359000.0,,12.0,vehiculo,mora_severa,bueno
5571,48.0,M,,familiar,bajo,sin_cuenta,0.0,3948000.0,24.0,otros,al_dia,bueno
5572,37.0,M,formal_calificado,propia,alto,bajo,161000.0,2899000.0,12.0,vehiculo,al_dia,bueno
5573,22.0,M,alta_calificacion,propia,medio,medio,362000.0,6774000.0,42.0,negocio,mora_severa,bueno
5574,34.0,M,informal,propia,bajo,sin_cuenta,0.0,2227000.0,21.0,libre_inversion,al_dia,bueno
5575,53.0,M,alta_calificacion,arrendada,bajo,sin_cuenta,0.0,11036000.0,18.0,vehiculo,sin_creditos_previos,bueno
5576,30.0,F,formal_calificado,arrendada,bajo,medio,358000.0,6300000.0,30.0,libre_inversion,al_dia,bueno
5577,37.0,F,formal_calificado,arrendada,bajo,medio,680000.0,1011000.0,12.0,libre_inversion,mora_severa,malo
5578,30.0,F,formal_calificado,familiar,bajo,sin_cuenta,0.0,4234000.0,27.0,remodelacion,al_dia,bueno
5579,40.0,M,formal_calificado,propia,bajo,sin_cuenta,0.0,4937000.0,12.0,libre_inversion,al_dia,bueno
5580,26.0,M,formal_no_calificado,propia,bajo,medio,421000.0,2800000.0,18.0,electrodomesticos,mora_severa,malo
5581,18.0,F,formal_no_calificado,familiar,bajo,sin_cuenta,0.0,1504000.0,15.0,libre_inversion,al_dia,bueno
5582,24.0,M,informal,arrendada,bajo,sin_cuenta,0.0,1190000.0,9.0,otros,al_dia,malo
5583,29.0,M,formal_no_calificado,familiar,bajo,medio,138000.0,1696000.0,9.0,libre_inversion,mora_leve,bueno
5584,33.0,F,informal,arrendada,bajo,medio,585000.0,5138000.0,15.0,educacion,mora_leve,malo
5585,29.0,M,formal_calificado,propia,bajo,bajo,209000.0,7591000.0,27.0,negocio,sin_creditos_previos,bueno
5586,29.0,F,formal_no_calificado,familiar,medio,bajo,136000.0,21368000.0,69.0,otros,al_dia,bueno
5587,48.0,M,informal,propia,alto,bajo,,2313000.0,9.0,remodelacion,sin_creditos_previos,bueno
5588,25.0,M,informal,arrendada,bajo,sin_cuenta,0.0,828000.0,,electrodomesticos,mora_severa,bueno
5589,34.0,M,informal,propia,bajo,alto,2431000.0,2628000.0,15.0,electrodomesticos,mora_severa,bueno
5590,23.0,F,formal_no_calificado,arrendada,alto,bajo,106000.0,5142000.0,27.0,educacion,mora_severa,malo
5591,43.0,F,informal,arrendada,medio,bajo,497000.0,8239000.0,36.0,negocio,mora_severa,malo
5592,36.0,F,informal,propia,medio,bajo,125000.0,3387000.0,21.0,electrodomesticos,al_dia,bueno
5593,70.0,M,informal,familiar,bajo,bajo,184000.0,1845000.0,9.0,remodelacion,al_dia,bueno
5594,25.0,F,informal,propia,bajo,sin_cuenta,0.0,2885000.0,15.0,otros,al_dia,malo
5595,60.0,F,informal,arrendada,muy_alto,bajo,261000.0,3544000.0,24.0,libre_inversion,mora_leve,bueno
5596,25.0,F,informal,propia,bajo,bajo,143000.0,1569000.0,15.0,electrodomesticos,mora_severa,bueno
5597,30.0,F,formal_calificado,arrendada,bajo,medio,902000.0,3948000.0,12.0,libre_inversion,al_dia,bueno
5598,23.0,F,formal_calificado,arrendada,medio,medio,512000.0,6307000.0,18.0,vehiculo,mora_severa,bueno
5599,69.0,F,alta_calificacion,arrendada,bajo,sin_cuenta,0.0,4085000.0,15.0,remodelacion,sin_creditos_previos,bueno
5600,38.0,M,informal,arrendada,bajo,bajo,166000.0,5275000.0,21.0,vehiculo,al_dia,bueno
5601,39.0,F,informal,arrendada,muy_alto,sin_cuenta,0.0,8359000.0,27.0,libre_inversion,al_dia,bueno
5602,26.0,M,informal,familiar,bajo,bajo,220000.0,8112000.0,36.0,educacion,al_dia,bueno
5603,20.0,F,formal_no_calificado,familiar,bajo,medio,299000.0,7471000.0,48.0,libre_inversion,mora_severa,malo
5604,30.0,M,informal,propia,bajo,medio,900000.0,13834000.0,60.0,electrodomesticos,al_dia,bueno
5605,28.0,M,informal,arrendada,bajo,sin_cuenta,0.0,1523000.0,9.0,libre_inversion,mora_severa,malo
5606,21.0,M,formal_no_calificado,propia,bajo,medio,281000.0,4465000.0,24.0,otros,mora_severa,bueno
5607,30.0,F,informal,propia,bajo,sin_cuenta,0.0,1196000.0,6.0,vehiculo,al_dia,bueno
5608,34.0,M,formal_no_calificado,arrendada,bajo,sin_cuenta,0.0,3289000.0,21.0,educacion,al_dia,bueno
5609,39.0,F,formal_no_calificado,arrendada,bajo,sin_cuenta,0.0,12657000.0,27.0,vehiculo,sin_creditos_previos,bueno
5610,20.0,F,formal_calificado,arrendada,bajo,bajo,98000.0,3022000.0,9.0,vehiculo,mora_severa,bueno
5611,23.0,M,informal,arrendada,muy_alto,bajo,,9144000.0,48.0,libre_inversion,mora_severa,malo
5612,26.0,M,informal,arrendada,bajo,bajo,105000.0,2937000.0,9.0,vehiculo,al_dia,bueno
5613,49.0,F,formal_no_calificado,familiar,alto,bajo,459000.0,2736000.0,9.0,negocio,mora_severa,bueno
5614,48.0,F,informal,propia,bajo,sin_cuenta,0.0,4569000.0,27.0,remodelacion,mora_severa,malo
5615,38.0,M,informal,propia,bajo,bajo,115000.0,3633000.0,24.0,libre_inversion,mora_leve,malo
5616,30.0,F,formal_no_calificado,propia,bajo,sin_cuenta,0.0,2782000.0,24.0,electrodomesticos,mora_leve,malo
5617,50.0,M,informal,propia,muy_alto,sin_cuenta,0.0,747000.0,6.0,electrodomesticos,mora_severa,bueno
5618,36.0,F,informal,familiar,bajo,bajo,176000.0,6544000.0,24.0,remodelacion,mora_severa,bueno
5619,49.0,F,formal_no_calificado,propia,bajo,sin_cuenta,0.0,5399000.0,21.0,educacion,mora_leve,malo
5620,38.0,M,formal_calificado,propia,bajo,sin_cuenta,0.0,3908000.0,15.0,electrodomesticos,sin_creditos_previos,bueno
5621,21.0,M,informal,arrendada,bajo,medio,500000.0,3877000.0,9.0,negocio,mora_severa,bueno
5622,20.0,F,formal_no_calificado,propia,bajo,sin_cuenta,0.0,2642000.0,18.0,remodelacion,al_dia,bueno
5623,29.0,M,alta_calificacion,arrendada,bajo,medio,590000.0,6413000.0,27.0,vehiculo,al_dia,bueno
5624,45.0,M,informal,familiar,,sin_cuenta,0.0,,33.0,vehiculo,mora_leve,malo
5625,28.0,M,formal_calificado,arrendada,alto,medio,1081000.0,,15.0,negocio,al_dia,bueno
5626,,F,informal,arrendada,alto,sin_cuenta,0.0,10858000.0,36.0,libre_inversion,al_dia,bueno
5627,43.0,M,alta_calificacion,arrendada,muy_alto,alto,1674000.0,1212000.0,6.0,libre_inversion,al_dia,bueno
5628,52.0,M,informal,familiar,bajo,sin_cuenta,0.0,4959000.0,27.0,educacion,al_dia,bueno
5629,29.0,F,informal,propia,bajo,alto,3118000.0,7022000.0,18.0,vehiculo,mora_severa,bueno
5630,25.0,F,alta_calificacion,arrendada,bajo,sin_cuenta,0.0,637000.0,6.0,libre_inversion,sin_creditos_previos,bueno
5631,24.0,F,formal_no_calificado,arrendada,medio,medio,821000.0,6178000.0,33.0,educacion,mora_severa,bueno
5632,40.0,M,informal,arrendada,medio,sin_cuenta,0.0,8773000.0,18.0,libre_inversion,al_dia,bueno
5633,22.0,M,formal_calificado,propia,bajo,sin_cuenta,0.0,5303000.0,30.0,educacion,al_dia,malo
5634,22.0,M,formal_calificado,arrendada,bajo,sin_cuenta,0.0,5934000.0,18.0,vehiculo,al_dia,bueno
5635,27.0,M,formal_no_calificado,arrendada,bajo,sin_cuenta,0.0,3642000.0,18.0,remodelacion,sin_creditos_previos,bueno
5636,36.0,M,informal,arrendada,bajo,bajo,73000.0,5255000.0,12.0,educacion,al_dia,bueno
5637,26.0,M,informal,propia,bajo,bajo,364000.0,1976000.0,18.0,libre_inversion,mora_severa,bueno
5638,48.0,F,alta_calificacion,propia,bajo,bajo,136000.0,6879000.0,24.0,educacion,mora_severa,bueno
5639,52.0,M,informal,arrendada,bajo,bajo,124000.0,3321000.0,18.0,remodelacion,al_dia,malo
5640,19.0,M,informal,arrendada,bajo,sin_cuenta,0.0,2063000.0,9.0,negocio,al_dia,bueno
5641,39.0,F,informal,familiar,bajo,medio,681000.0,1816000.0,21.0,libre_inversion,al_dia,bueno
5642,28.0,M,informal,arrendada,,medio,996000.0,9878000.0,21.0,educacion,al_dia,bueno
5643,45.0,F,formal_no_calificado,propia,,sin_cuenta,0.0,2270000.0,9.0,otros,al_dia,bueno
5644,39.0,M,informal,arrendada,medio,medio,316000.0,1461000.0,12.0,remodelacion,mora_severa,malo
5645,35.0,F,informal,arrendada,medio,sin_cuenta,0.0,1549000.0,9.0,negocio,al_dia,bueno
5646,32.0,M,informal,arrendada,bajo,bajo,150000.0,4413000.0,18.0,vehiculo,al_dia,bueno
5647,22.0,M,informal,arrendada,bajo,medio,1424000.0,7448000.0,27.0,remodelacion,al_dia,bueno
5648,74.0,F,informal,propia,bajo,medio,111000.0,3007000.0,24.0,electrodomesticos,mora_severa,malo
5649,23.0,M,informal,propia,bajo,bajo,735000.0,2014000.0,9.0,vehiculo,al_dia,bueno
5650,60.0,M,formal_calificado,propia,medio,sin_cuenta,0.0,3858000.0,18.0,remodelacion,al_dia,malo
5651,42.0,M,informal,propia,bajo,bajo,212000.0,5615000.0,9.0,vehiculo,al_dia,bueno
5652,28.0,M,informal,arrendada,muy_alto,bajo,148000.0,2137000.0,9.0,otros,mora_severa,bueno
5653,27.0,M,formal_no_calificado,propia,bajo,alto,2767000.0,1631000.0,18.0,educacion,mora_severa,bueno
5654,22.0,F,formal_calificado,familiar,bajo,medio,1310000.0,2774000.0,15.0,negocio,sin_creditos_previos,bueno
5655,34.0,M,formal_no_calificado,propia,medio,sin_cuenta,0.0,8998000.0,45.0,remodelacion,al_dia,bueno
5656,22.0,F,,arrendada,,bajo,29000.0,14626000.0,48.0,negocio,mora_severa,bueno
5657,49.0,F,informal,arrendada,bajo,bajo,367000.0,16256000.0,27.0,vehiculo,al_dia,bueno
5658,36.0,M,informal,propia,bajo,medio,376000.0,2713000.0,12.0,remodelacion,al_dia,bueno
5659,33.0,F,informal,arrendada,bajo,sin_cuenta,0.0,2712000.0,6.0,vehiculo,mora_severa,bueno
5660,34.0,M,informal,familiar,bajo,medio,736000.0,591000.0,12.0,electrodomesticos,mora_severa,bueno
5661,37.0,M,alta_calificacion,familiar,medio,bajo,107000.0,4205000.0,27.0,libre_inversion,al_dia,bueno
5662,30.0,F,formal_no_calificado,propia,bajo,sin_cuenta,0.0,4452000.0,15.0,educacion,al_dia,bueno
5663,31.0,F,formal_calificado,arrendada,alto,sin_cuenta,0.0,7517000.0,9.0,vehiculo,al_dia,bueno
5664,63.0,M,alta_calificacion,propia,bajo,medio,1325000.0,3466000.0,39.0,otros,al_dia,bueno
5665,48.0,F,formal_calificado,arrendada,muy_alto,medio,813000.0,,12.0,negocio,al_dia,bueno
5666,41.0,F,informal,propia,bajo,sin_cuenta,0.0,1191000.0,12.0,remodelacion,al_dia,malo
5667,28.0,M,formal_calificado,familiar,medio,sin_cuenta,0.0,6054000.0,36.0,libre_inversion,mora_leve,malo
5668,20.0,F,informal,arrendada,bajo,sin_cuenta,0.0,7569000.0,21.0,remodelacion,al_dia,malo
5669,39.0,F,informal,propia,medio,bajo,98000.0,6810000.0,21.0,educacion,al_dia,bueno
5670,34.0,F,formal_no_calificado,familiar,medio,bajo,103000.0,6764000.0,21.0,vehiculo,al_dia,bueno
5671,31.0,F,alta_calificacion,arrendada,bajo,sin_cuenta,0.0,1114000.0,9.0,electrodomesticos,mora_severa,malo
5672,32.0,M,formal_calificado,propia,bajo,medio,744000.0,,24.0,negocio,al_dia,bueno
5673,24.0,F,informal,arrendada,muy_alto,sin_cuenta,0.0,5058000.0,30.0,libre_inversion,al_dia,bueno
5674,25.0,M,formal_calificado,arrendada,,medio,962000.0,1876000.0,18.0,electrodomesticos,mora_severa,bueno
5675,48.0,F,formal_no_calificado,arrendada,medio,medio,265000.0,3490000.0,15.0,negocio,sin_creditos_previos,bueno
5676,20.0,F,formal_calificado,propia,bajo,sin_cuenta,0.0,5790000.0,36.0,vehiculo,al_dia,bueno
5677,45.0,F,informal,propia,bajo,medio,287000.0,10797000.0,30.0,negocio,mora_severa,bueno
5678,55.0,M,informal,propia,,medio,693000.0,2242000.0,12.0,electrodomesticos,al_dia,bueno
5679,39.0,M,informal,familiar,bajo,medio,536000.0,11718000.0,27.0,vehiculo,al_dia,bueno
5680,38.0,F,formal_calificado,propia,bajo,sin_cuenta,0.0,4489000.0,18.0,otros,al_dia,malo
5681,25.0,M,alta_calificacion,arrendada,bajo,medio,503000.0,3016000.0,21.0,libre_inversion,mora_severa,bueno
5682,26.0,M,informal,familiar,alto,bajo,392000.0,13204000.0,45.0,vehiculo,mora_severa,malo
5683,29.0,M,informal,familiar,bajo,sin_cuenta,0.0,3066000.0,9.0,libre_inversion,al_dia,bueno
5684,23.0,F,informal,arrendada,bajo,alto,1170000.0,880000.0,6.0,otros,mora_severa,bueno
5685,26.0,M,formal_calificado,arrendada,muy_alto,alto,4801000.0,1801000.0,12.0,libre_inversion,sin_creditos_previos,bueno
5686,34.0,F,formal_no_calificado,familiar,bajo,sin_cuenta,0.0,4626000.0,15.0,libre_inversion,mora_severa,bueno
5687,29.0,M,formal_no_calificado,arrendada,bajo,bajo,159000.0,1613000.0,12.0,libre_inversion,mora_severa,bueno
5688,35.0,F,informal,arrendada,alto,alto,490000.0,1864000.0,24.0,electrodomesticos,mora_severa,bueno
5689,47.0,M,informal,propia,muy_alto,bajo,65000.0,2766000.0,24.0,libre_inversion,sin_creditos_previos,bueno
5690,35.0,M,alta_calificacion,propia,bajo,bajo,144000.0,21274000.0,18.0,vehiculo,mora_leve,bueno
5691,38.0,M,formal_no_calificado,arrendada,bajo,sin_cuenta,0.0,4513000.0,21.0,electrodomesticos,sin_creditos_previos,malo
5692,22.0,M,informal,propia,bajo,bajo,99000.0,6209000.0,21.0,remodelacion,sin_creditos_previos,malo
5693,47.0,F,informal,propia,bajo,bajo,200000.0,3257000.0,39.0,electrodomesticos,sin_creditos_previos,bueno
5694,21.0,F,informal,propia,bajo,medio,1180000.0,3444000.0,12.0,remodelacion,al_dia,bueno
5695,28.0,F,informal,arrendada,bajo,bajo,129000.0,10283000.0,21.0,remodelacion,al_dia,bueno
5696,24.0,F,informal,propia,bajo,bajo,63000.0,11396000.0,33.0,negocio,mora_severa,malo
5697,20.0,F,formal_calificado,propia,bajo,sin_cuenta,0.0,2003000.0,,remodelacion,al_dia,bueno
5698,34.0,F,informal,arrendada,alto,medio,1125000.0,5150000.0,18.0,remodelacion,sin_creditos_previos,bueno
5699,40.0,F,informal,propia,bajo,sin_cuenta,0.0,8148000.0,27.0,vehiculo,al_dia,bueno
5700,56.0,M,formal_no_calificado,arrendada,bajo,bajo,155000.0,1172000.0,6.0,otros,al_dia,bueno
5701,36.0,M,informal,propia,medio,medio,360000.0,3932000.0,30.0,educacion,al_dia,bueno
5702,26.0,F,formal_no_calificado,arrendada,,medio,762000.0,1967000.0,21.0,electrodomesticos,al_dia,bueno
5703,28.0,F,formal_calificado,familiar,medio,sin_cuenta,0.0,7035000.0,27.0,vehiculo,mora_severa,malo
5704,21.0,F,informal,propia,alto,medio,,3517000.0,27.0,libre_inversion,al_dia,bueno
5705,29.0,M,formal_calificado,familiar,medio,sin_cuenta,0.0,1571000.0,9.0,otros,al_dia,bueno
5706,33.0,F,informal,familiar,medio,sin_cuenta,0.0,1295000.0,9.0,libre_inversion,mora_severa,malo
5707,39.0,M,informal,familiar,bajo,medio,249000.0,1847000.0,6.0,electrodomesticos,al_dia,malo
5708,43.0,M,informal,familiar,bajo,sin_cuenta,0.0,3899000.0,9.0,vehiculo,sin_creditos_previos,bueno
5709,39.0,F,formal_calificado,arrendada,bajo,bajo,157000.0,4419000.0,9.0,vehiculo,al_dia,bueno
5710,25.0,F,informal,propia,bajo,alto,4213000.0,5600000.0,18.0,vehiculo,mora_leve,bueno
5711,23.0,M,formal_calificado,propia,muy_alto,sin_cuenta,0.0,1830000.0,36.0,electrodomesticos,al_dia,bueno
5712,42.0,M,informal,propia,bajo,medio,365000.0,4303000.0,15.0,libre_inversion,mora_leve,bueno
5713,20.0,F,formal_no_calificado,arrendada,bajo,bajo,77000.0,3276000.0,18.0,libre_inversion,sin_creditos_previos,bueno
5714,67.0,M,informal,familiar,bajo,bajo,50000.0,4874000.0,18.0,remodelacion,mora_leve,malo
5715,26.0,M,informal,propia,bajo,bajo,193000.0,4844000.0,24.0,educacion,al_dia,malo
5716,50.0,F,formal_no_calificado,arrendada,bajo,bajo,138000.0,957000.0,12.0,remodelacion,mora_leve,bueno
5717,27.0,F,informal,familiar,bajo,medio,580000.0,2549000.0,18.0,otros,sin_creditos_previos,bueno
5718,40.0,M,informal,propia,muy_alto,medio,411000.0,3800000.0,30.0,libre_inversion,mora_severa,bueno
5719,24.0,M,formal_no_calificado,propia,bajo,sin_cuenta,0.0,5176000.0,36.0,electrodomesticos,al_dia,bueno
5720,33.0,F,formal_calificado,propia,muy_alto,medio,765000.0,14324000.0,36.0,vehiculo,mora_leve,bueno
5721,21.0,M,formal_calificado,propia,medio,bajo,143000.0,16888000.0,33.0,libre_inversion,mora_severa,bueno
5722,37.0,M,informal,arrendada,bajo,medio,592000.0,11980000.0,33.0,negocio,sin_creditos_previos,malo
5723,23.0,M,informal,arrendada,bajo,sin_cuenta,0.0,2650000.0,18.0,libre_inversion,al_dia,bueno
5724,24.0,M,informal,arrendada,alto,sin_cuenta,0.0,1355000.0,12.0,electrodomesticos,al_dia,bueno
5725,29.0,F,informal,propia,medio,sin_cuenta,0.0,5088000.0,21.0,libre_inversion,al_dia,bueno
5726,30.0,M,informal,arrendada,bajo,bajo,255000.0,11687000.0,24.0,vehiculo,sin_creditos_previos,bueno
5727,39.0,F,informal,propia,bajo,sin_cuenta,0.0,1785000.0,15.0,educacion,mora_severa,bueno
5728,38.0,M,informal,arrendada,bajo,bajo,51000.0,2427000.0,12.0,remodelacion,al_dia,bueno
5729,34.0,F,formal_no_calificado,propia,bajo,alto,1987000.0,6627000.0,33.0,remodelacion,al_dia,bueno
5730,45.0,F,informal,arrendada,bajo,sin_cuenta,0.0,1614000.0,18.0,libre_inversion,mora_severa,malo
5731,37.0,F,informal,arrendada,bajo,bajo,169000.0,4069000.0,15.0,libre_inversion,al_dia,bueno
5732,38.0,F,informal,propia,bajo,sin_cuenta,0.0,3746000.0,15.0,remodelacion,al_dia,bueno
5733,24.0,M,informal,arrendada,bajo,bajo,242000.0,3641000.0,21.0,libre_inversion,mora_severa,bueno
5734,46.0,M,formal_calificado,arrendada,bajo,sin_cuenta,0.0,4560000.0,12.0,vehiculo,mora_severa,bueno
5735,44.0,F,informal,familiar,bajo,medio,1102000.0,9664000.0,24.0,negocio,al_dia,bueno
5736,35.0,F,informal,familiar,medio,sin_cuenta,0.0,,6.0,vehiculo,al_dia,bueno
5737,43.0,F,formal_calificado,propia,bajo,alto,3970000.0,4209000.0,9.0,vehiculo,al_dia,bueno
5738,32.0,M,informal,arrendada,alto,sin_cuenta,0.0,1532000.0,15.0,otros,al_dia,bueno
5739,57.0,M,informal,propia,medio,medio,806000.0,26756000.0,24.0,negocio,al_dia,malo
5740,34.0,M,formal_calificado,arrendada,bajo,sin_cuenta,0.0,1711000.0,15.0,libre_inversion,al_dia,malo
5741,32.0,F,formal_no_calificado,propia,bajo,sin_cuenta,0.0,10554000.0,30.0,negocio,al_dia,malo
5742,37.0,M,alta_calificacion,arrendada,bajo,medio,337000.0,4260000.0,36.0,electrodomesticos,al_dia,bueno
5743,62.0,M,formal_calificado,familiar,bajo,sin_cuenta,0.0,3605000.0,18.0,educacion,al_dia,bueno
5744,28.0,F,formal_calificado,arrendada,,bajo,146000.0,4860000.0,12.0,vehiculo,sin_creditos_previos,bueno
5745,37.0,M,informal,familiar,bajo,medio,980000.0,3865000.0,18.0,otros,al_dia,bueno
5746,28.0,F,formal_no_calificado,propia,bajo,bajo,70000.0,11847000.0,30.0,educacion,al_dia,bueno
5747,32.0,M,informal,familiar,medio,sin_cuenta,0.0,2985000.0,12.0,vehiculo,mora_severa,bueno
5748,26.0,F,formal_no_calificado,arrendada,alto,medio,372000.0,9480000.0,24.0,vehiculo,mora_severa,malo
5749,38.0,M,alta_calificacion,arrendada,bajo,bajo,109000.0,4589000.0,18.0,libre_inversion,al_dia,bueno
5750,33.0,F,informal,propia,bajo,medio,749000.0,15323000.0,27.0,libre_inversion,al_dia,malo
5751,43.0,F,formal_calificado,arrendada,medio,medio,456000.0,9936000.0,24.0,vehiculo,al_dia,bueno
5752,48.0,M,formal_no_calificado,arrendada,bajo,medio,1237000.0,2368000.0,12.0,vehiculo,al_dia,bueno
5753,51.0,M,informal,propia,medio,bajo,124000.0,7645000.0,18.0,remodelacion,al_dia,bueno
5754,29.0,F,formal_calificado,familiar,muy_alto,sin_cuenta,0.0,4247000.0,24.0,remodelacion,al_dia,malo
5755,37.0,F,formal_no_calificado,arrendada,bajo,medio,893000.0,3738000.0,30.0,libre_inversion,mora_severa,bueno
5756,52.0,M,formal_no_calificado,familiar,bajo,medio,408000.0,,18.0,libre_inversion,al_dia,bueno
5757,26.0,F,formal_no_calificado,propia,alto,medio,483000.0,5963000.0,30.0,libre_inversion,al_dia,bueno
5758,34.0,M,informal,arrendada,,medio,3606000.0,13820000.0,48.0,vehiculo,al_dia,bueno
5759,26.0,M,informal,propia,bajo,sin_cuenta,0.0,21450000.0,30.0,vehiculo,al_dia,bueno
5760,61.0,M,formal_no_calificado,propia,bajo,sin_cuenta,0.0,2710000.0,18.0,libre_inversion,al_dia,bueno
5761,52.0,M,formal_calificado,propia,bajo,sin_cuenta,0.0,2701000.0,18.0,libre_inversion,mora_severa,bueno
5762,40.0,M,formal_calificado,propia,bajo,bajo,63000.0,2255000.0,9.0,libre_inversion,al_dia,bueno
5763,39.0,M,formal_calificado,arrendada,bajo,bajo,203000.0,708000.0,15.0,electrodomesticos,sin_creditos_previos,bueno
5764,27.0,M,formal_calificado,propia,bajo,sin_cuenta,0.0,4948000.0,27.0,otros,al_dia,bueno
5765,54.0,M,informal,propia,bajo,bajo,163000.0,9122000.0,30.0,negocio,al_dia,malo
5766,30.0,F,formal_calificado,arrendada,bajo,sin_cuenta,0.0,2072000.0,9.0,vehiculo,mora_severa,malo
5767,27.0,F,formal_calificado,arrendada,bajo,bajo,111000.0,3169000.0,24.0,electrodomesticos,mora_leve,bueno
5768,49.0,M,informal,arrendada,medio,sin_cuenta,0.0,4883000.0,33.0,electrodomesticos,mora_severa,malo
5769,29.0,M,informal,arrendada,bajo,sin_cuenta,0.0,3032000.0,9.0,vehiculo,al_dia,bueno
5770,28.0,F,formal_calificado,propia,medio,bajo,294000.0,9190000.0,21.0,negocio,mora_severa,bueno
5771,44.0,M,alta_calificacion,arrendada,bajo,sin_cuenta,0.0,2664000.0,12.0,libre_inversion,al_dia,bueno
5772,24.0,F,alta_calificacion,arrendada,bajo,bajo,,2858000.0,9.0,vehiculo,mora_leve,bueno
5773,40.0,M,formal_no_calificado,propia,bajo,sin_cuenta,0.0,7521000.0,18.0,negocio,mora_severa,malo
5774,34.0,M,formal_calificado,propia,,alto,5200000.0,3510000.0,9.0,vehiculo,al_dia,bueno
5775,43.0,M,formal_no_calificado,familiar,bajo,sin_cuenta,0.0,6777000.0,12.0,electrodomesticos,al_dia,bueno
5776,38.0,F,formal_calificado,propia,medio,sin_cuenta,0.0,8749000.0,18.0,negocio,mora_severa,malo
5777,75.0,M,formal_no_calificado,propia,bajo,medio,298000.0,,30.0,vehiculo,al_dia,malo
5778,35.0,M,alta_calificacion,propia,alto,sin_cuenta,0.0,720000.0,9.0,otros,mora_severa,bueno
5779,29.0,M,alta_calificacion,familiar,medio,bajo,407000.0,2109000.0,15.0,libre_inversion,al_dia,bueno
5780,33.0,F,informal,arrendada,alto,medio,402000.0,2493000.0,30.0,remodelacion,mora_severa,bueno
5781,38.0,M,alta_calificacion,familiar,bajo,sin_cuenta,0.0,3207000.0,12.0,libre_inversion,mora_severa,malo
5782,60.0,F,formal_calificado,familiar,bajo,alto,1696000.0,1097000.0,9.0,electrodomesticos,mora_leve,bueno
5783,41.0,M,informal,arrendada,bajo,bajo,139000.0,4643000.0,36.0,libre_inversion,mora_severa,malo
5784,26.0,M,informal,propia,bajo,medio,413000.0,5307000.0,18.0,remodelacion,mora_severa,bueno
5785,75.0,M,formal_calificado,propia,medio,medio,,5472000.0,30.0,remodelacion,mora_severa,bueno
5786,47.0,F,informal,familiar,bajo,medio,334000.0,4894000.0,12.0,vehiculo,al_dia,bueno
5787,26.0,M,informal,familiar,bajo,sin_cuenta,0.0,7016000.0,27.0,negocio,mora_leve,bueno
5788,24.0,M,formal_no_calificado,familiar,bajo,bajo,92000.0,9111000.0,30.0,negocio,mora_severa,bueno
5789,23.0,F,informal,familiar,bajo,bajo,93000.0,5878000.0,,educacion,al_dia,bueno
5790,32.0,M,informal,arrendada,bajo,bajo,,8096000.0,24.0,remodelacion,sin_creditos_previos,bueno
5791,33.0,M,formal_calificado,arrendada,alto,medio,563000.0,4601000.0,12.0,libre_inversion,sin_creditos_previos,bueno
5792,27.0,M,informal,arrendada,bajo,sin_cuenta,0.0,13576000.0,36.0,vehiculo,mora_severa,malo
5793,23.0,F,formal_no_calificado,arrendada,bajo,bajo,84000.0,1002000.0,12.0,libre_inversion,sin_creditos_previos,bueno
5794,24.0,M,informal,propia,bajo,bajo,177000.0,8372000.0,36.0,vehiculo,mora_leve,bueno
5795,41.0,F,formal_calificado,propia,bajo,sin_cuenta,0.0,2121000.0,24.0,libre_inversion,mora_severa,bueno
5796,30.0,F,informal,propia,bajo,bajo,128000.0,7741000.0,15.0,vehiculo,al_dia,bueno
5797,25.0,M,formal_calificado,propia,bajo,sin_cuenta,0.0,5103000.0,39.0,electrodomesticos,al_dia,malo
5798,34.0,M,formal_calificado,propia,bajo,bajo,126000.0,4241000.0,12.0,libre_inversion,mora_severa,bueno
5799,36.0,F,formal_calificado,arrendada,bajo,sin_cuenta,0.0,14263000.0,48.0,libre_inversion,al_dia,malo
5800,38.0,F,formal_no_calificado,arrendada,bajo,medio,776000.0,4896000.0,24.0,remodelacion,al_dia,bueno
5801,34.0,F,formal_no_calificado,arrendada,medio,sin_cuenta,0.0,4056000.0,9.0,libre_inversion,al_dia,bueno
5802,32.0,M,informal,arrendada,medio,bajo,159000.0,7891000.0,15.0,vehiculo,mora_severa,bueno
5803,50.0,F,formal_no_calificado,arrendada,bajo,bajo,297000.0,4726000.0,15.0,negocio,al_dia,bueno
5804,25.0,F,formal_no_calificado,arrendada,bajo,bajo,118000.0,18620000.0,48.0,vehiculo,al_dia,bueno
5805,31.0,F,formal_no_calificado,arrendada,bajo,bajo,182000.0,11922000.0,33.0,libre_inversion,sin_creditos_previos,bueno
5806,21.0,M,informal,propia,bajo,medio,249000.0,7642000.0,30.0,educacion,al_dia,bueno
5807,30.0,F,formal_no_calificado,arrendada,medio,sin_cuenta,0.0,2344000.0,15.0,educacion,mora_leve,bueno
5808,35.0,F,formal_no_calificado,arrendada,bajo,medio,453000.0,2305000.0,18.0,remodelacion,al_dia,bueno
5809,44.0,F,formal_no_calificado,propia,bajo,bajo,212000.0,3155000.0,27.0,electrodomesticos,mora_severa,bueno
5810,21.0,F,formal_no_calificado,familiar,medio,medio,384000.0,4069000.0,27.0,educacion,sin_creditos_previos,bueno
5811,35.0,F,informal,propia,bajo,medio,314000.0,6580000.0,18.0,vehiculo,al_dia,malo
5812,64.0,M,formal_no_calificado,arrendada,bajo,bajo,,4692000.0,,vehiculo,sin_creditos_previos,bueno
5813,39.0,M,informal,familiar,muy_alto,sin_cuenta,0.0,4918000.0,27.0,remodelacion,al_dia,malo
5814,24.0,M,formal_calificado,arrendada,bajo,bajo,223000.0,12711000.0,39.0,libre_inversion,al_dia,bueno
5815,30.0,F,formal_calificado,arrendada,medio,bajo,265000.0,4517000.0,,remodelacion,al_dia,bueno
5816,39.0,M,informal,arrendada,bajo,sin_cuenta,0.0,5517000.0,27.0,negocio,mora_severa,bueno
5817,27.0,F,informal,propia,muy_alto,bajo,,1726000.0,15.0,electrodomesticos,al_dia,bueno
5818,36.0,F,formal_no_calificado,arrendada,medio,medio,1033000.0,2106000.0,12.0,libre_inversion,al_dia,bueno
5819,35.0,F,formal_calificado,arrendada,,medio,392000.0,2404000.0,9.0,remodelacion,al_dia,bueno
5820,32.0,F,informal,propia,muy_alto,sin_cuenta,0.0,,12.0,negocio,sin_creditos_previos,bueno
5821,23.0,F,informal,propia,bajo,medio,281000.0,2717000.0,18.0,libre_inversion,al_dia,bueno
5822,27.0,M,informal,familiar,medio,sin_cuenta,0.0,5092000.0,18.0,remodelacion,al_dia,bueno
5823,67.0,M,formal_calificado,propia,bajo,sin_cuenta,0.0,2776000.0,18.0,libre_inversion,al_dia,malo
5824,29.0,M,informal,familiar,bajo,bajo,84000.0,,18.0,educacion,sin_creditos_previos,malo
5825,29.0,F,formal_calificado,propia,bajo,bajo,87000.0,2957000.0,24.0,libre_inversion,mora_severa,bueno
5826,30.0,M,formal_no_calificado,arrendada,bajo,bajo,,9582000.0,27.0,remodelacion,sin_creditos_previos,bueno
5827,43.0,M,formal_calificado,arrendada,bajo,medio,969000.0,1928000.0,9.0,electrodomesticos,mora_severa,bueno
5828,30.0,F,alta_calificacion,arrendada,bajo,sin_cuenta,0.0,5917000.0,15.0,vehiculo,al_dia,bueno
5829,33.0,M,formal_no_calificado,arrendada,bajo,bajo,152000.0,18754000.0,48.0,negocio,al_dia,bueno
5830,35.0,F,formal_calificado,propia,medio,sin_cuenta,0.0,6196000.0,12.0,negocio,sin_creditos_previos,bueno
5831,45.0,M,formal_calificado,arrendada,alto,sin_cuenta,0.0,9855000.0,21.0,vehiculo,sin_creditos_previos,bueno
5832,33.0,F,formal_calificado,arrendada,bajo,sin_cuenta,0.0,12371000.0,27.0,vehiculo,al_dia,malo
5833,34.0,M,formal_no_calificado,arrendada,bajo,medio,1188000.0,5826000.0,33.0,remodelacion,mora_leve,bueno
5834,28.0,F,informal,arrendada,bajo,bajo,165000.0,2198000.0,24.0,libre_inversion,mora_severa,malo
5835,36.0,F,alta_calificacion,propia,muy_alto,bajo,,3467000.0,15.0,vehiculo,al_dia,bueno
5836,40.0,M,informal,propia,medio,bajo,182000.0,6583000.0,12.0,libre_inversion,mora_leve,bueno
5837,41.0,M,alta_calificacion,propia,muy_alto,sin_cuenta,0.0,4054000.0,24.0,libre_inversion,al_dia,bueno
5838,62.0,F,informal,propia,medio,sin_cuenta,0.0,13814000.0,30.0,remodelacion,mora_severa,malo
5839,26.0,M,formal_no_calificado,arrendada,bajo,bajo,35000.0,16072000.0,39.0,vehiculo,al_dia,bueno
5840,33.0,F,alta_calificacion,familiar,bajo,medio,681000.0,6570000.0,36.0,libre_inversion,al_dia,malo
5841,31.0,M,formal_no_calificado,propia,bajo,medio,356000.0,3318000.0,30.0,otros,mora_leve,bueno
5842,57.0,F,formal_no_calificado,propia,bajo,sin_cuenta,0.0,1283000.0,9.0,libre_inversion,mora_severa,bueno
5843,43.0,M,informal,familiar,bajo,bajo,,1678000.0,9.0,libre_inversion,mora_severa,bueno
5844,22.0,F,informal,propia,bajo,bajo,394000.0,,60.0,electrodomesticos,mora_severa,malo
5845,27.0,F,,arrendada,bajo,medio,513000.0,6993000.0,18.0,negocio,al_dia,bueno
5846,30.0,M,formal_no_calificado,arrendada,bajo,sin_cuenta,0.0,4552000.0,21.0,negocio,al_dia,bueno
5847,22.0,M,informal,propia,bajo,sin_cuenta,0.0,1557000.0,6.0,vehiculo,al_dia,bueno
5848,34.0,F,informal,arrendada,bajo,alto,1744000.0,9331000.0,30.0,educacion,mora_severa,bueno
5849,28.0,F,informal,familiar,bajo,sin_cuenta,0.0,,21.0,electrodomesticos,al_dia,bueno
5850,63.0,F,alta_calificacion,arrendada,bajo,alto,2647000.0,2530000.0,18.0,electrodomesticos,al_dia,bueno
5851,36.0,F,formal_calificado,arrendada,bajo,bajo,117000.0,22010000.0,57.0,vehiculo,mora_severa,malo
5852,29.0,F,informal,propia,bajo,bajo,184000.0,4231000.0,24.0,libre_inversion,sin_creditos_previos,malo
5853,25.0,F,alta_calificacion,propia,bajo,sin_cuenta,0.0,3698000.0,18.0,educacion,mora_severa,bueno
5854,32.0,F,formal_no_calificado,familiar,bajo,medio,417000.0,2547000.0,21.0,electrodomesticos,mora_leve,bueno
5855,55.0,M,informal,familiar,bajo,sin_cuenta,0.0,4265000.0,15.0,vehiculo,al_dia,bueno
5856,31.0,M,informal,familiar,bajo,bajo,446000.0,3539000.0,12.0,remodelacion,mora_leve,malo
5857,32.0,F,formal_calificado,propia,bajo,sin_cuenta,0.0,7989000.0,18.0,vehiculo,mora_leve,bueno
5858,48.0,F,informal,familiar,medio,sin_cuenta,0.0,2497000.0,9.0,negocio,al_dia,bueno
5859,36.0,M,informal,propia,bajo,medio,581000.0,2214000.0,15.0,libre_inversion,mora_severa,bueno
5860,43.0,M,alta_calificacion,arrendada,bajo,sin_cuenta,0.0,976000.0,6.0,libre_inversion,al_dia,bueno
5861,37.0,F,formal_calificado,arrendada,bajo,bajo,166000.0,5364000.0,30.0,electrodomesticos,al_dia,bueno
5862,36.0,F,formal_calificado,arrendada,bajo,medio,885000.0,6362000.0,51.0,libre_inversion,mora_leve,malo
5863,22.0,M,formal_calificado,arrendada,bajo,bajo,195000.0,,18.0,libre_inversion,al_dia,malo
5864,24.0,F,formal_calificado,arrendada,bajo,bajo,491000.0,2679000.0,,libre_inversion,al_dia,bueno
5865,35.0,M,informal,familiar,,sin_cuenta,0.0,4276000.0,21.0,educacion,al_dia,bueno
5866,25.0,M,formal_calificado,propia,medio,medio,589000.0,,33.0,otros,mora_severa,bueno
5867,32.0,F,informal,propia,alto,sin_cuenta,0.0,4033000.0,12.0,remodelacion,mora_severa,malo
5868,24.0,M,informal,arrendada,alto,bajo,552000.0,5468000.0,27.0,educacion,mora_severa,malo
5869,48.0,F,alta_calificacion,propia,bajo,medio,596000.0,2058000.0,9.0,negocio,al_dia,bueno
5870,26.0,M,informal,propia,bajo,medio,450000.0,4781000.0,21.0,educacion,al_dia,bueno
5871,25.0,F,informal,propia,bajo,sin_cuenta,0.0,6467000.0,27.0,vehiculo,mora_severa,malo
5872,23.0,M,informal,propia,bajo,sin_cuenta,0.0,2706000.0,9.0,libre_inversion,al_dia,bueno
5873,41.0,F,formal_calificado,arrendada,bajo,medio,861000.0,5952000.0,27.0,remodelacion,al_dia,bueno
5874,32.0,F,alta_calificacion,familiar,bajo,medio,731000.0,1924000.0,18.0,otros,al_dia,bueno
5875,47.0,M,informal,familiar,muy_alto,bajo,86000.0,13015000.0,42.0,negocio,sin_creditos_previos,bueno
5876,28.0,F,informal,arrendada,bajo,sin_cuenta,0.0,2748000.0,21.0,libre_inversion,sin_creditos_previos,malo
5877,24.0,M,formal_calificado,propia,alto,bajo,127000.0,12886000.0,27.0,negocio,al_dia,bueno
5878,32.0,M,formal_no_calificado,arrendada,muy_alto,alto,1110000.0,8359000.0,48.0,libre_inversion,al_dia,bueno
5879,51.0,F,informal,arrendada,bajo,sin_cuenta,0.0,3267000.0,18.0,electrodomesticos,al_dia,bueno
5880,22.0,F,informal,arrendada,bajo,medio,217000.0,1424000.0,6.0,negocio,al_dia,bueno
5881,36.0,F,formal_no_calificado,arrendada,bajo,bajo,278000.0,3713000.0,12.0,vehiculo,al_dia,bueno
5882,37.0,F,informal,arrendada,bajo,medio,224000.0,4869000.0,18.0,remodelacion,mora_severa,bueno
5883,54.0,M,formal_calificado,propia,alto,sin_cuenta,0.0,10530000.0,63.0,libre_inversion,mora_severa,bueno
5884,26.0,M,informal,familiar,muy_alto,sin_cuenta,0.0,4590000.0,42.0,otros,al_dia,bueno
5885,21.0,M,formal_calificado,arrendada,,sin_cuenta,0.0,3324000.0,12.0,libre_inversion,al_dia,bueno
5886,29.0,M,formal_calificado,propia,bajo,medio,498000.0,3848000.0,15.0,remodelacion,mora_severa,bueno
5887,44.0,F,formal_no_calificado,familiar,medio,medio,1019000.0,3059000.0,27.0,libre_inversion,al_dia,bueno
5888,33.0,M,,propia,bajo,bajo,219000.0,5618000.0,36.0,libre_inversion,al_dia,bueno
5889,38.0,F,informal,propia,medio,alto,1796000.0,1214000.0,9.0,libre_inversion,al_dia,bueno
5890,24.0,M,informal,arrendada,bajo,sin_cuenta,0.0,4035000.0,27.0,libre_inversion,al_dia,bueno
5891,30.0,M,,arrendada,bajo,medio,1134000.0,2789000.0,18.0,libre_inversion,al_dia,bueno
5892,33.0,F,formal_calificado,propia,bajo,sin_cuenta,0.0,1086000.0,6.0,libre_inversion,sin_creditos_previos,bueno
5893,22.0,M,formal_calificado,propia,bajo,sin_cuenta,0.0,2335000.0,15.0,negocio,al_dia,bueno
5894,33.0,F,informal,propia,bajo,bajo,249000.0,1930000.0,12.0,libre_inversion,mora_severa,bueno
5895,29.0,F,formal_calificado,propia,bajo,alto,1707000.0,4287000.0,12.0,remodelacion,mora_severa,bueno
5896,75.0,F,informal,arrendada,bajo,medio,910000.0,17407000.0,36.0,remodelacion,mora_leve,malo
5897,32.0,F,informal,propia,medio,sin_cuenta,0.0,2931000.0,24.0,educacion,mora_severa,bueno
5898,55.0,F,informal,arrendada,,alto,1076000.0,8346000.0,15.0,vehiculo,mora_severa,bueno
5899,38.0,M,,arrendada,alto,medio,550000.0,6711000.0,12.0,libre_inversion,al_dia,bueno
5900,31.0,F,formal_no_calificado,arrendada,bajo,medio,1337000.0,3641000.0,21.0,libre_inversion,mora_leve,bueno
5901,52.0,M,formal_no_calificado,familiar,bajo,bajo,,3687000.0,15.0,libre_inversion,mora_severa,bueno
5902,24.0,M,formal_calificado,propia,bajo,bajo,50000.0,5756000.0,27.0,electrodomesticos,mora_leve,malo
5903,28.0,F,informal,propia,medio,sin_cuenta,0.0,1980000.0,18.0,electrodomesticos,mora_severa,bueno
5904,,F,informal,propia,bajo,bajo,475000.0,2098000.0,6.0,educacion,mora_leve,malo
5905,20.0,F,informal,propia,bajo,sin_cuenta,0.0,1804000.0,9.0,educacion,sin_creditos_previos,bueno
5906,32.0,F,informal,arrendada,muy_alto,bajo,259000.0,5772000.0,12.0,negocio,sin_creditos_previos,bueno
5907,32.0,F,formal_no_calificado,propia,bajo,bajo,201000.0,7035000.0,18.0,libre_inversion,mora_severa,malo
5908,35.0,F,,arrendada,medio,bajo,77000.0,9051000.0,24.0,educacion,al_dia,bueno
5909,30.0,M,formal_calificado,familiar,bajo,medio,401000.0,3445000.0,21.0,libre_inversion,al_dia,bueno
5910,43.0,M,formal_calificado,propia,bajo,bajo,127000.0,16028000.0,42.0,negocio,al_dia,bueno
5911,26.0,M,alta_calificacion,propia,,bajo,229000.0,687000.0,6.0,electrodomesticos,al_dia,bueno
5912,45.0,F,informal,arrendada,medio,sin_cuenta,0.0,826000.0,6.0,remodelacion,al_dia,bueno
5913,24.0,M,formal_no_calificado,arrendada,alto,sin_cuenta,0.0,1869000.0,9.0,remodelacion,al_dia,bueno
5914,36.0,M,informal,propia,bajo,sin_cuenta,0.0,2428000.0,12.0,electrodomesticos,al_dia,bueno
5915,49.0,M,informal,arrendada,,sin_cuenta,0.0,3144000.0,27.0,electrodomesticos,mora_severa,bueno
5916,25.0,F,formal_no_calificado,propia,medio,bajo,,12413000.0,21.0,negocio,mora_severa,malo
5917,27.0,M,informal,arrendada,bajo,bajo,107000.0,3209000.0,9.0,vehiculo,al_dia,bueno
5918,46.0,M,formal_calificado,arrendada,medio,alto,1654000.0,1568000.0,12.0,educacion,al_dia,bueno
5919,34.0,M,formal_calificado,propia,bajo,sin_cuenta,0.0,3575000.0,12.0,vehiculo,al_dia,bueno
5920,21.0,M,informal,propia,bajo,sin_cuenta,0.0,1322000.0,9.0,libre_inversion,al_dia,bueno
5921,35.0,M,alta_calificacion,arrendada,muy_alto,medio,495000.0,9338000.0,15.0,vehiculo,al_dia,bueno
5922,40.0,F,informal,arrendada,,sin_cuenta,0.0,2975000.0,12.0,libre_inversion,al_dia,bueno
5923,47.0,M,alta_calificacion,familiar,bajo,bajo,,3950000.0,12.0,vehiculo,mora_leve,malo
5924,36.0,M,formal_no_calificado,arrendada,,medio,273000.0,2534000.0,,libre_inversion,al_dia,bueno
5925,38.0,F,informal,arrendada,bajo,bajo,236000.0,3484000.0,24.0,educacion,al_dia,bueno
5926,58.0,F,informal,arrendada,bajo,sin_cuenta,0.0,1425000.0,18.0,electrodomesticos,mora_severa,malo
5927,44.0,M,informal,arrendada,bajo,sin_cuenta,0.0,1300000.0,12.0,libre_inversion,sin_creditos_previos,bueno
5928,30.0,M,formal_calificado,propia,bajo,alto,3386000.0,878000.0,9.0,remodelacion,mora_severa,bueno
5929,31.0,F,informal,propia,bajo,medio,494000.0,1628000.0,15.0,otros,al_dia,bueno
5930,49.0,F,formal_calificado,arrendada,bajo,medio,372000.0,1584000.0,6.0,libre_inversion,al_dia,bueno
5931,36.0,M,informal,propia,medio,sin_cuenta,0.0,9755000.0,21.0,vehiculo,mora_severa,malo
5932,34.0,F,alta_calificacion,propia,alto,bajo,119000.0,4164000.0,21.0,negocio,mora_severa,bueno
5933,30.0,M,informal,propia,bajo,medio,1391000.0,1342000.0,18.0,libre_inversion,mora_severa,bueno
5934,48.0,M,formal_calificado,familiar,,sin_cuenta,0.0,10001000.0,42.0,negocio,mora_leve,bueno
5935,26.0,M,formal_calificado,arrendada,muy_alto,alto,3297000.0,5187000.0,24.0,otros,al_dia,bueno
5936,28.0,F,informal,familiar,bajo,alto,1970000.0,13001000.0,27.0,vehiculo,al_dia,bueno
5937,48.0,M,informal,familiar,bajo,sin_cuenta,0.0,7759000.0,21.0,vehiculo,al_dia,bueno
5938,48.0,M,formal_no_calificado,arrendada,bajo,sin_cuenta,0.0,2251000.0,21.0,otros,al_dia,bueno
5939,73.0,M,formal_no_calificado,arrendada,,sin_cuenta,0.0,4856000.0,18.0,libre_inversion,mora_severa,bueno
5940,32.0,M,formal_calificado,arrendada,bajo,bajo,293000.0,10577000.0,27.0,vehiculo,sin_creditos_previos,malo
5941,30.0,M,informal,arrendada,muy_alto,bajo,288000.0,,18.0,libre_inversion,al_dia,bueno
5942,31.0,F,formal_calificado,familiar,muy_alto,medio,1249000.0,1298000.0,9.0,educacion,mora_severa,bueno
5943,22.0,F,alta_calificacion,familiar,muy_alto,bajo,,7497000.0,,remodelacion,sin_creditos_previos,bueno
5944,20.0,M,formal_calificado,arrendada,medio,sin_cuenta,0.0,9418000.0,21.0,negocio,al_dia,bueno
5945,36.0,M,informal,arrendada,medio,sin_cuenta,0.0,946000.0,9.0,libre_inversion,al_dia,bueno
5946,29.0,F,informal,arrendada,muy_alto,bajo,435000.0,1530000.0,15.0,electrodomesticos,sin_creditos_previos,bueno
5947,26.0,M,alta_calificacion,arrendada,bajo,bajo,,690000.0,6.0,remodelacion,mora_leve,bueno
5948,34.0,M,formal_calificado,propia,medio,medio,618000.0,4548000.0,36.0,libre_inversion,al_dia,bueno
5949,36.0,F,formal_no_calificado,propia,bajo,sin_cuenta,0.0,5964000.0,21.0,negocio,al_dia,bueno
5950,31.0,F,formal_calificado,propia,bajo,medio,772000.0,,9.0,libre_inversion,sin_creditos_previos,bueno
5951,32.0,M,informal,arrendada,bajo,sin_cuenta,0.0,4892000.0,15.0,libre_inversion,al_dia,bueno
5952,29.0,M,formal_calificado,propia,muy_alto,medio,428000.0,3032000.0,9.0,libre_inversion,al_dia,bueno
5953,41.0,M,formal_no_calificado,familiar,bajo,sin_cuenta,0.0,2439000.0,12.0,educacion,mora_severa,bueno
5954,28.0,M,formal_calificado,propia,bajo,sin_cuenta,0.0,3407000.0,21.0,remodelacion,mora_severa,bueno
5955,25.0,F,formal_calificado,propia,bajo,bajo,193000.0,7788000.0,27.0,negocio,al_dia,bueno
5956,29.0,F,formal_no_calificado,arrendada,bajo,medio,148000.0,4118000.0,9.0,remodelacion,al_dia,malo
5957,35.0,M,informal,propia,bajo,sin_cuenta,0.0,14016000.0,36.0,negocio,mora_severa,malo
5958,42.0,M,formal_calificado,propia,bajo,sin_cuenta,0.0,1695000.0,30.0,electrodomesticos,al_dia,bueno
5959,63.0,M,formal_calificado,propia,bajo,bajo,,,15.0,negocio,mora_severa,bueno
5960,34.0,M,informal,arrendada,alto,bajo,261000.0,2404000.0,12.0,negocio,al_dia,bueno
5961,56.0,F,alta_calificacion,propia,muy_alto,sin_cuenta,0.0,7699000.0,24.0,vehiculo,al_dia,bueno
5962,27.0,M,informal,arrendada,bajo,sin_cuenta,0.0,4632000.0,57.0,libre_inversion,al_dia,bueno
5963,26.0,F,informal,propia,bajo,medio,393000.0,2833000.0,18.0,otros,mora_severa,malo
5964,38.0,F,alta_calificacion,propia,bajo,sin_cuenta,0.0,752000.0,12.0,electrodomesticos,al_dia,bueno
5965,40.0,F,formal_no_calificado,propia,bajo,sin_cuenta,0.0,2603000.0,12.0,educacion,mora_severa,malo
5966,35.0,F,formal_calificado,propia,medio,sin_cuenta,0.0,1207000.0,3.0,vehiculo,sin_creditos_previos,bueno
5967,75.0,F,formal_calificado,arrendada,medio,bajo,224000.0,9060000.0,12.0,vehiculo,al_dia,bueno
5968,28.0,F,formal_no_calificado,arrendada,bajo,alto,2275000.0,1978000.0,6.0,vehiculo,al_dia,bueno
5969,51.0,M,informal,arrendada,,medio,901000.0,7436000.0,27.0,vehiculo,al_dia,bueno
5970,26.0,M,formal_calificado,familiar,bajo,medio,760000.0,8090000.0,,electrodomesticos,al_dia,bueno
5971,41.0,M,formal_no_calificado,propia,muy_alto,bajo,138000.0,3525000.0,12.0,educacion,al_dia,bueno
5972,33.0,F,formal_no_calificado,familiar,bajo,sin_cuenta,0.0,2085000.0,15.0,electrodomesticos,al_dia,bueno
5973,36.0,F,formal_no_calificado,arrendada,medio,alto,1826000.0,1433000.0,12.0,electrodomesticos,mora_severa,bueno
5974,38.0,M,informal,arrendada,bajo,sin_cuenta,0.0,9046000.0,12.0,vehiculo,al_dia,bueno
5975,34.0,F,informal,familiar,bajo,medio,481000.0,4237000.0,18.0,vehiculo,mora_severa,bueno
5976,32.0,F,formal_no_calificado,propia,bajo,sin_cuenta,0.0,1994000.0,21.0,libre_inversion,al_dia,bueno
5977,21.0,F,formal_calificado,arrendada,bajo,bajo,427000.0,7790000.0,42.0,educacion,mora_severa,bueno
5978,45.0,M,formal_no_calificado,arrendada,muy_alto,alto,762000.0,,6.0,educacion,al_dia,bueno
5979,23.0,M,informal,arrendada,medio,medio,897000.0,5111000.0,15.0,libre_inversion,mora_severa,bueno
5980,29.0,M,informal,propia,,medio,461000.0,3027000.0,21.0,electrodomesticos,al_dia,bueno
5981,37.0,M,formal_calificado,propia,bajo,medio,319000.0,4459000.0,15.0,libre_inversion,al_dia,bueno
5982,24.0,F,informal,familiar,muy_alto,bajo,46000.0,1231000.0,24.0,otros,al_dia,bueno
5983,32.0,M,formal_no_calificado,arrendada,bajo,bajo,109000.0,4789000.0,30.0,libre_inversion,al_dia,malo
5984,43.0,M,formal_calificado,propia,bajo,bajo,213000.0,9102000.0,15.0,negocio,al_dia,bueno
5985,29.0,M,informal,propia,bajo,sin_cuenta,0.0,2029000.0,15.0,remodelacion,al_dia,bueno
5986,32.0,F,formal_no_calificado,arrendada,medio,bajo,158000.0,1862000.0,12.0,otros,mora_leve,bueno
5987,25.0,M,formal_calificado,propia,bajo,sin_cuenta,0.0,7812000.0,24.0,remodelacion,mora_severa,bueno
5988,30.0,F,informal,propia,bajo,medio,897000.0,992000.0,9.0,electrodomesticos,al_dia,bueno
5989,23.0,M,informal,familiar,bajo,medio,427000.0,12692000.0,27.0,vehiculo,al_dia,bueno
5990,,F,informal,propia,bajo,sin_cuenta,0.0,3062000.0,12.0,vehiculo,al_dia,bueno
5991,22.0,M,formal_calificado,propia,bajo,bajo,248000.0,3923000.0,21.0,libre_inversion,mora_severa,malo
5992,27.0,M,formal_calificado,arrendada,alto,medio,1050000.0,4952000.0,21.0,otros,al_dia,bueno
5993,,F,formal_calificado,propia,medio,medio,199000.0,2884000.0,36.0,electrodomesticos,al_dia,bueno
5994,31.0,F,alta_calificacion,propia,muy_alto,sin_cuenta,0.0,584000.0,6.0,electrodomesticos,al_dia,bueno
5995,37.0,F,formal_calificado,arrendada,bajo,bajo,70000.0,8611000.0,30.0,libre_inversion,al_dia,malo
5996,32.0,F,informal,arrendada,bajo,sin_cuenta,0.0,2137000.0,9.0,vehiculo,al_dia,bueno
5997,21.0,M,informal,arrendada,bajo,medio,437000.0,5946000.0,30.0,libre_inversion,al_dia,bueno
5998,24.0,F,formal_no_calificado,arrendada,alto,medio,829000.0,2821000.0,9.0,libre_inversion,al_dia,bueno
5999,33.0,M,formal_no_calificado,familiar,bajo,sin_cuenta,0.0,2538000.0,18.0,electrodomesticos,mora_severa,bueno
6000,47.0,F,formal_no_calificado,arrendada,bajo,sin_cuenta,0.0,2667000.0,12.0,libre_inversion,al_dia,malo
6001,44.0,F,formal_no_calificado,arrendada,bajo,sin_cuenta,0.0,12201000.0,27.0,remodelacion,al_dia,malo
6002,75.0,F,informal,familiar,bajo,bajo,140000.0,9124000.0,9.0,vehiculo,mora_severa,malo
6003,,F,informal,propia,alto,sin_cuenta,0.0,3299000.0,9.0,vehiculo,mora_severa,malo
6004,42.0,F,,arrendada,bajo,medio,784000.0,3801000.0,21.0,remodelacion,al_dia,bueno
6005,41.0,M,formal_calificado,propia,bajo,bajo,325000.0,3069000.0,9.0,remodelacion,al_dia,bueno
6006,57.0,M,formal_calificado,propia,bajo,bajo,66000.0,4804000.0,21.0,vehiculo,al_dia,bueno
6007,50.0,F,informal,familiar,bajo,medio,529000.0,6697000.0,21.0,otros,al_dia,bueno
6008,36.0,F,formal_calificado,propia,muy_alto,medio,699000.0,4622000.0,18.0,vehiculo,mora_severa,malo
6009,40.0,M,informal,propia,medio,sin_cuenta,0.0,3284000.0,18.0,remodelacion,al_dia,bueno
6010,37.0,F,informal,propia,muy_alto,medio,645000.0,2724000.0,21.0,educacion,mora_severa,bueno
6011,32.0,M,formal_calificado,arrendada,bajo,bajo,141000.0,,15.0,libre_inversion,mora_severa,bueno
6012,,F,alta_calificacion,familiar,,sin_cuenta,0.0,6738000.0,12.0,vehiculo,al_dia,bueno
6013,35.0,F,alta_calificacion,arrendada,bajo,sin_cuenta,0.0,3407000.0,15.0,libre_inversion,mora_leve,bueno
6014,34.0,M,informal,familiar,bajo,medio,263000.0,4904000.0,15.0,vehiculo,al_dia,bueno
6015,58.0,M,informal,arrendada,bajo,sin_cuenta,0.0,9040000.0,18.0,libre_inversion,mora_severa,malo
6016,36.0,F,formal_calificado,familiar,bajo,sin_cuenta,0.0,10838000.0,51.0,educacion,al_dia,malo
6017,,M,formal_calificado,familiar,bajo,bajo,118000.0,2876000.0,15.0,libre_inversion,mora_severa,bueno
6018,31.0,F,formal_no_calificado,propia,,medio,489000.0,3949000.0,36.0,libre_inversion,al_dia,bueno
6019,,M,informal,familiar,medio,medio,677000.0,3831000.0,30.0,libre_inversion,mora_leve,bueno
6020,24.0,M,formal_no_calificado,propia,bajo,medio,789000.0,1271000.0,9.0,educacion,al_dia,bueno
6021,33.0,M,informal,arrendada,bajo,sin_cuenta,0.0,1293000.0,9.0,libre_inversion,mora_leve,bueno
6022,48.0,F,informal,propia,medio,medio,576000.0,3216000.0,18.0,remodelacion,al_dia,bueno
6023,28.0,F,formal_no_calificado,arrendada,bajo,bajo,202000.0,4900000.0,30.0,libre_inversion,mora_leve,malo
6024,69.0,F,informal,familiar,alto,alto,1191000.0,4029000.0,15.0,libre_inversion,al_dia,bueno
6025,20.0,F,formal_calificado,arrendada,bajo,bajo,206000.0,4361000.0,21.0,educacion,mora_severa,malo
6026,38.0,F,formal_no_calificado,arrendada,bajo,bajo,173000.0,9286000.0,18.0,remodelacion,al_dia,bueno
6027,35.0,M,informal,familiar,bajo,medio,441000.0,12052000.0,42.0,remodelacion,al_dia,malo
6028,57.0,M,informal,propia,bajo,alto,3896000.0,5704000.0,27.0,negocio,al_dia,bueno
6029,27.0,F,alta_calificacion,propia,bajo,sin_cuenta,0.0,4551000.0,,negocio,al_dia,bueno
6030,23.0,M,formal_no_calificado,familiar,bajo,sin_cuenta,0.0,,9.0,negocio,al_dia,malo
6031,31.0,F,formal_calificado,propia,bajo,bajo,137000.0,6649000.0,18.0,libre_inversion,al_dia,bueno
6032,29.0,F,informal,familiar,bajo,sin_cuenta,0.0,5074000.0,18.0,libre_inversion,al_dia,bueno
6033,22.0,F,formal_no_calificado,propia,bajo,sin_cuenta,0.0,10591000.0,63.0,otros,mora_severa,bueno
6034,34.0,F,alta_calificacion,propia,alto,sin_cuenta,0.0,5528000.0,18.0,electrodomesticos,al_dia,bueno
6035,29.0,F,informal,propia,bajo,bajo,169000.0,3158000.0,18.0,electrodomesticos,al_dia,bueno
6036,53.0,F,informal,propia,bajo,bajo,147000.0,2711000.0,15.0,electrodomesticos,al_dia,bueno
6037,34.0,F,alta_calificacion,propia,bajo,sin_cuenta,0.0,6497000.0,15.0,educacion,mora_severa,bueno
6038,26.0,M,informal,propia,medio,bajo,160000.0,5344000.0,27.0,electrodomesticos,al_dia,bueno
6039,33.0,M,informal,propia,bajo,bajo,390000.0,5611000.0,27.0,libre_inversion,mora_severa,malo
6040,35.0,M,alta_calificacion,arrendada,bajo,alto,4494000.0,2796000.0,15.0,libre_inversion,mora_severa,bueno
6041,40.0,F,informal,arrendada,alto,sin_cuenta,0.0,3042000.0,24.0,vehiculo,al_dia,bueno
6042,33.0,F,formal_no_calificado,propia,bajo,medio,287000.0,2272000.0,18.0,negocio,mora_leve,bueno
6043,67.0,F,formal_calificado,propia,bajo,alto,1309000.0,6549000.0,21.0,vehiculo,al_dia,bueno
6044,24.0,M,formal_calificado,propia,bajo,bajo,79000.0,2835000.0,12.0,negocio,mora_severa,bueno
6045,29.0,F,formal_no_calificado,propia,muy_alto,medio,874000.0,3223000.0,24.0,electrodomesticos,al_dia,bueno
6046,26.0,M,informal,arrendada,bajo,sin_cuenta,0.0,7336000.0,15.0,negocio,mora_leve,malo
6047,30.0,F,formal_calificado,propia,bajo,sin_cuenta,0.0,6691000.0,33.0,negocio,mora_severa,bueno
6048,36.0,M,formal_calificado,familiar,alto,sin_cuenta,0.0,,9.0,vehiculo,al_dia,bueno
6049,34.0,F,informal,propia,medio,bajo,200000.0,1110000.0,15.0,electrodomesticos,mora_leve,bueno
6050,39.0,F,informal,arrendada,bajo,alto,4289000.0,1306000.0,9.0,remodelacion,al_dia,bueno
6051,34.0,M,formal_no_calificado,arrendada,bajo,sin_cuenta,0.0,3279000.0,30.0,libre_inversion,mora_leve,malo
6052,35.0,M,,propia,bajo,bajo,92000.0,4075000.0,21.0,libre_inversion,al_dia,malo
6053,34.0,M,formal_calificado,propia,medio,medio,850000.0,4067000.0,,educacion,al_dia,bueno
6054,29.0,M,alta_calificacion,propia,bajo,bajo,526000.0,7221000.0,18.0,negocio,mora_severa,bueno
6055,28.0,M,informal,arrendada,bajo,bajo,172000.0,6949000.0,15.0,vehiculo,al_dia,bueno
6056,26.0,M,alta_calificacion,familiar,alto,bajo,76000.0,5572000.0,15.0,vehiculo,mora_leve,bueno
6057,40.0,M,formal_calificado,propia,medio,bajo,142000.0,3022000.0,18.0,negocio,mora_leve,bueno
6058,20.0,M,formal_calificado,familiar,bajo,sin_cuenta,0.0,23609000.0,45.0,libre_inversion,al_dia,bueno
6059,34.0,F,alta_calificacion,arrendada,alto,bajo,68000.0,11827000.0,48.0,negocio,al_dia,bueno
6060,43.0,M,informal,arrendada,bajo,bajo,111000.0,4967000.0,18.0,libre_inversion,al_dia,malo
6061,47.0,M,,propia,muy_alto,sin_cuenta,0.0,1013000.0,15.0,libre_inversion,al_dia,bueno
6062,20.0,F,informal,familiar,bajo,bajo,235000.0,1712000.0,9.0,libre_inversion,mora_severa,bueno
6063,29.0,M,,propia,bajo,bajo,368000.0,3683000.0,21.0,libre_inversion,mora_leve,malo
6064,27.0,F,formal_no_calificado,propia,bajo,bajo,311000.0,7724000.0,48.0,libre_inversion,al_dia,bueno
6065,29.0,F,informal,arrendada,bajo,bajo,153000.0,2401000.0,21.0,remodelacion,al_dia,bueno
6066,51.0,F,formal_calificado,familiar,bajo,bajo,231000.0,3184000.0,,libre_inversion,al_dia,bueno
6067,27.0,M,formal_no_calificado,propia,bajo,medio,1028000.0,2866000.0,9.0,otros,sin_creditos_previos,bueno
6068,43.0,F,,propia,bajo,sin_cuenta,0.0,16038000.0,18.0,vehiculo,al_dia,bueno
6069,35.0,F,formal_no_calificado,familiar,bajo,bajo,275000.0,12597000.0,45.0,electrodomesticos,al_dia,malo
6070,28.0,F,informal,familiar,bajo,bajo,628000.0,6106000.0,15.0,remodelacion,al_dia,malo
6071,27.0,M,informal,arrendada,bajo,bajo,,13695000.0,33.0,libre_inversion,al_dia,bueno
6072,36.0,F,informal,arrendada,,medio,330000.0,7949000.0,15.0,remodelacion,al_dia,bueno
6073,32.0,F,alta_calificacion,arrendada,bajo,medio,639000.0,787000.0,6.0,libre_inversion,mora_severa,bueno
6074,22.0,F,formal_calificado,familiar,bajo,sin_cuenta,0.0,1511000.0,6.0,educacion,mora_severa,bueno
6075,25.0,M,formal_no_calificado,propia,bajo,bajo,403000.0,1753000.0,24.0,electrodomesticos,al_dia,bueno
6076,36.0,M,formal_no_calificado,arrendada,,sin_cuenta,0.0,4442000.0,18.0,libre_inversion,mora_severa,bueno
6077,,M,formal_no_calificado,arrendada,medio,medio,408000.0,5799000.0,30.0,remodelacion,al_dia,bueno
6078,45.0,M,informal,familiar,bajo,alto,1066000.0,3207000.0,,libre_inversion,al_dia,bueno
6079,22.0,F,informal,arrendada,bajo,bajo,85000.0,4881000.0,33.0,otros,mora_severa,malo
6080,30.0,M,formal_no_calificado,propia,bajo,sin_cuenta,0.0,2431000.0,24.0,vehiculo,al_dia,bueno
6081,41.0,M,informal,arrendada,bajo,sin_cuenta,0.0,1262000.0,9.0,vehiculo,al_dia,bueno
6082,25.0,M,formal_calificado,familiar,bajo,sin_cuenta,0.0,,15.0,vehiculo,al_dia,malo
6083,23.0,F,informal,familiar,bajo,bajo,330000.0,2963000.0,12.0,vehiculo,al_dia,bueno
6084,39.0,F,formal_no_calificado,propia,bajo,medio,613000.0,3191000.0,9.0,educacion,al_dia,bueno
6085,43.0,F,informal,propia,bajo,bajo,,,18.0,electrodomesticos,al_dia,bueno
6086,,F,formal_calificado,arrendada,alto,alto,1607000.0,3382000.0,33.0,remodelacion,al_dia,bueno
6087,29.0,F,alta_calificacion,arrendada,bajo,sin_cuenta,0.0,1215000.0,12.0,libre_inversion,mora_severa,bueno
6088,22.0,M,informal,propia,medio,sin_cuenta,0.0,2042000.0,9.0,negocio,al_dia,bueno
6089,34.0,M,informal,propia,bajo,bajo,,2553000.0,30.0,electrodomesticos,al_dia,bueno
6090,21.0,F,formal_no_calificado,propia,medio,sin_cuenta,0.0,2331000.0,18.0,electrodomesticos,al_dia,bueno
6091,51.0,F,,propia,bajo,sin_cuenta,0.0,1367000.0,6.0,libre_inversion,al_dia,bueno
6092,31.0,M,informal,propia,bajo,sin_cuenta,0.0,5319000.0,24.0,libre_inversion,mora_severa,malo
6093,25.0,F,,familiar,bajo,bajo,,8677000.0,24.0,vehiculo,mora_severa,bueno
6094,27.0,M,informal,arrendada,bajo,sin_cuenta,0.0,5775000.0,18.0,educacion,al_dia,malo
6095,34.0,F,informal,propia,bajo,alto,2041000.0,2015000.0,9.0,electrodomesticos,al_dia,bueno
6096,29.0,F,informal,arrendada,bajo,medio,2954000.0,1516000.0,12.0,libre_inversion,al_dia,bueno
6097,33.0,M,formal_no_calificado,arrendada,bajo,medio,982000.0,851000.0,,electrodomesticos,mora_severa,bueno
6098,24.0,F,,arrendada,bajo,sin_cuenta,0.0,4346000.0,18.0,vehiculo,sin_creditos_previos,bueno
6099,47.0,F,informal,familiar,muy_alto,sin_cuenta,0.0,1857000.0,9.0,libre_inversion,mora_severa,bueno
6100,28.0,F,informal,propia,bajo,medio,394000.0,4377000.0,27.0,educacion,mora_severa,bueno
6101,20.0,F,formal_calificado,familiar,bajo,sin_cuenta,0.0,,48.0,libre_inversion,al_dia,bueno
6102,29.0,M,formal_calificado,propia,bajo,bajo,102000.0,884000.0,12.0,electrodomesticos,al_dia,malo
6103,26.0,M,informal,arrendada,alto,sin_cuenta,0.0,5450000.0,12.0,educacion,mora_severa,bueno
6104,46.0,M,formal_no_calificado,familiar,muy_alto,bajo,210000.0,3392000.0,12.0,libre_inversion,al_dia,bueno
6105,25.0,M,formal_no_calificado,arrendada,bajo,bajo,340000.0,11984000.0,69.0,remodelacion,mora_severa,malo
6106,,M,informal,propia,bajo,bajo,,2789000.0,,libre_inversion,al_dia,bueno
6107,,F,informal,propia,bajo,medio,520000.0,6312000.0,33.0,educacion,mora_severa,bueno
6108,39.0,M,formal_calificado,propia,bajo,sin_cuenta,0.0,6848000.0,21.0,libre_inversion,sin_creditos_previos,malo
6109,52.0,F,informal,propia,bajo,sin_cuenta,0.0,1480000.0,9.0,libre_inversion,mora_leve,bueno
6110,26.0,M,informal,propia,bajo,bajo,147000.0,1358000.0,9.0,libre_inversion,sin_creditos_previos,bueno
6111,50.0,M,formal_no_calificado,propia,bajo,medio,489000.0,4057000.0,12.0,vehiculo,al_dia,bueno
6112,45.0,F,informal,arrendada,bajo,sin_cuenta,0.0,1301000.0,12.0,libre_inversion,sin_creditos_previos,bueno
6113,26.0,F,informal,propia,bajo,medio,639000.0,14567000.0,27.0,vehiculo,sin_creditos_previos,bueno
6114,26.0,F,formal_no_calificado,arrendada,bajo,sin_cuenta,0.0,22734000.0,60.0,negocio,mora_severa,malo
6115,37.0,M,formal_calificado,arrendada,bajo,sin_cuenta,0.0,4439000.0,15.0,libre_inversion,mora_severa,malo
6116,32.0,F,formal_calificado,propia,bajo,bajo,85000.0,6614000.0,18.0,libre_inversion,mora_severa,bueno
6117,37.0,M,informal,arrendada,alto,sin_cuenta,0.0,2378000.0,18.0,libre_inversion,mora_severa,bueno
6118,30.0,F,informal,arrendada,bajo,bajo,280000.0,,9.0,remodelacion,al_dia,bueno
6119,33.0,F,alta_calificacion,arrendada,,sin_cuenta,0.0,7989000.0,39.0,remodelacion,al_dia,bueno
6120,31.0,M,formal_no_calificado,arrendada,bajo,bajo,382000.0,14969000.0,24.0,negocio,al_dia,bueno
6121,37.0,F,formal_calificado,arrendada,medio,sin_cuenta,0.0,2773000.0,15.0,remodelacion,mora_severa,malo
6122,25.0,F,informal,arrendada,bajo,sin_cuenta,0.0,4646000.0,51.0,remodelacion,al_dia,bueno
6123,34.0,M,informal,arrendada,bajo,sin_cuenta,0.0,978000.0,6.0,libre_inversion,mora_severa,bueno
6124,52.0,M,informal,familiar,bajo,medio,,8497000.0,27.0,educacion,mora_severa,bueno
6125,51.0,F,formal_calificado,familiar,bajo,medio,714000.0,4431000.0,18.0,libre_inversion,al_dia,bueno
6126,36.0,M,alta_calificacion,propia,medio,sin_cuenta,0.0,3225000.0,15.0,remodelacion,mora_severa,bueno
6127,25.0,M,informal,arrendada,bajo,alto,1860000.0,2169000.0,12.0,educacion,mora_severa,bueno
6128,62.0,M,formal_calificado,familiar,bajo,sin_cuenta,0.0,3405000.0,15.0,libre_inversion,al_dia,bueno
6129,37.0,F,formal_calificado,arrendada,bajo,medio,186000.0,6709000.0,15.0,vehiculo,mora_severa,bueno
6130,60.0,M,formal_calificado,arrendada,bajo,alto,1447000.0,5020000.0,24.0,libre_inversion,sin_creditos_previos,malo
6131,37.0,F,formal_no_calificado,propia,bajo,bajo,147000.0,3745000.0,21.0,educacion,al_dia,bueno
6132,19.0,F,informal,propia,bajo,sin_cuenta,0.0,11381000.0,36.0,vehiculo,mora_leve,malo
6133,62.0,M,,arrendada,bajo,medio,238000.0,3888000.0,,vehiculo,al_dia,bueno
6134,43.0,M,informal,familiar,medio,bajo,107000.0,8837000.0,42.0,electrodomesticos,mora_severa,malo
6135,33.0,F,informal,propia,muy_alto,sin_cuenta,0.0,,42.0,educacion,mora_leve,bueno
6136,21.0,M,,familiar,bajo,medio,1796000.0,1757000.0,12.0,remodelacion,al_dia,bueno
6137,45.0,M,formal_no_calificado,arrendada,,bajo,,7884000.0,12.0,remodelacion,mora_severa,bueno
6138,37.0,M,informal,arrendada,bajo,bajo,524000.0,3257000.0,27.0,otros,mora_severa,malo
6139,70.0,F,formal_no_calificado,familiar,medio,bajo,359000.0,2624000.0,21.0,libre_inversion,al_dia,malo
6140,57.0,F,alta_calificacion,propia,bajo,medio,490000.0,,12.0,libre_inversion,mora_severa,bueno
6141,59.0,M,formal_no_calificado,propia,bajo,bajo,50000.0,3359000.0,21.0,remodelacion,al_dia,bueno
6142,35.0,M,alta_calificacion,propia,bajo,medio,1309000.0,3332000.0,12.0,libre_inversion,al_dia,bueno
6143,35.0,M,formal_calificado,arrendada,bajo,sin_cuenta,0.0,2206000.0,21.0,remodelacion,mora_severa,malo
6144,37.0,F,formal_calificado,propia,bajo,bajo,,3366000.0,18.0,otros,al_dia,bueno
6145,27.0,M,formal_no_calificado,arrendada,bajo,bajo,84000.0,3822000.0,15.0,vehiculo,sin_creditos_previos,bueno
6146,33.0,F,formal_calificado,familiar,bajo,sin_cuenta,0.0,5624000.0,45.0,libre_inversion,mora_severa,malo
6147,31.0,F,formal_no_calificado,propia,muy_alto,sin_cuenta,0.0,3291000.0,45.0,otros,al_dia,bueno
6148,49.0,M,informal,arrendada,bajo,sin_cuenta,0.0,4924000.0,15.0,vehiculo,al_dia,bueno
6149,54.0,F,alta_calificacion,arrendada,bajo,sin_cuenta,0.0,3213000.0,39.0,libre_inversion,al_dia,bueno
6150,41.0,F,formal_no_calificado,arrendada,alto,medio,382000.0,3564000.0,12.0,vehiculo,mora_severa,bueno
6151,26.0,F,formal_calificado,familiar,muy_alto,sin_cuenta,0.0,1426000.0,6.0,libre_inversion,sin_creditos_previos,bueno
6152,64.0,M,informal,propia,bajo,medio,188000.0,1193000.0,18.0,libre_inversion,mora_severa,malo
6153,45.0,F,informal,propia,bajo,medio,335000.0,4019000.0,15.0,libre_inversion,mora_leve,bueno
6154,,M,,familiar,bajo,medio,2619000.0,1222000.0,9.0,vehiculo,al_dia,bueno
6155,40.0,F,formal_no_calificado,propia,bajo,medio,275000.0,9548000.0,12.0,vehiculo,mora_severa,bueno
6156,23.0,M,informal,arrendada,bajo,bajo,120000.0,7252000.0,39.0,educacion,al_dia,bueno
6157,31.0,M,formal_calificado,propia,bajo,alto,2364000.0,1876000.0,,electrodomesticos,mora_severa,bueno
6158,51.0,F,formal_no_calificado,arrendada,medio,medio,1587000.0,13320000.0,42.0,negocio,mora_severa,malo
6159,23.0,M,informal,arrendada,bajo,sin_cuenta,0.0,4654000.0,24.0,negocio,mora_leve,bueno
6160,23.0,M,formal_calificado,arrendada,alto,medio,722000.0,1619000.0,27.0,libre_inversion,al_dia,bueno
6161,45.0,F,informal,propia,bajo,medio,638000.0,7740000.0,24.0,libre_inversion,al_dia,bueno
6162,,M,formal_no_calificado,familiar,bajo,medio,396000.0,3940000.0,21.0,remodelacion,mora_severa,bueno
6163,23.0,F,informal,familiar,bajo,sin_cuenta,0.0,3005000.0,15.0,libre_inversion,al_dia,bueno
6164,30.0,F,informal,arrendada,medio,bajo,77000.0,7269000.0,24.0,vehiculo,al_dia,bueno
6165,37.0,M,alta_calificacion,familiar,bajo,medio,364000.0,3431000.0,27.0,libre_inversion,al_dia,bueno
6166,35.0,F,informal,familiar,bajo,alto,3492000.0,5745000.0,30.0,vehiculo,mora_severa,bueno
6167,38.0,F,formal_calificado,arrendada,bajo,sin_cuenta,0.0,14980000.0,33.0,vehiculo,al_dia,bueno
6168,,F,,arrendada,bajo,bajo,49000.0,15391000.0,42.0,negocio,al_dia,bueno
6169,36.0,M,informal,familiar,bajo,sin_cuenta,0.0,,,remodelacion,mora_severa,malo
6170,41.0,F,alta_calificacion,familiar,medio,medio,814000.0,12699000.0,24.0,vehiculo,mora_severa,bueno
6171,40.0,F,informal,arrendada,bajo,sin_cuenta,0.0,2717000.0,21.0,electrodomesticos,al_dia,bueno
6172,30.0,M,formal_no_calificado,propia,bajo,alto,916000.0,9191000.0,42.0,electrodomesticos,mora_severa,malo
6173,42.0,F,formal_calificado,propia,bajo,bajo,,9071000.0,24.0,libre_inversion,al_dia,bueno
6174,,M,formal_calificado,arrendada,bajo,sin_cuenta,0.0,7340000.0,21.0,educacion,mora_severa,malo
6175,27.0,M,informal,familiar,medio,sin_cuenta,0.0,9528000.0,24.0,vehiculo,mora_severa,malo
6176,45.0,M,formal_calificado,propia,bajo,bajo,507000.0,3277000.0,24.0,remodelacion,al_dia,bueno
6177,42.0,F,alta_calificacion,familiar,bajo,bajo,93000.0,4918000.0,21.0,libre_inversion,mora_severa,bueno
6178,31.0,M,formal_no_calificado,propia,bajo,medio,1234000.0,2321000.0,15.0,libre_inversion,al_dia,bueno
6179,27.0,M,formal_no_calificado,arrendada,bajo,bajo,278000.0,2867000.0,15.0,electrodomesticos,al_dia,bueno
6180,28.0,M,informal,familiar,bajo,bajo,,4215000.0,9.0,educacion,al_dia,bueno
6181,40.0,M,informal,familiar,bajo,sin_cuenta,0.0,5730000.0,18.0,vehiculo,mora_severa,malo
6182,38.0,F,formal_no_calificado,arrendada,bajo,sin_cuenta,0.0,954000.0,9.0,otros,al_dia,bueno
6183,27.0,M,informal,familiar,bajo,sin_cuenta,0.0,2649000.0,6.0,negocio,mora_severa,bueno
6184,42.0,M,formal_calificado,familiar,alto,sin_cuenta,0.0,4306000.0,33.0,electrodomesticos,al_dia,bueno
6185,30.0,F,informal,familiar,bajo,medio,665000.0,6937000.0,15.0,remodelacion,al_dia,bueno
6186,25.0,M,informal,familiar,alto,sin_cuenta,0.0,878000.0,6.0,electrodomesticos,mora_leve,bueno
6187,29.0,M,informal,arrendada,muy_alto,bajo,251000.0,10287000.0,33.0,vehiculo,sin_creditos_previos,bueno
6188,34.0,F,informal,propia,bajo,sin_cuenta,0.0,2455000.0,12.0,libre_inversion,al_dia,bueno
6189,41.0,F,formal_no_calificado,propia,bajo,sin_cuenta,0.0,3705000.0,15.0,educacion,al_dia,bueno
6190,41.0,M,formal_no_calificado,propia,bajo,sin_cuenta,0.0,4189000.0,33.0,vehiculo,mora_severa,malo
6191,32.0,F,informal,propia,bajo,sin_cuenta,0.0,4854000.0,24.0,negocio,mora_severa,malo
6192,35.0,F,informal,propia,muy_alto,sin_cuenta,0.0,,9.0,vehiculo,mora_severa,bueno
6193,31.0,F,informal,propia,muy_alto,medio,897000.0,1314000.0,9.0,libre_inversion,mora_severa,bueno
6194,27.0,M,formal_no_calificado,arrendada,bajo,sin_cuenta,0.0,3402000.0,18.0,libre_inversion,al_dia,bueno
6195,32.0,F,,propia,bajo,bajo,539000.0,1603000.0,9.0,libre_inversion,al_dia,bueno
6196,21.0,F,formal_calificado,propia,bajo,alto,2364000.0,3627000.0,24.0,educacion,mora_severa,bueno
6197,54.0,F,formal_no_calificado,propia,bajo,sin_cuenta,0.0,3702000.0,21.0,libre_inversion,al_dia,malo
6198,35.0,F,informal,propia,alto,bajo,280000.0,5631000.0,45.0,educacion,al_dia,bueno
6199,,F,informal,arrendada,bajo,medio,473000.0,2313000.0,21.0,remodelacion,mora_leve,malo
6200,27.0,F,informal,familiar,bajo,sin_cuenta,0.0,4480000.0,12.0,vehiculo,al_dia,bueno
6201,35.0,M,informal,arrendada,medio,sin_cuenta,0.0,3527000.0,12.0,electrodomesticos,al_dia,bueno
6202,37.0,M,informal,arrendada,bajo,medio,1973000.0,3016000.0,12.0,otros,mora_severa,bueno
6203,31.0,F,alta_calificacion,familiar,bajo,sin_cuenta,0.0,9559000.0,36.0,libre_inversion,al_dia,bueno
6204,31.0,M,informal,arrendada,bajo,sin_cuenta,0.0,9812000.0,18.0,vehiculo,mora_leve,bueno
6205,24.0,F,informal,propia,bajo,bajo,481000.0,5537000.0,15.0,vehiculo,mora_severa,malo
6206,61.0,F,formal_calificado,propia,bajo,sin_cuenta,0.0,3653000.0,21.0,otros,mora_severa,malo
6207,27.0,F,alta_calificacion,arrendada,bajo,medio,681000.0,1079000.0,9.0,otros,mora_severa,bueno
6208,28.0,M,formal_no_calificado,arrendada,bajo,medio,1827000.0,9070000.0,21.0,negocio,al_dia,bueno
6209,55.0,F,formal_no_calificado,familiar,bajo,medio,351000.0,6809000.0,18.0,vehiculo,al_dia,bueno
6210,39.0,F,informal,propia,medio,sin_cuenta,0.0,3292000.0,15.0,negocio,mora_severa,bueno
6211,41.0,M,formal_calificado,familiar,bajo,alto,3910000.0,4688000.0,42.0,electrodomesticos,al_dia,bueno
6212,23.0,F,formal_no_calificado,arrendada,alto,medio,583000.0,1985000.0,15.0,remodelacion,mora_leve,bueno
6213,35.0,M,formal_no_calificado,familiar,bajo,bajo,,6923000.0,18.0,negocio,al_dia,bueno
6214,23.0,F,informal,arrendada,bajo,medio,1077000.0,4850000.0,12.0,libre_inversion,al_dia,bueno
6215,26.0,M,formal_no_calificado,propia,bajo,medio,,4675000.0,27.0,negocio,al_dia,bueno
6216,65.0,F,formal_calificado,propia,bajo,bajo,255000.0,33566000.0,66.0,vehiculo,al_dia,malo
6217,25.0,M,,propia,medio,bajo,403000.0,4942000.0,9.0,negocio,al_dia,bueno
6218,41.0,M,formal_no_calificado,propia,bajo,bajo,102000.0,1407000.0,18.0,electrodomesticos,al_dia,bueno
6219,26.0,M,,familiar,bajo,sin_cuenta,0.0,888000.0,12.0,libre_inversion,al_dia,bueno
6220,26.0,M,formal_calificado,propia,bajo,sin_cuenta,0.0,6983000.0,33.0,educacion,al_dia,bueno
6221,75.0,F,informal,propia,bajo,bajo,20000.0,5653000.0,33.0,libre_inversion,al_dia,bueno
6222,32.0,F,formal_calificado,propia,bajo,bajo,76000.0,2615000.0,15.0,libre_inversion,mora_severa,bueno
6223,23.0,M,formal_no_calificado,arrendada,bajo,medio,794000.0,6780000.0,21.0,libre_inversion,al_dia,bueno
6224,41.0,M,formal_no_calificado,propia,medio,medio,349000.0,4584000.0,,negocio,al_dia,bueno
6225,,F,informal,propia,bajo,bajo,,14181000.0,15.0,negocio,al_dia,bueno
6226,43.0,M,formal_no_calificado,familiar,bajo,sin_cuenta,0.0,1919000.0,30.0,electrodomesticos,al_dia,bueno
6227,,M,informal,propia,bajo,bajo,228000.0,,15.0,libre_inversion,sin_creditos_previos,bueno
6228,32.0,M,informal,familiar,medio,sin_cuenta,0.0,5213000.0,24.0,vehiculo,al_dia,malo
6229,28.0,F,informal,propia,bajo,medio,478000.0,2149000.0,12.0,libre_inversion,al_dia,bueno
6230,24.0,F,informal,arrendada,bajo,bajo,116000.0,20099000.0,57.0,libre_inversion,mora_severa,malo
6231,37.0,M,formal_calificado,arrendada,medio,medio,369000.0,3248000.0,18.0,negocio,al_dia,bueno
6232,31.0,F,informal,propia,bajo,sin_cuenta,0.0,1897000.0,15.0,libre_inversion,al_dia,bueno
6233,23.0,F,formal_calificado,arrendada,bajo,medio,570000.0,2152000.0,15.0,libre_inversion,mora_severa,bueno
6234,32.0,F,formal_calificado,arrendada,bajo,bajo,163000.0,3306000.0,18.0,libre_inversion,sin_creditos_previos,bueno
6235,27.0,F,,arrendada,bajo,sin_cuenta,0.0,5836000.0,18.0,negocio,mora_leve,malo
6236,34.0,F,informal,familiar,bajo,bajo,,2576000.0,9.0,vehiculo,mora_severa,malo
6237,35.0,F,formal_no_calificado,familiar,bajo,sin_cuenta,0.0,3889000.0,33.0,remodelacion,al_dia,bueno
6238,30.0,F,formal_calificado,propia,bajo,sin_cuenta,0.0,2771000.0,15.0,libre_inversion,al_dia,bueno
6239,33.0,M,informal,arrendada,bajo,bajo,151000.0,12105000.0,48.0,electrodomesticos,al_dia,malo
6240,34.0,F,informal,propia,bajo,sin_cuenta,0.0,6785000.0,21.0,educacion,al_dia,malo
6241,45.0,F,informal,propia,bajo,sin_cuenta,0.0,1893000.0,12.0,libre_inversion,al_dia,bueno
6242,32.0,M,informal,propia,medio,bajo,156000.0,,27.0,libre_inversion,al_dia,bueno
6243,29.0,M,informal,arrendada,bajo,sin_cuenta,0.0,7559000.0,18.0,vehiculo,al_dia,bueno
6244,30.0,M,informal,arrendada,bajo,sin_cuenta,0.0,22051000.0,51.0,negocio,mora_severa,malo
6245,59.0,M,formal_no_calificado,arrendada,bajo,bajo,111000.0,9542000.0,21.0,remodelacion,sin_creditos_previos,bueno
6246,26.0,M,formal_no_calificado,familiar,bajo,bajo,266000.0,10915000.0,33.0,negocio,al_dia,bueno
6247,31.0,M,informal,arrendada,bajo,bajo,373000.0,5064000.0,27.0,vehiculo,al_dia,malo
6248,31.0,M,alta_calificacion,propia,bajo,sin_cuenta,0.0,805000.0,12.0,electrodomesticos,mora_severa,bueno
6249,31.0,F,informal,propia,medio,bajo,82000.0,8192000.0,48.0,electrodomesticos,mora_severa,malo
6250,,M,informal,arrendada,medio,sin_cuenta,0.0,904000.0,9.0,libre_inversion,al_dia,bueno
6251,24.0,M,informal,propia,bajo,sin_cuenta,0.0,8771000.0,18.0,vehiculo,mora_severa,malo
6252,30.0,M,informal,propia,,bajo,185000.0,3425000.0,24.0,libre_inversion,mora_severa,malo
6253,28.0,M,formal_no_calificado,propia,bajo,bajo,69000.0,686000.0,6.0,libre_inversion,al_dia,bueno
6254,36.0,M,informal,arrendada,bajo,sin_cuenta,0.0,2702000.0,12.0,otros,al_dia,bueno
6255,47.0,F,formal_calificado,arrendada,bajo,sin_cuenta,0.0,,21.0,otros,mora_severa,malo
6256,37.0,M,formal_calificado,arrendada,bajo,bajo,57000.0,5509000.0,21.0,educacion,mora_severa,bueno
6257,34.0,M,informal,arrendada,alto,bajo,,10671000.0,54.0,libre_inversion,mora_severa,malo
6258,38.0,F,formal_calificado,familiar,bajo,medio,538000.0,2726000.0,36.0,libre_inversion,al_dia,bueno
6259,35.0,F,formal_no_calificado,familiar,bajo,medio,446000.0,5643000.0,15.0,libre_inversion,al_dia,bueno
6260,33.0,M,formal_calificado,propia,bajo,sin_cuenta,0.0,3499000.0,6.0,negocio,al_dia,malo
6261,44.0,M,,arrendada,bajo,medio,846000.0,2792000.0,9.0,libre_inversion,al_dia,bueno
6262,30.0,F,formal_no_calificado,propia,muy_alto,medio,332000.0,5448000.0,18.0,libre_inversion,mora_leve,bueno
6263,24.0,M,informal,familiar,bajo,medio,183000.0,4182000.0,27.0,remodelacion,al_dia,bueno
6264,28.0,M,informal,arrendada,alto,sin_cuenta,0.0,7012000.0,12.0,vehiculo,mora_severa,malo
6265,27.0,F,formal_calificado,propia,muy_alto,medio,436000.0,15389000.0,51.0,remodelacion,mora_severa,bueno
6266,66.0,F,informal,arrendada,bajo,sin_cuenta,0.0,909000.0,18.0,electrodomesticos,mora_severa,malo
6267,48.0,F,formal_no_calificado,arrendada,medio,sin_cuenta,0.0,1298000.0,15.0,electrodomesticos,mora_severa,bueno
6268,34.0,M,informal,familiar,alto,sin_cuenta,0.0,11323000.0,57.0,negocio,mora_severa,malo
6269,27.0,F,formal_calificado,propia,bajo,sin_cuenta,0.0,18578000.0,51.0,libre_inversion,sin_creditos_previos,malo
6270,44.0,F,informal,propia,bajo,sin_cuenta,0.0,3896000.0,33.0,libre_inversion,mora_severa,malo
6271,34.0,F,informal,familiar,bajo,sin_cuenta,0.0,3816000.0,15.0,vehiculo,mora_severa,bueno
6272,30.0,M,formal_no_calificado,arrendada,bajo,bajo,543000.0,3774000.0,54.0,electrodomesticos,al_dia,malo
6273,34.0,M,informal,propia,medio,bajo,134000.0,3751000.0,36.0,electrodomesticos,al_dia,bueno
6274,30.0,M,informal,arrendada,bajo,bajo,489000.0,3952000.0,18.0,electrodomesticos,al_dia,bueno
6275,38.0,F,formal_no_calificado,arrendada,medio,bajo,110000.0,2973000.0,45.0,electrodomesticos,sin_creditos_previos,malo
6276,24.0,M,alta_calificacion,propia,bajo,sin_cuenta,0.0,2551000.0,15.0,electrodomesticos,al_dia,bueno
6277,38.0,M,formal_calificado,propia,bajo,bajo,141000.0,1070000.0,9.0,otros,al_dia,bueno
6278,30.0,M,informal,propia,bajo,bajo,443000.0,7029000.0,15.0,libre_inversion,mora_severa,bueno
6279,44.0,M,informal,propia,medio,sin_cuenta,0.0,1705000.0,9.0,otros,al_dia,bueno
6280,49.0,F,formal_calificado,arrendada,bajo,alto,1711000.0,2336000.0,18.0,electrodomesticos,al_dia,bueno
6281,53.0,M,informal,propia,bajo,bajo,94000.0,2625000.0,18.0,libre_inversion,al_dia,bueno
6282,68.0,M,formal_calificado,arrendada,bajo,bajo,282000.0,2596000.0,12.0,libre_inversion,mora_severa,malo
6283,52.0,F,formal_no_calificado,arrendada,bajo,bajo,132000.0,2352000.0,36.0,electrodomesticos,al_dia,bueno
6284,44.0,F,formal_calificado,arrendada,bajo,medio,1951000.0,4856000.0,21.0,remodelacion,al_dia,bueno
6285,24.0,F,informal,propia,medio,bajo,106000.0,1551000.0,15.0,electrodomesticos,al_dia,bueno
6286,20.0,F,alta_calificacion,arrendada,bajo,medio,791000.0,4446000.0,18.0,vehiculo,al_dia,bueno
6287,46.0,M,informal,propia,bajo,sin_cuenta,0.0,14752000.0,30.0,libre_inversion,sin_creditos_previos,malo
6288,26.0,M,formal_calificado,familiar,medio,sin_cuenta,0.0,9083000.0,36.0,electrodomesticos,mora_severa,malo
6289,75.0,M,informal,propia,bajo,sin_cuenta,0.0,12439000.0,21.0,negocio,al_dia,bueno
6290,22.0,F,formal_no_calificado,familiar,,alto,1578000.0,6065000.0,12.0,vehiculo,al_dia,bueno
6291,43.0,F,informal,arrendada,bajo,sin_cuenta,0.0,4854000.0,18.0,remodelacion,al_dia,bueno
6292,35.0,M,informal,familiar,bajo,sin_cuenta,0.0,10106000.0,27.0,libre_inversion,mora_severa,malo
6293,23.0,F,informal,familiar,bajo,sin_cuenta,0.0,14538000.0,39.0,vehiculo,al_dia,bueno
6294,,F,informal,familiar,alto,bajo,,4286000.0,15.0,educacion,al_dia,bueno
6295,27.0,F,alta_calificacion,arrendada,bajo,medio,375000.0,7062000.0,12.0,negocio,mora_severa,bueno
6296,32.0,M,formal_calificado,propia,bajo,medio,763000.0,5795000.0,30.0,electrodomesticos,mora_severa,bueno
6297,32.0,M,formal_calificado,arrendada,medio,sin_cuenta,0.0,6240000.0,39.0,electrodomesticos,mora_severa,malo
6298,27.0,F,formal_no_calificado,propia,alto,medio,555000.0,5803000.0,21.0,libre_inversion,al_dia,bueno
6299,30.0,F,informal,propia,bajo,alto,1315000.0,2472000.0,12.0,libre_inversion,al_dia,bueno
6300,26.0,F,informal,familiar,bajo,medio,739000.0,4278000.0,15.0,remodelacion,al_dia,bueno
6301,21.0,F,informal,arrendada,bajo,bajo,,5862000.0,21.0,educacion,mora_severa,bueno
6302,34.0,M,formal_no_calificado,propia,muy_alto,medio,969000.0,1624000.0,15.0,libre_inversion,al_dia,bueno
6303,52.0,F,formal_calificado,familiar,bajo,medio,664000.0,1143000.0,9.0,otros,al_dia,bueno
6304,27.0,M,informal,propia,medio,medio,638000.0,3695000.0,15.0,otros,al_dia,bueno
6305,62.0,M,informal,familiar,bajo,bajo,347000.0,3086000.0,15.0,libre_inversion,mora_severa,malo
6306,68.0,M,informal,arrendada,medio,bajo,186000.0,2876000.0,15.0,libre_inversion,mora_leve,malo
6307,29.0,M,formal_no_calificado,propia,muy_alto,sin_cuenta,0.0,2417000.0,6.0,vehiculo,mora_severa,bueno
6308,31.0,M,informal,propia,bajo,sin_cuenta,0.0,4587000.0,72.0,otros,al_dia,bueno
6309,29.0,F,,familiar,bajo,sin_cuenta,0.0,4642000.0,15.0,vehiculo,mora_severa,bueno
6310,24.0,F,informal,propia,bajo,medio,1353000.0,3771000.0,12.0,vehiculo,mora_severa,bueno
6311,31.0,M,informal,familiar,bajo,alto,7277000.0,5886000.0,18.0,negocio,sin_creditos_previos,bueno
6312,30.0,M,formal_calificado,arrendada,bajo,sin_cuenta,0.0,9958000.0,36.0,libre_inversion,sin_creditos_previos,bueno
6313,34.0,M,alta_calificacion,propia,bajo,bajo,149000.0,5078000.0,36.0,otros,mora_severa,malo
6314,34.0,M,,arrendada,bajo,medio,804000.0,12752000.0,33.0,educacion,al_dia,bueno
6315,24.0,M,informal,arrendada,bajo,sin_cuenta,0.0,9034000.0,45.0,vehiculo,al_dia,bueno
6316,40.0,F,informal,arrendada,bajo,bajo,107000.0,3593000.0,12.0,educacion,al_dia,bueno
6317,31.0,F,formal_calificado,arrendada,muy_alto,medio,665000.0,1546000.0,9.0,educacion,al_dia,bueno
6318,25.0,M,formal_no_calificado,propia,bajo,sin_cuenta,0.0,6185000.0,27.0,electrodomesticos,al_dia,bueno
6319,31.0,F,formal_no_calificado,propia,bajo,bajo,196000.0,3556000.0,15.0,educacion,mora_severa,bueno
6320,35.0,F,formal_no_calificado,familiar,,bajo,277000.0,2452000.0,33.0,electrodomesticos,al_dia,bueno
6321,56.0,M,alta_calificacion,arrendada,bajo,medio,611000.0,10969000.0,36.0,negocio,al_dia,bueno
6322,52.0,M,informal,arrendada,bajo,sin_cuenta,0.0,6047000.0,24.0,educacion,mora_severa,malo
6323,28.0,M,informal,arrendada,bajo,sin_cuenta,0.0,6013000.0,18.0,negocio,mora_severa,malo
6324,31.0,M,informal,arrendada,medio,sin_cuenta,0.0,,,educacion,al_dia,bueno
6325,26.0,F,formal_no_calificado,propia,medio,bajo,138000.0,5634000.0,21.0,negocio,al_dia,bueno
6326,37.0,M,informal,familiar,muy_alto,sin_cuenta,0.0,2230000.0,15.0,libre_inversion,al_dia,bueno
6327,29.0,M,formal_calificado,arrendada,alto,bajo,,1593000.0,18.0,libre_inversion,al_dia,bueno
6328,31.0,M,formal_no_calificado,familiar,bajo,bajo,192000.0,9102000.0,21.0,vehiculo,al_dia,bueno
6329,47.0,M,alta_calificacion,familiar,bajo,medio,437000.0,1542000.0,6.0,libre_inversion,mora_severa,bueno
6330,24.0,F,alta_calificacion,arrendada,bajo,medio,301000.0,33702000.0,48.0,negocio,al_dia,bueno
6331,52.0,M,formal_no_calificado,arrendada,bajo,sin_cuenta,0.0,2301000.0,12.0,libre_inversion,al_dia,bueno
6332,38.0,F,formal_calificado,propia,bajo,sin_cuenta,0.0,3525000.0,9.0,vehiculo,al_dia,bueno
6333,51.0,M,formal_calificado,propia,bajo,sin_cuenta,0.0,,21.0,electrodomesticos,sin_creditos_previos,malo
6334,42.0,M,informal,arrendada,alto,medio,863000.0,10682000.0,24.0,negocio,al_dia,bueno
6335,45.0,M,formal_no_calificado,propia,bajo,bajo,154000.0,1842000.0,12.0,libre_inversion,al_dia,bueno
6336,33.0,F,,propia,bajo,sin_cuenta,0.0,2817000.0,15.0,otros,al_dia,bueno
6337,25.0,M,formal_calificado,arrendada,bajo,medio,1205000.0,4044000.0,21.0,libre_inversion,mora_leve,bueno
6338,28.0,F,formal_calificado,propia,bajo,sin_cuenta,0.0,5663000.0,21.0,libre_inversion,al_dia,malo
6339,26.0,M,informal,propia,medio,bajo,281000.0,15920000.0,30.0,libre_inversion,al_dia,bueno
6340,21.0,F,formal_calificado,arrendada,bajo,bajo,120000.0,7316000.0,21.0,negocio,mora_severa,malo
6341,47.0,F,informal,propia,bajo,sin_cuenta,0.0,616000.0,6.0,libre_inversion,mora_severa,bueno
6342,32.0,F,formal_no_calificado,propia,bajo,medio,,1988000.0,18.0,libre_inversion,al_dia,bueno
6343,26.0,M,formal_no_calificado,propia,bajo,medio,815000.0,8324000.0,27.0,libre_inversion,mora_severa,bueno
6344,67.0,M,formal_no_calificado,arrendada,bajo,bajo,77000.0,935000.0,15.0,electrodomesticos,al_dia,bueno
6345,75.0,F,informal,familiar,medio,medio,367000.0,6936000.0,18.0,vehiculo,mora_severa,malo
6346,23.0,F,formal_calificado,propia,medio,sin_cuenta,0.0,3975000.0,30.0,libre_inversion,mora_leve,bueno
6347,31.0,M,informal,arrendada,bajo,bajo,158000.0,24595000.0,21.0,vehiculo,mora_leve,bueno
6348,30.0,M,informal,propia,bajo,bajo,,3332000.0,27.0,remodelacion,mora_severa,malo
6349,25.0,M,informal,arrendada,bajo,bajo,142000.0,5756000.0,24.0,vehiculo,sin_creditos_previos,malo
6350,46.0,M,formal_no_calificado,propia,bajo,medio,430000.0,3509000.0,18.0,electrodomesticos,al_dia,bueno
6351,21.0,M,informal,familiar,bajo,bajo,332000.0,8366000.0,57.0,otros,al_dia,malo
6352,59.0,M,informal,arrendada,bajo,sin_cuenta,0.0,1849000.0,12.0,educacion,al_dia,bueno
6353,34.0,M,formal_calificado,arrendada,bajo,bajo,220000.0,1253000.0,9.0,educacion,mora_severa,malo
6354,64.0,F,formal_no_calificado,propia,medio,medio,295000.0,2932000.0,21.0,libre_inversion,al_dia,bueno
6355,33.0,F,formal_calificado,familiar,muy_alto,sin_cuenta,0.0,1587000.0,18.0,electrodomesticos,al_dia,bueno
6356,30.0,F,formal_no_calificado,propia,bajo,medio,521000.0,6879000.0,21.0,vehiculo,al_dia,malo
6357,48.0,M,informal,arrendada,bajo,sin_cuenta,0.0,10683000.0,33.0,electrodomesticos,al_dia,bueno
6358,,F,formal_calificado,arrendada,bajo,sin_cuenta,0.0,6186000.0,12.0,libre_inversion,mora_leve,bueno
6359,60.0,M,informal,arrendada,bajo,medio,1026000.0,2238000.0,6.0,electrodomesticos,al_dia,bueno
6360,22.0,F,alta_calificacion,familiar,bajo,sin_cuenta,0.0,8532000.0,72.0,electrodomesticos,al_dia,malo
6361,53.0,M,informal,arrendada,bajo,bajo,152000.0,3402000.0,18.0,electrodomesticos,al_dia,bueno
6362,30.0,M,formal_calificado,arrendada,muy_alto,sin_cuenta,0.0,5381000.0,27.0,libre_inversion,mora_leve,bueno
6363,32.0,F,formal_no_calificado,propia,bajo,sin_cuenta,0.0,2345000.0,18.0,libre_inversion,mora_severa,bueno
6364,30.0,M,formal_calificado,propia,bajo,bajo,162000.0,2153000.0,15.0,vehiculo,al_dia,bueno
6365,28.0,F,informal,arrendada,bajo,medio,407000.0,1062000.0,18.0,electrodomesticos,mora_severa,bueno
6366,31.0,F,formal_no_calificado,arrendada,bajo,sin_cuenta,0.0,9451000.0,27.0,vehiculo,al_dia,bueno
6367,25.0,M,informal,arrendada,bajo,medio,573000.0,3755000.0,33.0,remodelacion,al_dia,bueno
6368,53.0,M,formal_calificado,arrendada,bajo,sin_cuenta,0.0,3740000.0,42.0,electrodomesticos,mora_leve,malo
6369,42.0,F,informal,arrendada,bajo,medio,879000.0,6030000.0,,libre_inversion,mora_severa,malo
6370,36.0,F,informal,propia,bajo,medio,1161000.0,1152000.0,18.0,libre_inversion,al_dia,malo
6371,30.0,F,formal_no_calificado,arrendada,bajo,medio,,14483000.0,57.0,electrodomesticos,al_dia,bueno
6372,28.0,M,formal_no_calificado,familiar,medio,medio,459000.0,3662000.0,27.0,electrodomesticos,sin_creditos_previos,bueno
6373,38.0,F,formal_calificado,propia,alto,medio,398000.0,8137000.0,30.0,vehiculo,mora_leve,bueno
6374,36.0,M,formal_calificado,propia,bajo,alto,5368000.0,5714000.0,42.0,libre_inversion,al_dia,bueno
6375,49.0,M,informal,arrendada,bajo,medio,369000.0,6755000.0,,negocio,al_dia,bueno
6376,28.0,F,formal_calificado,propia,medio,medio,484000.0,7918000.0,39.0,vehiculo,al_dia,bueno
6377,28.0,M,informal,arrendada,muy_alto,sin_cuenta,0.0,3321000.0,9.0,libre_inversion,mora_leve,bueno
6378,41.0,M,formal_no_calificado,arrendada,medio,medio,205000.0,6024000.0,18.0,remodelacion,al_dia,bueno
6379,45.0,M,informal,arrendada,bajo,bajo,171000.0,5859000.0,45.0,libre_inversion,al_dia,malo
6380,75.0,F,informal,familiar,alto,alto,1836000.0,6076000.0,,libre_inversion,mora_severa,bueno
6381,22.0,F,formal_calificado,familiar,bajo,medio,488000.0,8859000.0,24.0,educacion,al_dia,bueno
6382,54.0,F,alta_calificacion,arrendada,bajo,sin_cuenta,0.0,3388000.0,9.0,negocio,mora_severa,malo
6383,35.0,M,alta_calificacion,familiar,,sin_cuenta,0.0,1893000.0,6.0,vehiculo,al_dia,bueno
6384,29.0,M,formal_calificado,propia,,sin_cuenta,0.0,2824000.0,18.0,remodelacion,al_dia,bueno
6385,39.0,F,informal,propia,alto,bajo,223000.0,5670000.0,18.0,vehiculo,al_dia,bueno
6386,38.0,M,formal_no_calificado,arrendada,bajo,bajo,168000.0,5868000.0,33.0,remodelacion,al_dia,bueno
6387,29.0,M,informal,arrendada,bajo,sin_cuenta,0.0,5364000.0,21.0,remodelacion,mora_leve,bueno
6388,22.0,M,formal_calificado,propia,bajo,sin_cuenta,0.0,6679000.0,36.0,remodelacion,al_dia,bueno
6389,55.0,F,informal,propia,bajo,sin_cuenta,0.0,2877000.0,24.0,libre_inversion,al_dia,malo
6390,27.0,F,,propia,bajo,medio,609000.0,3930000.0,12.0,libre_inversion,mora_severa,bueno
6391,26.0,M,informal,propia,bajo,sin_cuenta,0.0,6799000.0,24.0,remodelacion,al_dia,malo
6392,28.0,M,informal,propia,bajo,sin_cuenta,0.0,1761000.0,,electrodomesticos,al_dia,bueno
6393,,F,formal_calificado,familiar,bajo,bajo,148000.0,,18.0,otros,mora_severa,bueno
6394,30.0,F,informal,familiar,muy_alto,sin_cuenta,0.0,5574000.0,21.0,libre_inversion,sin_creditos_previos,malo
6395,28.0,M,informal,arrendada,alto,medio,336000.0,2765000.0,24.0,otros,al_dia,bueno
6396,38.0,M,,arrendada,bajo,medio,458000.0,3686000.0,21.0,libre_inversion,al_dia,bueno
6397,,F,alta_calificacion,propia,,sin_cuenta,0.0,1557000.0,9.0,libre_inversion,mora_severa,malo
6398,28.0,F,informal,arrendada,bajo,medio,604000.0,1993000.0,9.0,negocio,al_dia,bueno
6399,22.0,F,informal,arrendada,bajo,medio,638000.0,1241000.0,15.0,electrodomesticos,al_dia,bueno
6400,43.0,F,informal,arrendada,bajo,sin_cuenta,0.0,7006000.0,39.0,libre_inversion,al_dia,malo
6401,36.0,F,formal_no_calificado,propia,bajo,sin_cuenta,0.0,1817000.0,,electrodomesticos,al_dia,bueno
6402,21.0,M,informal,familiar,bajo,sin_cuenta,0.0,4516000.0,18.0,vehiculo,sin_creditos_previos,bueno
6403,58.0,M,formal_no_calificado,familiar,muy_alto,sin_cuenta,0.0,13210000.0,54.0,otros,al_dia,bueno
6404,,M,formal_no_calificado,propia,medio,sin_cuenta,0.0,3576000.0,24.0,educacion,mora_leve,bueno
6405,27.0,F,,familiar,bajo,medio,243000.0,5751000.0,21.0,remodelacion,mora_severa,bueno
6406,27.0,M,formal_no_calificado,propia,bajo,sin_cuenta,0.0,7883000.0,15.0,vehiculo,mora_severa,bueno
6407,28.0,M,formal_calificado,familiar,bajo,medio,878000.0,2758000.0,15.0,libre_inversion,mora_severa,bueno
6408,28.0,M,formal_no_calificado,arrendada,bajo,bajo,73000.0,2492000.0,,educacion,mora_severa,malo
6409,24.0,F,informal,arrendada,,bajo,106000.0,2305000.0,18.0,libre_inversion,al_dia,bueno
6410,35.0,F,informal,arrendada,bajo,medio,889000.0,2529000.0,9.0,libre_inversion,al_dia,bueno
6411,46.0,M,formal_no_calificado,arrendada,bajo,medio,397000.0,2239000.0,12.0,electrodomesticos,mora_severa,bueno
6412,35.0,M,informal,familiar,muy_alto,alto,4449000.0,3909000.0,9.0,educacion,al_dia,bueno
6413,37.0,F,,familiar,medio,sin_cuenta,0.0,29445000.0,54.0,vehiculo,al_dia,malo
6414,30.0,M,informal,arrendada,bajo,bajo,192000.0,3617000.0,24.0,electrodomesticos,mora_severa,bueno
6415,34.0,F,informal,familiar,medio,sin_cuenta,0.0,23806000.0,39.0,otros,al_dia,bueno
6416,38.0,M,informal,arrendada,,sin_cuenta,0.0,8488000.0,30.0,libre_inversion,al_dia,bueno
6417,42.0,F,formal_no_calificado,arrendada,alto,sin_cuenta,0.0,6273000.0,18.0,libre_inversion,mora_leve,bueno
6418,27.0,M,formal_calificado,propia,bajo,medio,1503000.0,2335000.0,15.0,libre_inversion,al_dia,bueno
6419,26.0,F,informal,familiar,bajo,sin_cuenta,0.0,5027000.0,18.0,vehiculo,al_dia,bueno
6420,20.0,M,formal_calificado,arrendada,medio,medio,767000.0,2683000.0,12.0,educacion,al_dia,bueno
6421,65.0,M,informal,arrendada,muy_alto,medio,709000.0,1314000.0,6.0,vehiculo,sin_creditos_previos,bueno
6422,63.0,F,alta_calificacion,arrendada,bajo,bajo,182000.0,1281000.0,9.0,electrodomesticos,sin_creditos_previos,bueno
6423,33.0,F,formal_no_calificado,familiar,,bajo,67000.0,3507000.0,27.0,electrodomesticos,al_dia,bueno
6424,33.0,F,formal_no_calificado,propia,bajo,medio,855000.0,,9.0,electrodomesticos,al_dia,bueno
6425,56.0,F,formal_no_calificado,arrendada,bajo,sin_cuenta,0.0,,12.0,libre_inversion,mora_severa,bueno
6426,24.0,F,formal_no_calificado,arrendada,alto,sin_cuenta,0.0,3070000.0,15.0,libre_inversion,al_dia,bueno
6427,26.0,F,informal,propia,medio,sin_cuenta,0.0,1498000.0,9.0,libre_inversion,mora_leve,malo
6428,58.0,M,informal,propia,bajo,sin_cuenta,0.0,11761000.0,27.0,libre_inversion,mora_severa,malo
6429,30.0,F,alta_calificacion,arrendada,medio,bajo,116000.0,3002000.0,33.0,libre_inversion,al_dia,bueno
6430,25.0,M,formal_calificado,propia,bajo,sin_cuenta,0.0,861000.0,9.0,libre_inversion,mora_severa,bueno
6431,38.0,M,formal_no_calificado,familiar,bajo,sin_cuenta,0.0,1577000.0,9.0,electrodomesticos,mora_leve,bueno
6432,27.0,F,formal_calificado,familiar,bajo,medio,,4866000.0,15.0,vehiculo,mora_severa,bueno
6433,53.0,M,informal,propia,bajo,bajo,93000.0,4850000.0,30.0,libre_inversion,al_dia,bueno
6434,34.0,M,formal_no_calificado,arrendada,bajo,sin_cuenta,0.0,2146000.0,27.0,libre_inversion,mora_leve,bueno
6435,28.0,M,formal_no_calificado,propia,bajo,sin_cuenta,0.0,1181000.0,9.0,libre_inversion,al_dia,bueno
6436,28.0,M,informal,arrendada,bajo,sin_cuenta,0.0,10549000.0,24.0,remodelacion,mora_severa,bueno
6437,38.0,F,alta_calificacion,arrendada,bajo,bajo,369000.0,10721000.0,18.0,vehiculo,al_dia,bueno
6438,31.0,M,formal_calificado,arrendada,bajo,bajo,189000.0,11225000.0,36.0,remodelacion,al_dia,bueno
6439,30.0,M,formal_calificado,arrendada,,medio,492000.0,2771000.0,12.0,vehiculo,al_dia,bueno
6440,43.0,M,formal_no_calificado,arrendada,bajo,sin_cuenta,0.0,1527000.0,9.0,libre_inversion,al_dia,bueno
6441,56.0,M,informal,arrendada,,medio,839000.0,5125000.0,30.0,educacion,al_dia,bueno
6442,40.0,M,formal_calificado,familiar,bajo,sin_cuenta,0.0,1299000.0,9.0,libre_inversion,al_dia,bueno
6443,27.0,M,informal,familiar,medio,sin_cuenta,0.0,5359000.0,21.0,vehiculo,al_dia,bueno
6444,25.0,F,formal_calificado,arrendada,bajo,medio,385000.0,2318000.0,18.0,electrodomesticos,sin_creditos_previos,bueno
6445,42.0,F,informal,propia,bajo,medio,492000.0,1604000.0,15.0,remodelacion,al_dia,bueno
6446,40.0,M,formal_calificado,arrendada,bajo,bajo,211000.0,3560000.0,15.0,electrodomesticos,al_dia,bueno
6447,29.0,M,formal_calificado,familiar,bajo,sin_cuenta,0.0,4176000.0,21.0,educacion,mora_leve,bueno
6448,31.0,M,informal,arrendada,bajo,bajo,156000.0,1663000.0,6.0,vehiculo,sin_creditos_previos,malo
6449,27.0,M,informal,arrendada,,medio,831000.0,1754000.0,12.0,negocio,mora_leve,bueno
6450,25.0,M,formal_no_calificado,propia,bajo,sin_cuenta,0.0,,6.0,libre_inversion,al_dia,bueno
6451,28.0,F,informal,arrendada,medio,sin_cuenta,0.0,1290000.0,6.0,vehiculo,al_dia,bueno
6452,19.0,F,formal_calificado,arrendada,,bajo,112000.0,2239000.0,9.0,libre_inversion,al_dia,bueno
6453,49.0,M,informal,familiar,medio,medio,708000.0,1610000.0,18.0,electrodomesticos,al_dia,malo
6454,23.0,M,informal,propia,alto,bajo,125000.0,9271000.0,27.0,vehiculo,al_dia,bueno
6455,33.0,F,informal,propia,bajo,sin_cuenta,0.0,3901000.0,33.0,remodelacion,al_dia,malo
6456,20.0,F,informal,propia,bajo,medio,604000.0,6258000.0,33.0,educacion,al_dia,bueno
6457,40.0,M,informal,arrendada,bajo,medio,618000.0,6672000.0,21.0,vehiculo,al_dia,bueno
6458,44.0,F,formal_calificado,arrendada,bajo,bajo,219000.0,923000.0,6.0,electrodomesticos,al_dia,bueno
6459,34.0,M,formal_calificado,propia,bajo,sin_cuenta,0.0,2988000.0,9.0,educacion,al_dia,bueno
6460,33.0,F,alta_calificacion,arrendada,medio,sin_cuenta,0.0,10135000.0,27.0,negocio,al_dia,malo
6461,27.0,M,informal,arrendada,muy_alto,bajo,139000.0,3722000.0,9.0,libre_inversion,mora_severa,bueno
6462,49.0,F,informal,arrendada,muy_alto,medio,542000.0,2207000.0,33.0,electrodomesticos,al_dia,bueno
6463,22.0,M,informal,arrendada,bajo,bajo,220000.0,9833000.0,12.0,negocio,mora_severa,malo
6464,29.0,F,formal_no_calificado,arrendada,,sin_cuenta,0.0,7051000.0,24.0,libre_inversion,mora_severa,bueno
6465,26.0,F,informal,arrendada,alto,medio,955000.0,4278000.0,24.0,remodelacion,al_dia,bueno
6466,26.0,F,informal,propia,bajo,sin_cuenta,0.0,11443000.0,39.0,libre_inversion,al_dia,malo
6467,48.0,F,formal_no_calificado,arrendada,bajo,medio,1885000.0,8970000.0,18.0,educacion,al_dia,bueno
6468,32.0,M,informal,arrendada,bajo,bajo,177000.0,6430000.0,18.0,educacion,sin_creditos_previos,bueno
6469,27.0,F,formal_no_calificado,propia,bajo,bajo,194000.0,2271000.0,21.0,otros,mora_severa,bueno
6470,37.0,M,formal_no_calificado,familiar,bajo,sin_cuenta,0.0,7266000.0,33.0,remodelacion,mora_severa,malo
6471,36.0,F,formal_calificado,arrendada,bajo,sin_cuenta,0.0,,12.0,electrodomesticos,sin_creditos_previos,bueno
6472,44.0,M,informal,propia,bajo,alto,1598000.0,2014000.0,15.0,electrodomesticos,mora_leve,bueno
6473,38.0,M,formal_calificado,arrendada,bajo,medio,701000.0,4687000.0,18.0,educacion,mora_severa,bueno
6474,32.0,M,informal,propia,bajo,bajo,200000.0,2507000.0,9.0,educacion,sin_creditos_previos,bueno
6475,33.0,F,informal,arrendada,,bajo,119000.0,1824000.0,15.0,libre_inversion,al_dia,malo
6476,37.0,F,informal,propia,alto,sin_cuenta,0.0,8190000.0,24.0,libre_inversion,al_dia,bueno
6477,26.0,M,informal,propia,bajo,medio,1209000.0,2165000.0,9.0,remodelacion,al_dia,malo
6478,,F,formal_no_calificado,arrendada,bajo,sin_cuenta,0.0,4964000.0,27.0,libre_inversion,al_dia,bueno
6479,56.0,M,formal_calificado,arrendada,bajo,sin_cuenta,0.0,3040000.0,21.0,remodelacion,sin_creditos_previos,malo
6480,34.0,M,formal_calificado,propia,bajo,bajo,135000.0,9326000.0,36.0,negocio,sin_creditos_previos,bueno
6481,30.0,M,informal,propia,bajo,bajo,275000.0,17936000.0,36.0,vehiculo,mora_severa,bueno
6482,30.0,F,,propia,bajo,bajo,487000.0,9218000.0,45.0,libre_inversion,sin_creditos_previos,malo
6483,37.0,F,informal,propia,,alto,1996000.0,8733000.0,21.0,negocio,al_dia,bueno
6484,35.0,F,alta_calificacion,arrendada,bajo,medio,470000.0,3516000.0,27.0,electrodomesticos,mora_leve,bueno
6485,41.0,M,informal,propia,bajo,alto,1128000.0,,21.0,negocio,mora_leve,bueno
6486,28.0,M,informal,arrendada,bajo,bajo,282000.0,1341000.0,15.0,libre_inversion,al_dia,bueno
6487,31.0,F,informal,arrendada,muy_alto,sin_cuenta,0.0,4145000.0,18.0,libre_inversion,al_dia,bueno
6488,43.0,M,formal_calificado,propia,bajo,alto,725000.0,2141000.0,12.0,libre_inversion,al_dia,bueno
6489,44.0,F,formal_no_calificado,arrendada,bajo,sin_cuenta,0.0,3592000.0,9.0,vehiculo,al_dia,bueno
6490,44.0,F,informal,arrendada,medio,medio,411000.0,1968000.0,18.0,negocio,mora_severa,bueno
6491,41.0,M,formal_no_calificado,arrendada,bajo,sin_cuenta,0.0,15258000.0,21.0,remodelacion,mora_severa,bueno
6492,42.0,M,formal_calificado,arrendada,bajo,medio,387000.0,3002000.0,15.0,libre_inversion,al_dia,bueno
6493,35.0,F,formal_no_calificado,propia,,medio,360000.0,3603000.0,15.0,libre_inversion,al_dia,bueno
6494,23.0,F,alta_calificacion,arrendada,bajo,bajo,31000.0,11479000.0,45.0,remodelacion,al_dia,bueno
6495,23.0,F,formal_calificado,familiar,bajo,medio,508000.0,2500000.0,15.0,libre_inversion,mora_severa,bueno
6496,,F,formal_no_calificado,arrendada,medio,sin_cuenta,0.0,,9.0,libre_inversion,mora_severa,malo
6497,34.0,M,alta_calificacion,arrendada,alto,sin_cuenta,0.0,7001000.0,18.0,remodelacion,mora_severa,bueno
6498,26.0,F,formal_calificado,arrendada,bajo,sin_cuenta,0.0,3750000.0,18.0,libre_inversion,mora_severa,bueno
6499,26.0,F,informal,familiar,bajo,alto,1547000.0,3638000.0,18.0,electrodomesticos,al_dia,bueno
6500,32.0,F,formal_calificado,propia,bajo,bajo,103000.0,8581000.0,18.0,vehiculo,mora_severa,bueno
